[31m[Nest] 181104  - [39m04/09/2026, 9:59:31 pm [31m  ERROR[39m [38;5;3m[BlockchainService] [39m[31mFailed to scan ETH on BASE blocks 46379794-46384794[39m
Error: write ECONNRESET
    at WriteWrap.onWriteComplete [as oncomplete] (node:internal/stream_base_commons:87:19)
    at writevGeneric (node:internal/stream_base_commons:137:26)
    at Socket._writeGeneric (node:net:1169:11)
    at Socket._writev (node:net:1178:8)
    at doWrite (node:internal/streams/writable:594:12)
    at clearBuffer (node:internal/streams/writable:773:5)
    at Writable.uncork (node:internal/streams/writable:529:7)
    at ClientRequest._flushOutput (node:_http_outgoing:1223:10)
    at ClientRequest._flush (node:_http_outgoing:1195:10)
    at onSocketNT (node:_http_client:1168:9)
[31m[Nest] 181104  - [39m04/09/2026, 9:59:31 pm [31m  ERROR[39m [38;5;3m[BlockchainService] [39m[31mFailed to scan ETH on BASE blocks 46379794-46384794[39m
Error: write ECONNRESET
    at WriteWrap.onWriteComplete [as oncomplete] (node:internal/stream_base_commons:87:19)
    at writevGeneric (node:internal/stream_base_commons:137:26)
    at Socket._writeGeneric (node:net:1169:11)
    at Socket._writev (node:net:1178:8)
    at doWrite (node:internal/streams/writable:594:12)
    at clearBuffer (node:internal/streams/writable:773:5)
    at Writable.uncork (node:internal/streams/writable:529:7)
    at ClientRequest._flushOutput (node:_http_outgoing:1223:10)
    at ClientRequest._flush (node:_http_outgoing:1195:10)
    at onSocketNT (node:_http_client:1168:9)
[31m[Nest] 181104  - [39m04/09/2026, 9:59:31 pm [31m  ERROR[39m [38;5;3m[BlockchainService] [39m[31mFailed to scan ETH on BASE blocks 46379794-46384794[39m
Error: write ECONNRESET
    at WriteWrap.onWriteComplete [as oncomplete] (node:internal/stream_base_commons:87:19)
    at writevGeneric (node:internal/stream_base_commons:137:26)
    at Socket._writeGeneric (node:net:1169:11)
    at Socket._writev (node:net:1178:8)
    at doWrite (node:internal/streams/writable:594:12)
    at clearBuffer (node:internal/streams/writable:773:5)
    at Writable.uncork (node:internal/streams/writable:529:7)
    at ClientRequest._flushOutput (node:_http_outgoing:1223:10)
    at ClientRequest._flush (node:_http_outgoing:1195:10)
    at onSocketNT (node:_http_client:1168:9)
[31m[Nest] 181104  - [39m04/09/2026, 9:59:31 pm [31m  ERROR[39m [38;5;3m[BlockchainService] [39m[31mFailed to scan ETH on BASE blocks 46379794-46384794[39m
Error: write ECONNRESET
    at WriteWrap.onWriteComplete [as oncomplete] (node:internal/stream_base_commons:87:19)
    at writevGeneric (node:internal/stream_base_commons:137:26)
    at Socket._writeGeneric (node:net:1169:11)
    at Socket._writev (node:net:1178:8)
    at doWrite (node:internal/streams/writable:594:12)
    at clearBuffer (node:internal/streams/writable:773:5)
    at Writable.uncork (node:internal/streams/writable:529:7)
    at ClientRequest._flushOutput (node:_http_outgoing:1223:10)
    at ClientRequest._flush (node:_http_outgoing:1195:10)
    at onSocketNT (node:_http_client:1168:9)
[31m[Nest] 181104  - [39m04/09/2026, 9:59:31 pm [31m  ERROR[39m [38;5;3m[BlockchainService] [39m[31mFailed to scan ETH on BASE blocks 46379794-46384794[39m
Error: write ECONNRESET
    at WriteWrap.onWriteComplete [as oncomplete] (node:internal/stream_base_commons:87:19)
    at writevGeneric (node:internal/stream_base_commons:137:26)
    at Socket._writeGeneric (node:net:1169:11)
    at Socket._writev (node:net:1178:8)
    at doWrite (node:internal/streams/writable:594:12)
    at clearBuffer (node:internal/streams/writable:773:5)
    at Writable.uncork (node:internal/streams/writable:529:7)
    at ClientRequest._flushOutput (node:_http_outgoing:1223:10)
    at ClientRequest._flush (node:_http_outgoing:1195:10)
    at onSocketNT (node:_http_client:1168:9)
[31m[Nest] 181104  - [39m04/09/2026, 9:59:31 pm [31m  ERROR[39m [38;5;3m[BlockchainService] [39m[31mFailed to scan ETH on BASE blocks 46379794-46384794[39m
Error: write ECONNRESET
    at WriteWrap.onWriteComplete [as oncomplete] (node:internal/stream_base_commons:87:19)
    at writevGeneric (node:internal/stream_base_commons:137:26)
    at Socket._writeGeneric (node:net:1169:11)
    at Socket._writev (node:net:1178:8)
    at doWrite (node:internal/streams/writable:594:12)
    at clearBuffer (node:internal/streams/writable:773:5)
    at Writable.uncork (node:internal/streams/writable:529:7)
    at ClientRequest._flushOutput (node:_http_outgoing:1223:10)
    at ClientRequest._flush (node:_http_outgoing:1195:10)
    at onSocketNT (node:_http_client:1168:9)
[31m[Nest] 181104  - [39m04/09/2026, 9:59:31 pm [31m  ERROR[39m [38;5;3m[BlockchainService] [39m[31mFailed to scan ETH on BASE blocks 46379794-46384794[39m
Error: write ECONNRESET
    at WriteWrap.onWriteComplete [as oncomplete] (node:internal/stream_base_commons:87:19)
    at writevGeneric (node:internal/stream_base_commons:137:26)
    at Socket._writeGeneric (node:net:1169:11)
    at Socket._writev (node:net:1178:8)
    at doWrite (node:internal/streams/writable:594:12)
    at clearBuffer (node:internal/streams/writable:773:5)
    at Writable.uncork (node:internal/streams/writable:529:7)
    at ClientRequest._flushOutput (node:_http_outgoing:1223:10)
    at ClientRequest._flush (node:_http_outgoing:1195:10)
    at onSocketNT (node:_http_client:1168:9)
[31m[Nest] 181104  - [39m04/09/2026, 9:59:31 pm [31m  ERROR[39m [38;5;3m[BlockchainService] [39m[31mFailed to scan ETH on BASE blocks 46379809-46384809[39m
Error: write ECONNRESET
    at WriteWrap.onWriteComplete [as oncomplete] (node:internal/stream_base_commons:87:19)
    at writevGeneric (node:internal/stream_base_commons:137:26)
    at Socket._writeGeneric (node:net:1169:11)
    at Socket._writev (node:net:1178:8)
    at doWrite (node:internal/streams/writable:594:12)
    at clearBuffer (node:internal/streams/writable:773:5)
    at Writable.uncork (node:internal/streams/writable:529:7)
    at ClientRequest._flushOutput (node:_http_outgoing:1223:10)
    at ClientRequest._flush (node:_http_outgoing:1195:10)
    at onSocketNT (node:_http_client:1168:9)
[31m[Nest] 181104  - [39m04/09/2026, 9:59:31 pm [31m  ERROR[39m [38;5;3m[BlockchainService] [39m[31mFailed to scan ETH on BASE blocks 46379809-46384809[39m
Error: write ECONNRESET
    at WriteWrap.onWriteComplete [as oncomplete] (node:internal/stream_base_commons:87:19)
    at writevGeneric (node:internal/stream_base_commons:137:26)
    at Socket._writeGeneric (node:net:1169:11)
    at Socket._writev (node:net:1178:8)
    at doWrite (node:internal/streams/writable:594:12)
    at clearBuffer (node:internal/streams/writable:773:5)
    at Writable.uncork (node:internal/streams/writable:529:7)
    at ClientRequest._flushOutput (node:_http_outgoing:1223:10)
    at ClientRequest._flush (node:_http_outgoing:1195:10)
    at onSocketNT (node:_http_client:1168:9)
[31m[Nest] 181104  - [39m04/09/2026, 9:59:31 pm [31m  ERROR[39m [38;5;3m[BlockchainService] [39m[31mFailed to scan ETH on BASE blocks 46379809-46384809[39m
Error: write ECONNRESET
    at WriteWrap.onWriteComplete [as oncomplete] (node:internal/stream_base_commons:87:19)
    at writevGeneric (node:internal/stream_base_commons:137:26)
    at Socket._writeGeneric (node:net:1169:11)
    at Socket._writev (node:net:1178:8)
    at doWrite (node:internal/streams/writable:594:12)
    at clearBuffer (node:internal/streams/writable:773:5)
    at Writable.uncork (node:internal/streams/writable:529:7)
    at ClientRequest._flushOutput (node:_http_outgoing:1223:10)
    at ClientRequest._flush (node:_http_outgoing:1195:10)
    at onSocketNT (node:_http_client:1168:9)
[31m[Nest] 181104  - [39m04/09/2026, 9:59:31 pm [31m  ERROR[39m [38;5;3m[BlockchainService] [39m[31mFailed to scan ETH on BASE blocks 46379809-46384809[39m
Error: write ECONNRESET
    at WriteWrap.onWriteComplete [as oncomplete] (node:internal/stream_base_commons:87:19)
    at writevGeneric (node:internal/stream_base_commons:137:26)
    at Socket._writeGeneric (node:net:1169:11)
    at Socket._writev (node:net:1178:8)
    at doWrite (node:internal/streams/writable:594:12)
    at clearBuffer (node:internal/streams/writable:773:5)
    at Writable.uncork (node:internal/streams/writable:529:7)
    at ClientRequest._flushOutput (node:_http_outgoing:1223:10)
    at ClientRequest._flush (node:_http_outgoing:1195:10)
    at onSocketNT (node:_http_client:1168:9)
[31m[Nest] 181104  - [39m04/09/2026, 9:59:31 pm [31m  ERROR[39m [38;5;3m[BlockchainService] [39m[31mFailed to scan ETH on BASE blocks 46379809-46384809[39m
Error: write ECONNRESET
    at WriteWrap.onWriteComplete [as oncomplete] (node:internal/stream_base_commons:87:19)
    at writevGeneric (node:internal/stream_base_commons:137:26)
    at Socket._writeGeneric (node:net:1169:11)
    at Socket._writev (node:net:1178:8)
    at doWrite (node:internal/streams/writable:594:12)
    at clearBuffer (node:internal/streams/writable:773:5)
    at Writable.uncork (node:internal/streams/writable:529:7)
    at ClientRequest._flushOutput (node:_http_outgoing:1223:10)
    at ClientRequest._flush (node:_http_outgoing:1195:10)
    at onSocketNT (node:_http_client:1168:9)
[31m[Nest] 181104  - [39m04/09/2026, 9:59:31 pm [31m  ERROR[39m [38;5;3m[BlockchainService] [39m[31mFailed to scan ETH on BASE blocks 46379809-46384809[39m
Error: write ECONNRESET
    at WriteWrap.onWriteComplete [as oncomplete] (node:internal/stream_base_commons:87:19)
    at writevGeneric (node:internal/stream_base_commons:137:26)
    at Socket._writeGeneric (node:net:1169:11)
    at Socket._writev (node:net:1178:8)
    at doWrite (node:internal/streams/writable:594:12)
    at clearBuffer (node:internal/streams/writable:773:5)
    at Writable.uncork (node:internal/streams/writable:529:7)
    at ClientRequest._flushOutput (node:_http_outgoing:1223:10)
    at ClientRequest._flush (node:_http_outgoing:1195:10)
    at onSocketNT (node:_http_client:1168:9)
[31m[Nest] 181104  - [39m04/09/2026, 9:59:31 pm [31m  ERROR[39m [38;5;3m[BlockchainService] [39m[31mFailed to scan ETH on BASE blocks 46379809-46384809[39m
Error: write ECONNRESET
    at WriteWrap.onWriteComplete [as oncomplete] (node:internal/stream_base_commons:87:19)
    at writevGeneric (node:internal/stream_base_commons:137:26)
    at Socket._writeGeneric (node:net:1169:11)
    at Socket._writev (node:net:1178:8)
    at doWrite (node:internal/streams/writable:594:12)
    at clearBuffer (node:internal/streams/writable:773:5)
    at Writable.uncork (node:internal/streams/writable:529:7)
    at ClientRequest._flushOutput (node:_http_outgoing:1223:10)
    at ClientRequest._flush (node:_http_outgoing:1195:10)
    at onSocketNT (node:_http_client:1168:9)
[31m[Nest] 181104  - [39m04/09/2026, 9:59:31 pm [31m  ERROR[39m [38;5;3m[BlockchainService] [39m[31mFailed to scan ETH on BASE blocks 46379824-46384824[39m
Error: write ECONNRESET
    at WriteWrap.onWriteComplete [as oncomplete] (node:internal/stream_base_commons:87:19)
    at writevGeneric (node:internal/stream_base_commons:137:26)
    at Socket._writeGeneric (node:net:1169:11)
    at Socket._writev (node:net:1178:8)
    at doWrite (node:internal/streams/writable:594:12)
    at clearBuffer (node:internal/streams/writable:773:5)
    at Writable.uncork (node:internal/streams/writable:529:7)
    at ClientRequest._flushOutput (node:_http_outgoing:1223:10)
    at ClientRequest._flush (node:_http_outgoing:1195:10)
    at onSocketNT (node:_http_client:1168:9)
[31m[Nest] 181104  - [39m04/09/2026, 9:59:31 pm [31m  ERROR[39m [38;5;3m[BlockchainService] [39m[31mFailed to scan ETH on BASE blocks 46379824-46384824[39m
Error: write ECONNRESET
    at WriteWrap.onWriteComplete [as oncomplete] (node:internal/stream_base_commons:87:19)
    at writevGeneric (node:internal/stream_base_commons:137:26)
    at Socket._writeGeneric (node:net:1169:11)
    at Socket._writev (node:net:1178:8)
    at doWrite (node:internal/streams/writable:594:12)
    at clearBuffer (node:internal/streams/writable:773:5)
    at Writable.uncork (node:internal/streams/writable:529:7)
    at ClientRequest._flushOutput (node:_http_outgoing:1223:10)
    at ClientRequest._flush (node:_http_outgoing:1195:10)
    at onSocketNT (node:_http_client:1168:9)
[31m[Nest] 181104  - [39m04/09/2026, 9:59:31 pm [31m  ERROR[39m [38;5;3m[BlockchainService] [39m[31mFailed to scan ETH on BASE blocks 46379824-46384824[39m
Error: write ECONNRESET
    at WriteWrap.onWriteComplete [as oncomplete] (node:internal/stream_base_commons:87:19)
    at writevGeneric (node:internal/stream_base_commons:137:26)
    at Socket._writeGeneric (node:net:1169:11)
    at Socket._writev (node:net:1178:8)
    at doWrite (node:internal/streams/writable:594:12)
    at clearBuffer (node:internal/streams/writable:773:5)
    at Writable.uncork (node:internal/streams/writable:529:7)
    at ClientRequest._flushOutput (node:_http_outgoing:1223:10)
    at ClientRequest._flush (node:_http_outgoing:1195:10)
    at onSocketNT (node:_http_client:1168:9)
[31m[Nest] 181104  - [39m04/09/2026, 9:59:31 pm [31m  ERROR[39m [38;5;3m[BlockchainService] [39m[31mFailed to scan ETH on BASE blocks 46379824-46384824[39m
Error: write ECONNRESET
    at WriteWrap.onWriteComplete [as oncomplete] (node:internal/stream_base_commons:87:19)
    at writevGeneric (node:internal/stream_base_commons:137:26)
    at Socket._writeGeneric (node:net:1169:11)
    at Socket._writev (node:net:1178:8)
    at doWrite (node:internal/streams/writable:594:12)
    at clearBuffer (node:internal/streams/writable:773:5)
    at Writable.uncork (node:internal/streams/writable:529:7)
    at ClientRequest._flushOutput (node:_http_outgoing:1223:10)
    at ClientRequest._flush (node:_http_outgoing:1195:10)
    at onSocketNT (node:_http_client:1168:9)
[31m[Nest] 181104  - [39m04/09/2026, 9:59:31 pm [31m  ERROR[39m [38;5;3m[BlockchainService] [39m[31mFailed to scan ETH on BASE blocks 46379824-46384824[39m
Error: write ECONNRESET
    at WriteWrap.onWriteComplete [as oncomplete] (node:internal/stream_base_commons:87:19)
    at writevGeneric (node:internal/stream_base_commons:137:26)
    at Socket._writeGeneric (node:net:1169:11)
    at Socket._writev (node:net:1178:8)
    at doWrite (node:internal/streams/writable:594:12)
    at clearBuffer (node:internal/streams/writable:773:5)
    at Writable.uncork (node:internal/streams/writable:529:7)
    at ClientRequest._flushOutput (node:_http_outgoing:1223:10)
    at ClientRequest._flush (node:_http_outgoing:1195:10)
    at onSocketNT (node:_http_client:1168:9)
[31m[Nest] 181104  - [39m04/09/2026, 9:59:31 pm [31m  ERROR[39m [38;5;3m[BlockchainService] [39m[31mFailed to scan ETH on BASE blocks 46379824-46384824[39m
Error: write ECONNRESET
    at WriteWrap.onWriteComplete [as oncomplete] (node:internal/stream_base_commons:87:19)
    at writevGeneric (node:internal/stream_base_commons:137:26)
    at Socket._writeGeneric (node:net:1169:11)
    at Socket._writev (node:net:1178:8)
    at doWrite (node:internal/streams/writable:594:12)
    at clearBuffer (node:internal/streams/writable:773:5)
    at Writable.uncork (node:internal/streams/writable:529:7)
    at ClientRequest._flushOutput (node:_http_outgoing:1223:10)
    at ClientRequest._flush (node:_http_outgoing:1195:10)
    at onSocketNT (node:_http_client:1168:9)
[31m[Nest] 181104  - [39m04/09/2026, 9:59:31 pm [31m  ERROR[39m [38;5;3m[BlockchainService] [39m[31mFailed to scan ETH on BASE blocks 46379824-46384824[39m
Error: write ECONNRESET
    at WriteWrap.onWriteComplete [as oncomplete] (node:internal/stream_base_commons:87:19)
    at writevGeneric (node:internal/stream_base_commons:137:26)
    at Socket._writeGeneric (node:net:1169:11)
    at Socket._writev (node:net:1178:8)
    at doWrite (node:internal/streams/writable:594:12)
    at clearBuffer (node:internal/streams/writable:773:5)
    at Writable.uncork (node:internal/streams/writable:529:7)
    at ClientRequest._flushOutput (node:_http_outgoing:1223:10)
    at ClientRequest._flush (node:_http_outgoing:1195:10)
    at onSocketNT (node:_http_client:1168:9)
[31m[Nest] 181104  - [39m04/09/2026, 9:59:31 pm [31m  ERROR[39m [38;5;3m[BlockchainService] [39m[31mFailed to scan ETH on BASE blocks 46379839-46384839[39m
Error: write ECONNRESET
    at WriteWrap.onWriteComplete [as oncomplete] (node:internal/stream_base_commons:87:19)
    at writevGeneric (node:internal/stream_base_commons:137:26)
    at Socket._writeGeneric (node:net:1169:11)
    at Socket._writev (node:net:1178:8)
    at doWrite (node:internal/streams/writable:594:12)
    at clearBuffer (node:internal/streams/writable:773:5)
    at Writable.uncork (node:internal/streams/writable:529:7)
    at ClientRequest._flushOutput (node:_http_outgoing:1223:10)
    at ClientRequest._flush (node:_http_outgoing:1195:10)
    at onSocketNT (node:_http_client:1168:9)
[31m[Nest] 181104  - [39m04/09/2026, 9:59:31 pm [31m  ERROR[39m [38;5;3m[BlockchainService] [39m[31mFailed to scan ETH on BASE blocks 46379839-46384839[39m
Error: write ECONNRESET
    at WriteWrap.onWriteComplete [as oncomplete] (node:internal/stream_base_commons:87:19)
    at writevGeneric (node:internal/stream_base_commons:137:26)
    at Socket._writeGeneric (node:net:1169:11)
    at Socket._writev (node:net:1178:8)
    at doWrite (node:internal/streams/writable:594:12)
    at clearBuffer (node:internal/streams/writable:773:5)
    at Writable.uncork (node:internal/streams/writable:529:7)
    at ClientRequest._flushOutput (node:_http_outgoing:1223:10)
    at ClientRequest._flush (node:_http_outgoing:1195:10)
    at onSocketNT (node:_http_client:1168:9)
[31m[Nest] 181104  - [39m04/09/2026, 9:59:31 pm [31m  ERROR[39m [38;5;3m[BlockchainService] [39m[31mFailed to scan ETH on BASE blocks 46379839-46384839[39m
Error: write ECONNRESET
    at WriteWrap.onWriteComplete [as oncomplete] (node:internal/stream_base_commons:87:19)
    at writevGeneric (node:internal/stream_base_commons:137:26)
    at Socket._writeGeneric (node:net:1169:11)
    at Socket._writev (node:net:1178:8)
    at doWrite (node:internal/streams/writable:594:12)
    at clearBuffer (node:internal/streams/writable:773:5)
    at Writable.uncork (node:internal/streams/writable:529:7)
    at ClientRequest._flushOutput (node:_http_outgoing:1223:10)
    at ClientRequest._flush (node:_http_outgoing:1195:10)
    at onSocketNT (node:_http_client:1168:9)
[31m[Nest] 181104  - [39m04/09/2026, 9:59:31 pm [31m  ERROR[39m [38;5;3m[BlockchainService] [39m[31mFailed to scan ETH on BASE blocks 46379839-46384839[39m
Error: write ECONNRESET
    at WriteWrap.onWriteComplete [as oncomplete] (node:internal/stream_base_commons:87:19)
    at writevGeneric (node:internal/stream_base_commons:137:26)
    at Socket._writeGeneric (node:net:1169:11)
    at Socket._writev (node:net:1178:8)
    at doWrite (node:internal/streams/writable:594:12)
    at clearBuffer (node:internal/streams/writable:773:5)
    at Writable.uncork (node:internal/streams/writable:529:7)
    at ClientRequest._flushOutput (node:_http_outgoing:1223:10)
    at ClientRequest._flush (node:_http_outgoing:1195:10)
    at onSocketNT (node:_http_client:1168:9)
[31m[Nest] 181104  - [39m04/09/2026, 9:59:31 pm [31m  ERROR[39m [38;5;3m[BlockchainService] [39m[31mFailed to scan ETH on BASE blocks 46379839-46384839[39m
Error: write ECONNRESET
    at WriteWrap.onWriteComplete [as oncomplete] (node:internal/stream_base_commons:87:19)
    at writevGeneric (node:internal/stream_base_commons:137:26)
    at Socket._writeGeneric (node:net:1169:11)
    at Socket._writev (node:net:1178:8)
    at doWrite (node:internal/streams/writable:594:12)
    at clearBuffer (node:internal/streams/writable:773:5)
    at Writable.uncork (node:internal/streams/writable:529:7)
    at ClientRequest._flushOutput (node:_http_outgoing:1223:10)
    at ClientRequest._flush (node:_http_outgoing:1195:10)
    at onSocketNT (node:_http_client:1168:9)
[31m[Nest] 181104  - [39m04/09/2026, 9:59:31 pm [31m  ERROR[39m [38;5;3m[BlockchainService] [39m[31mFailed to scan ETH on BASE blocks 46379839-46384839[39m
Error: write ECONNRESET
    at WriteWrap.onWriteComplete [as oncomplete] (node:internal/stream_base_commons:87:19)
    at writevGeneric (node:internal/stream_base_commons:137:26)
    at Socket._writeGeneric (node:net:1169:11)
    at Socket._writev (node:net:1178:8)
    at doWrite (node:internal/streams/writable:594:12)
    at clearBuffer (node:internal/streams/writable:773:5)
    at Writable.uncork (node:internal/streams/writable:529:7)
    at ClientRequest._flushOutput (node:_http_outgoing:1223:10)
    at ClientRequest._flush (node:_http_outgoing:1195:10)
    at onSocketNT (node:_http_client:1168:9)
[31m[Nest] 181104  - [39m04/09/2026, 9:59:31 pm [31m  ERROR[39m [38;5;3m[BlockchainService] [39m[31mFailed to scan ETH on BASE blocks 46379839-46384839[39m
Error: write ECONNRESET
    at WriteWrap.onWriteComplete [as oncomplete] (node:internal/stream_base_commons:87:19)
    at writevGeneric (node:internal/stream_base_commons:137:26)
    at Socket._writeGeneric (node:net:1169:11)
    at Socket._writev (node:net:1178:8)
    at doWrite (node:internal/streams/writable:594:12)
    at clearBuffer (node:internal/streams/writable:773:5)
    at Writable.uncork (node:internal/streams/writable:529:7)
    at ClientRequest._flushOutput (node:_http_outgoing:1223:10)
    at ClientRequest._flush (node:_http_outgoing:1195:10)
    at onSocketNT (node:_http_client:1168:9)
[31m[Nest] 181104  - [39m04/09/2026, 9:59:31 pm [31m  ERROR[39m [38;5;3m[BlockchainService] [39m[31mFailed to scan ETH on BASE blocks 46379854-46384854[39m
Error: write ECONNRESET
    at WriteWrap.onWriteComplete [as oncomplete] (node:internal/stream_base_commons:87:19)
    at writevGeneric (node:internal/stream_base_commons:137:26)
    at Socket._writeGeneric (node:net:1169:11)
    at Socket._writev (node:net:1178:8)
    at doWrite (node:internal/streams/writable:594:12)
    at clearBuffer (node:internal/streams/writable:773:5)
    at Writable.uncork (node:internal/streams/writable:529:7)
    at ClientRequest._flushOutput (node:_http_outgoing:1223:10)
    at ClientRequest._flush (node:_http_outgoing:1195:10)
    at onSocketNT (node:_http_client:1168:9)
[31m[Nest] 181104  - [39m04/09/2026, 9:59:31 pm [31m  ERROR[39m [38;5;3m[BlockchainService] [39m[31mFailed to scan ETH on BASE blocks 46379854-46384854[39m
Error: write ECONNRESET
    at WriteWrap.onWriteComplete [as oncomplete] (node:internal/stream_base_commons:87:19)
    at writevGeneric (node:internal/stream_base_commons:137:26)
    at Socket._writeGeneric (node:net:1169:11)
    at Socket._writev (node:net:1178:8)
    at doWrite (node:internal/streams/writable:594:12)
    at clearBuffer (node:internal/streams/writable:773:5)
    at Writable.uncork (node:internal/streams/writable:529:7)
    at ClientRequest._flushOutput (node:_http_outgoing:1223:10)
    at ClientRequest._flush (node:_http_outgoing:1195:10)
    at onSocketNT (node:_http_client:1168:9)
[31m[Nest] 181104  - [39m04/09/2026, 9:59:31 pm [31m  ERROR[39m [38;5;3m[BlockchainService] [39m[31mFailed to scan ETH on BASE blocks 46379854-46384854[39m
Error: write ECONNRESET
    at WriteWrap.onWriteComplete [as oncomplete] (node:internal/stream_base_commons:87:19)
    at writevGeneric (node:internal/stream_base_commons:137:26)
    at Socket._writeGeneric (node:net:1169:11)
    at Socket._writev (node:net:1178:8)
    at doWrite (node:internal/streams/writable:594:12)
    at clearBuffer (node:internal/streams/writable:773:5)
    at Writable.uncork (node:internal/streams/writable:529:7)
    at ClientRequest._flushOutput (node:_http_outgoing:1223:10)
    at ClientRequest._flush (node:_http_outgoing:1195:10)
    at onSocketNT (node:_http_client:1168:9)
[31m[Nest] 181104  - [39m04/09/2026, 9:59:31 pm [31m  ERROR[39m [38;5;3m[BlockchainService] [39m[31mFailed to scan ETH on BASE blocks 46379854-46384854[39m
Error: write ECONNRESET
    at WriteWrap.onWriteComplete [as oncomplete] (node:internal/stream_base_commons:87:19)
    at writevGeneric (node:internal/stream_base_commons:137:26)
    at Socket._writeGeneric (node:net:1169:11)
    at Socket._writev (node:net:1178:8)
    at doWrite (node:internal/streams/writable:594:12)
    at clearBuffer (node:internal/streams/writable:773:5)
    at Writable.uncork (node:internal/streams/writable:529:7)
    at ClientRequest._flushOutput (node:_http_outgoing:1223:10)
    at ClientRequest._flush (node:_http_outgoing:1195:10)
    at onSocketNT (node:_http_client:1168:9)
[31m[Nest] 181104  - [39m04/09/2026, 9:59:31 pm [31m  ERROR[39m [38;5;3m[BlockchainService] [39m[31mFailed to scan ETH on BASE blocks 46379854-46384854[39m
Error: write ECONNRESET
    at WriteWrap.onWriteComplete [as oncomplete] (node:internal/stream_base_commons:87:19)
    at writevGeneric (node:internal/stream_base_commons:137:26)
    at Socket._writeGeneric (node:net:1169:11)
    at Socket._writev (node:net:1178:8)
    at doWrite (node:internal/streams/writable:594:12)
    at clearBuffer (node:internal/streams/writable:773:5)
    at Writable.uncork (node:internal/streams/writable:529:7)
    at ClientRequest._flushOutput (node:_http_outgoing:1223:10)
    at ClientRequest._flush (node:_http_outgoing:1195:10)
    at onSocketNT (node:_http_client:1168:9)
[31m[Nest] 181104  - [39m04/09/2026, 9:59:31 pm [31m  ERROR[39m [38;5;3m[BlockchainService] [39m[31mFailed to scan ETH on BASE blocks 46379854-46384854[39m
Error: write ECONNRESET
    at WriteWrap.onWriteComplete [as oncomplete] (node:internal/stream_base_commons:87:19)
    at writevGeneric (node:internal/stream_base_commons:137:26)
    at Socket._writeGeneric (node:net:1169:11)
    at Socket._writev (node:net:1178:8)
    at doWrite (node:internal/streams/writable:594:12)
    at clearBuffer (node:internal/streams/writable:773:5)
    at Writable.uncork (node:internal/streams/writable:529:7)
    at ClientRequest._flushOutput (node:_http_outgoing:1223:10)
    at ClientRequest._flush (node:_http_outgoing:1195:10)
    at onSocketNT (node:_http_client:1168:9)
[31m[Nest] 181104  - [39m04/09/2026, 9:59:31 pm [31m  ERROR[39m [38;5;3m[BlockchainService] [39m[31mFailed to scan ETH on BASE blocks 46379854-46384854[39m
Error: write ECONNRESET
    at WriteWrap.onWriteComplete [as oncomplete] (node:internal/stream_base_commons:87:19)
    at writevGeneric (node:internal/stream_base_commons:137:26)
    at Socket._writeGeneric (node:net:1169:11)
    at Socket._writev (node:net:1178:8)
    at doWrite (node:internal/streams/writable:594:12)
    at clearBuffer (node:internal/streams/writable:773:5)
    at Writable.uncork (node:internal/streams/writable:529:7)
    at ClientRequest._flushOutput (node:_http_outgoing:1223:10)
    at ClientRequest._flush (node:_http_outgoing:1195:10)
    at onSocketNT (node:_http_client:1168:9)
[31m[Nest] 181104  - [39m04/09/2026, 9:59:31 pm [31m  ERROR[39m [38;5;3m[BlockchainService] [39m[31mFailed to scan ETH on BASE blocks 46379869-46384869[39m
Error: write ECONNRESET
    at WriteWrap.onWriteComplete [as oncomplete] (node:internal/stream_base_commons:87:19)
    at writevGeneric (node:internal/stream_base_commons:137:26)
    at Socket._writeGeneric (node:net:1169:11)
    at Socket._writev (node:net:1178:8)
    at doWrite (node:internal/streams/writable:594:12)
    at clearBuffer (node:internal/streams/writable:773:5)
    at Writable.uncork (node:internal/streams/writable:529:7)
    at ClientRequest._flushOutput (node:_http_outgoing:1223:10)
    at ClientRequest._flush (node:_http_outgoing:1195:10)
    at onSocketNT (node:_http_client:1168:9)
[31m[Nest] 181104  - [39m04/09/2026, 9:59:31 pm [31m  ERROR[39m [38;5;3m[BlockchainService] [39m[31mFailed to scan ETH on BASE blocks 46379869-46384869[39m
Error: write ECONNRESET
    at WriteWrap.onWriteComplete [as oncomplete] (node:internal/stream_base_commons:87:19)
    at writevGeneric (node:internal/stream_base_commons:137:26)
    at Socket._writeGeneric (node:net:1169:11)
    at Socket._writev (node:net:1178:8)
    at doWrite (node:internal/streams/writable:594:12)
    at clearBuffer (node:internal/streams/writable:773:5)
    at Writable.uncork (node:internal/streams/writable:529:7)
    at ClientRequest._flushOutput (node:_http_outgoing:1223:10)
    at ClientRequest._flush (node:_http_outgoing:1195:10)
    at onSocketNT (node:_http_client:1168:9)
[31m[Nest] 181104  - [39m04/09/2026, 9:59:31 pm [31m  ERROR[39m [38;5;3m[BlockchainService] [39m[31mFailed to scan ETH on BASE blocks 46379869-46384869[39m
Error: write ECONNRESET
    at WriteWrap.onWriteComplete [as oncomplete] (node:internal/stream_base_commons:87:19)
    at writevGeneric (node:internal/stream_base_commons:137:26)
    at Socket._writeGeneric (node:net:1169:11)
    at Socket._writev (node:net:1178:8)
    at doWrite (node:internal/streams/writable:594:12)
    at clearBuffer (node:internal/streams/writable:773:5)
    at Writable.uncork (node:internal/streams/writable:529:7)
    at ClientRequest._flushOutput (node:_http_outgoing:1223:10)
    at ClientRequest._flush (node:_http_outgoing:1195:10)
    at onSocketNT (node:_http_client:1168:9)
[31m[Nest] 181104  - [39m04/09/2026, 9:59:31 pm [31m  ERROR[39m [38;5;3m[BlockchainService] [39m[31mFailed to scan ETH on BASE blocks 46379869-46384869[39m
Error: write ECONNRESET
    at WriteWrap.onWriteComplete [as oncomplete] (node:internal/stream_base_commons:87:19)
    at writevGeneric (node:internal/stream_base_commons:137:26)
    at Socket._writeGeneric (node:net:1169:11)
    at Socket._writev (node:net:1178:8)
    at doWrite (node:internal/streams/writable:594:12)
    at clearBuffer (node:internal/streams/writable:773:5)
    at Writable.uncork (node:internal/streams/writable:529:7)
    at ClientRequest._flushOutput (node:_http_outgoing:1223:10)
    at ClientRequest._flush (node:_http_outgoing:1195:10)
    at onSocketNT (node:_http_client:1168:9)
[31m[Nest] 181104  - [39m04/09/2026, 9:59:31 pm [31m  ERROR[39m [38;5;3m[BlockchainService] [39m[31mFailed to scan ETH on BASE blocks 46379869-46384869[39m
Error: write ECONNRESET
    at WriteWrap.onWriteComplete [as oncomplete] (node:internal/stream_base_commons:87:19)
    at writevGeneric (node:internal/stream_base_commons:137:26)
    at Socket._writeGeneric (node:net:1169:11)
    at Socket._writev (node:net:1178:8)
    at doWrite (node:internal/streams/writable:594:12)
    at clearBuffer (node:internal/streams/writable:773:5)
    at Writable.uncork (node:internal/streams/writable:529:7)
    at ClientRequest._flushOutput (node:_http_outgoing:1223:10)
    at ClientRequest._flush (node:_http_outgoing:1195:10)
    at onSocketNT (node:_http_client:1168:9)
[31m[Nest] 181104  - [39m04/09/2026, 9:59:31 pm [31m  ERROR[39m [38;5;3m[BlockchainService] [39m[31mFailed to scan ETH on BASE blocks 46379869-46384869[39m
Error: write ECONNRESET
    at WriteWrap.onWriteComplete [as oncomplete] (node:internal/stream_base_commons:87:19)
    at writevGeneric (node:internal/stream_base_commons:137:26)
    at Socket._writeGeneric (node:net:1169:11)
    at Socket._writev (node:net:1178:8)
    at doWrite (node:internal/streams/writable:594:12)
    at clearBuffer (node:internal/streams/writable:773:5)
    at Writable.uncork (node:internal/streams/writable:529:7)
    at ClientRequest._flushOutput (node:_http_outgoing:1223:10)
    at ClientRequest._flush (node:_http_outgoing:1195:10)
    at onSocketNT (node:_http_client:1168:9)
[31m[Nest] 181104  - [39m04/09/2026, 9:59:31 pm [31m  ERROR[39m [38;5;3m[BlockchainService] [39m[31mFailed to scan ETH on BASE blocks 46379869-46384869[39m
Error: write ECONNRESET
    at WriteWrap.onWriteComplete [as oncomplete] (node:internal/stream_base_commons:87:19)
    at writevGeneric (node:internal/stream_base_commons:137:26)
    at Socket._writeGeneric (node:net:1169:11)
    at Socket._writev (node:net:1178:8)
    at doWrite (node:internal/streams/writable:594:12)
    at clearBuffer (node:internal/streams/writable:773:5)
    at Writable.uncork (node:internal/streams/writable:529:7)
    at ClientRequest._flushOutput (node:_http_outgoing:1223:10)
    at ClientRequest._flush (node:_http_outgoing:1195:10)
    at onSocketNT (node:_http_client:1168:9)
[31m[Nest] 181104  - [39m04/09/2026, 9:59:31 pm [31m  ERROR[39m [38;5;3m[BlockchainService] [39m[31mFailed to scan ETH on BASE blocks 46379884-46384884[39m
Error: write ECONNRESET
    at WriteWrap.onWriteComplete [as oncomplete] (node:internal/stream_base_commons:87:19)
    at writevGeneric (node:internal/stream_base_commons:137:26)
    at Socket._writeGeneric (node:net:1169:11)
    at Socket._writev (node:net:1178:8)
    at doWrite (node:internal/streams/writable:594:12)
    at clearBuffer (node:internal/streams/writable:773:5)
    at Writable.uncork (node:internal/streams/writable:529:7)
    at ClientRequest._flushOutput (node:_http_outgoing:1223:10)
    at ClientRequest._flush (node:_http_outgoing:1195:10)
    at onSocketNT (node:_http_client:1168:9)
[31m[Nest] 181104  - [39m04/09/2026, 9:59:31 pm [31m  ERROR[39m [38;5;3m[BlockchainService] [39m[31mFailed to scan ETH on BASE blocks 46379884-46384884[39m
Error: write ECONNRESET
    at WriteWrap.onWriteComplete [as oncomplete] (node:internal/stream_base_commons:87:19)
    at writevGeneric (node:internal/stream_base_commons:137:26)
    at Socket._writeGeneric (node:net:1169:11)
    at Socket._writev (node:net:1178:8)
    at doWrite (node:internal/streams/writable:594:12)
    at clearBuffer (node:internal/streams/writable:773:5)
    at Writable.uncork (node:internal/streams/writable:529:7)
    at ClientRequest._flushOutput (node:_http_outgoing:1223:10)
    at ClientRequest._flush (node:_http_outgoing:1195:10)
    at onSocketNT (node:_http_client:1168:9)
[31m[Nest] 181104  - [39m04/09/2026, 9:59:31 pm [31m  ERROR[39m [38;5;3m[BlockchainService] [39m[31mFailed to scan ETH on BASE blocks 46379884-46384884[39m
Error: write ECONNRESET
    at WriteWrap.onWriteComplete [as oncomplete] (node:internal/stream_base_commons:87:19)
    at writevGeneric (node:internal/stream_base_commons:137:26)
    at Socket._writeGeneric (node:net:1169:11)
    at Socket._writev (node:net:1178:8)
    at doWrite (node:internal/streams/writable:594:12)
    at clearBuffer (node:internal/streams/writable:773:5)
    at Writable.uncork (node:internal/streams/writable:529:7)
    at ClientRequest._flushOutput (node:_http_outgoing:1223:10)
    at ClientRequest._flush (node:_http_outgoing:1195:10)
    at onSocketNT (node:_http_client:1168:9)
[31m[Nest] 181104  - [39m04/09/2026, 9:59:31 pm [31m  ERROR[39m [38;5;3m[BlockchainService] [39m[31mFailed to scan ETH on BASE blocks 46379884-46384884[39m
Error: write ECONNRESET
    at WriteWrap.onWriteComplete [as oncomplete] (node:internal/stream_base_commons:87:19)
    at writevGeneric (node:internal/stream_base_commons:137:26)
    at Socket._writeGeneric (node:net:1169:11)
    at Socket._writev (node:net:1178:8)
    at doWrite (node:internal/streams/writable:594:12)
    at clearBuffer (node:internal/streams/writable:773:5)
    at Writable.uncork (node:internal/streams/writable:529:7)
    at ClientRequest._flushOutput (node:_http_outgoing:1223:10)
    at ClientRequest._flush (node:_http_outgoing:1195:10)
    at onSocketNT (node:_http_client:1168:9)
[31m[Nest] 181104  - [39m04/09/2026, 9:59:31 pm [31m  ERROR[39m [38;5;3m[BlockchainService] [39m[31mFailed to scan ETH on BASE blocks 46379884-46384884[39m
Error: write ECONNRESET
    at WriteWrap.onWriteComplete [as oncomplete] (node:internal/stream_base_commons:87:19)
    at writevGeneric (node:internal/stream_base_commons:137:26)
    at Socket._writeGeneric (node:net:1169:11)
    at Socket._writev (node:net:1178:8)
    at doWrite (node:internal/streams/writable:594:12)
    at clearBuffer (node:internal/streams/writable:773:5)
    at Writable.uncork (node:internal/streams/writable:529:7)
    at ClientRequest._flushOutput (node:_http_outgoing:1223:10)
    at ClientRequest._flush (node:_http_outgoing:1195:10)
    at onSocketNT (node:_http_client:1168:9)
[31m[Nest] 181104  - [39m04/09/2026, 9:59:31 pm [31m  ERROR[39m [38;5;3m[BlockchainService] [39m[31mFailed to scan ETH on BASE blocks 46379884-46384884[39m
Error: write ECONNRESET
    at WriteWrap.onWriteComplete [as oncomplete] (node:internal/stream_base_commons:87:19)
    at writevGeneric (node:internal/stream_base_commons:137:26)
    at Socket._writeGeneric (node:net:1169:11)
    at Socket._writev (node:net:1178:8)
    at doWrite (node:internal/streams/writable:594:12)
    at clearBuffer (node:internal/streams/writable:773:5)
    at Writable.uncork (node:internal/streams/writable:529:7)
    at ClientRequest._flushOutput (node:_http_outgoing:1223:10)
    at ClientRequest._flush (node:_http_outgoing:1195:10)
    at onSocketNT (node:_http_client:1168:9)
[31m[Nest] 181104  - [39m04/09/2026, 9:59:31 pm [31m  ERROR[39m [38;5;3m[BlockchainService] [39m[31mFailed to scan ETH on BASE blocks 46379884-46384884[39m
Error: write ECONNRESET
    at WriteWrap.onWriteComplete [as oncomplete] (node:internal/stream_base_commons:87:19)
    at writevGeneric (node:internal/stream_base_commons:137:26)
    at Socket._writeGeneric (node:net:1169:11)
    at Socket._writev (node:net:1178:8)
    at doWrite (node:internal/streams/writable:594:12)
    at clearBuffer (node:internal/streams/writable:773:5)
    at Writable.uncork (node:internal/streams/writable:529:7)
    at ClientRequest._flushOutput (node:_http_outgoing:1223:10)
    at ClientRequest._flush (node:_http_outgoing:1195:10)
    at onSocketNT (node:_http_client:1168:9)
[31m[Nest] 181104  - [39m04/09/2026, 9:59:31 pm [31m  ERROR[39m [38;5;3m[BlockchainService] [39m[31mFailed to scan ETH on BASE blocks 46379899-46384899[39m
Error: write ECONNRESET
    at WriteWrap.onWriteComplete [as oncomplete] (node:internal/stream_base_commons:87:19)
    at writevGeneric (node:internal/stream_base_commons:137:26)
    at Socket._writeGeneric (node:net:1169:11)
    at Socket._writev (node:net:1178:8)
    at doWrite (node:internal/streams/writable:594:12)
    at clearBuffer (node:internal/streams/writable:773:5)
    at Writable.uncork (node:internal/streams/writable:529:7)
    at ClientRequest._flushOutput (node:_http_outgoing:1223:10)
    at ClientRequest._flush (node:_http_outgoing:1195:10)
    at onSocketNT (node:_http_client:1168:9)
[31m[Nest] 181104  - [39m04/09/2026, 9:59:31 pm [31m  ERROR[39m [38;5;3m[BlockchainService] [39m[31mFailed to scan ETH on BASE blocks 46379899-46384899[39m
Error: write ECONNRESET
    at WriteWrap.onWriteComplete [as oncomplete] (node:internal/stream_base_commons:87:19)
    at writevGeneric (node:internal/stream_base_commons:137:26)
    at Socket._writeGeneric (node:net:1169:11)
    at Socket._writev (node:net:1178:8)
    at doWrite (node:internal/streams/writable:594:12)
    at clearBuffer (node:internal/streams/writable:773:5)
    at Writable.uncork (node:internal/streams/writable:529:7)
    at ClientRequest._flushOutput (node:_http_outgoing:1223:10)
    at ClientRequest._flush (node:_http_outgoing:1195:10)
    at onSocketNT (node:_http_client:1168:9)
[31m[Nest] 181104  - [39m04/09/2026, 9:59:31 pm [31m  ERROR[39m [38;5;3m[BlockchainService] [39m[31mFailed to scan ETH on BASE blocks 46379899-46384899[39m
Error: write ECONNRESET
    at WriteWrap.onWriteComplete [as oncomplete] (node:internal/stream_base_commons:87:19)
    at writevGeneric (node:internal/stream_base_commons:137:26)
    at Socket._writeGeneric (node:net:1169:11)
    at Socket._writev (node:net:1178:8)
    at doWrite (node:internal/streams/writable:594:12)
    at clearBuffer (node:internal/streams/writable:773:5)
    at Writable.uncork (node:internal/streams/writable:529:7)
    at ClientRequest._flushOutput (node:_http_outgoing:1223:10)
    at ClientRequest._flush (node:_http_outgoing:1195:10)
    at onSocketNT (node:_http_client:1168:9)
[31m[Nest] 181104  - [39m04/09/2026, 9:59:31 pm [31m  ERROR[39m [38;5;3m[BlockchainService] [39m[31mFailed to scan ETH on BASE blocks 46379899-46384899[39m
Error: write ECONNRESET
    at WriteWrap.onWriteComplete [as oncomplete] (node:internal/stream_base_commons:87:19)
    at writevGeneric (node:internal/stream_base_commons:137:26)
    at Socket._writeGeneric (node:net:1169:11)
    at Socket._writev (node:net:1178:8)
    at doWrite (node:internal/streams/writable:594:12)
    at clearBuffer (node:internal/streams/writable:773:5)
    at Writable.uncork (node:internal/streams/writable:529:7)
    at ClientRequest._flushOutput (node:_http_outgoing:1223:10)
    at ClientRequest._flush (node:_http_outgoing:1195:10)
    at onSocketNT (node:_http_client:1168:9)
[31m[Nest] 181104  - [39m04/09/2026, 9:59:31 pm [31m  ERROR[39m [38;5;3m[BlockchainService] [39m[31mFailed to scan ETH on BASE blocks 46379899-46384899[39m
Error: write ECONNRESET
    at WriteWrap.onWriteComplete [as oncomplete] (node:internal/stream_base_commons:87:19)
    at writevGeneric (node:internal/stream_base_commons:137:26)
    at Socket._writeGeneric (node:net:1169:11)
    at Socket._writev (node:net:1178:8)
    at doWrite (node:internal/streams/writable:594:12)
    at clearBuffer (node:internal/streams/writable:773:5)
    at Writable.uncork (node:internal/streams/writable:529:7)
    at ClientRequest._flushOutput (node:_http_outgoing:1223:10)
    at ClientRequest._flush (node:_http_outgoing:1195:10)
    at onSocketNT (node:_http_client:1168:9)
[31m[Nest] 181104  - [39m04/09/2026, 9:59:31 pm [31m  ERROR[39m [38;5;3m[BlockchainService] [39m[31mFailed to scan ETH on BASE blocks 46379899-46384899[39m
Error: write ECONNRESET
    at WriteWrap.onWriteComplete [as oncomplete] (node:internal/stream_base_commons:87:19)
    at writevGeneric (node:internal/stream_base_commons:137:26)
    at Socket._writeGeneric (node:net:1169:11)
    at Socket._writev (node:net:1178:8)
    at doWrite (node:internal/streams/writable:594:12)
    at clearBuffer (node:internal/streams/writable:773:5)
    at Writable.uncork (node:internal/streams/writable:529:7)
    at ClientRequest._flushOutput (node:_http_outgoing:1223:10)
    at ClientRequest._flush (node:_http_outgoing:1195:10)
    at onSocketNT (node:_http_client:1168:9)
[31m[Nest] 181104  - [39m04/09/2026, 9:59:31 pm [31m  ERROR[39m [38;5;3m[BlockchainService] [39m[31mFailed to scan ETH on BASE blocks 46379899-46384899[39m
Error: write ECONNRESET
    at WriteWrap.onWriteComplete [as oncomplete] (node:internal/stream_base_commons:87:19)
    at writevGeneric (node:internal/stream_base_commons:137:26)
    at Socket._writeGeneric (node:net:1169:11)
    at Socket._writev (node:net:1178:8)
    at doWrite (node:internal/streams/writable:594:12)
    at clearBuffer (node:internal/streams/writable:773:5)
    at Writable.uncork (node:internal/streams/writable:529:7)
    at ClientRequest._flushOutput (node:_http_outgoing:1223:10)
    at ClientRequest._flush (node:_http_outgoing:1195:10)
    at onSocketNT (node:_http_client:1168:9)
[31m[Nest] 181104  - [39m04/09/2026, 9:59:31 pm [31m  ERROR[39m [38;5;3m[BlockchainService] [39m[31mFailed to scan ETH on BASE blocks 46379915-46384915[39m
Error: write ECONNRESET
    at WriteWrap.onWriteComplete [as oncomplete] (node:internal/stream_base_commons:87:19)
    at writevGeneric (node:internal/stream_base_commons:137:26)
    at Socket._writeGeneric (node:net:1169:11)
    at Socket._writev (node:net:1178:8)
    at doWrite (node:internal/streams/writable:594:12)
    at clearBuffer (node:internal/streams/writable:773:5)
    at Writable.uncork (node:internal/streams/writable:529:7)
    at ClientRequest._flushOutput (node:_http_outgoing:1223:10)
    at ClientRequest._flush (node:_http_outgoing:1195:10)
    at onSocketNT (node:_http_client:1168:9)
[31m[Nest] 181104  - [39m04/09/2026, 9:59:31 pm [31m  ERROR[39m [38;5;3m[BlockchainService] [39m[31mFailed to scan ETH on BASE blocks 46379915-46384915[39m
Error: write ECONNRESET
    at WriteWrap.onWriteComplete [as oncomplete] (node:internal/stream_base_commons:87:19)
    at writevGeneric (node:internal/stream_base_commons:137:26)
    at Socket._writeGeneric (node:net:1169:11)
    at Socket._writev (node:net:1178:8)
    at doWrite (node:internal/streams/writable:594:12)
    at clearBuffer (node:internal/streams/writable:773:5)
    at Writable.uncork (node:internal/streams/writable:529:7)
    at ClientRequest._flushOutput (node:_http_outgoing:1223:10)
    at ClientRequest._flush (node:_http_outgoing:1195:10)
    at onSocketNT (node:_http_client:1168:9)
[31m[Nest] 181104  - [39m04/09/2026, 9:59:31 pm [31m  ERROR[39m [38;5;3m[BlockchainService] [39m[31mFailed to scan ETH on BASE blocks 46379915-46384915[39m
Error: write ECONNRESET
    at WriteWrap.onWriteComplete [as oncomplete] (node:internal/stream_base_commons:87:19)
    at writevGeneric (node:internal/stream_base_commons:137:26)
    at Socket._writeGeneric (node:net:1169:11)
    at Socket._writev (node:net:1178:8)
    at doWrite (node:internal/streams/writable:594:12)
    at clearBuffer (node:internal/streams/writable:773:5)
    at Writable.uncork (node:internal/streams/writable:529:7)
    at ClientRequest._flushOutput (node:_http_outgoing:1223:10)
    at ClientRequest._flush (node:_http_outgoing:1195:10)
    at onSocketNT (node:_http_client:1168:9)
[31m[Nest] 181104  - [39m04/09/2026, 9:59:31 pm [31m  ERROR[39m [38;5;3m[BlockchainService] [39m[31mFailed to scan ETH on BASE blocks 46379915-46384915[39m
Error: write ECONNRESET
    at WriteWrap.onWriteComplete [as oncomplete] (node:internal/stream_base_commons:87:19)
    at writevGeneric (node:internal/stream_base_commons:137:26)
    at Socket._writeGeneric (node:net:1169:11)
    at Socket._writev (node:net:1178:8)
    at doWrite (node:internal/streams/writable:594:12)
    at clearBuffer (node:internal/streams/writable:773:5)
    at Writable.uncork (node:internal/streams/writable:529:7)
    at ClientRequest._flushOutput (node:_http_outgoing:1223:10)
    at ClientRequest._flush (node:_http_outgoing:1195:10)
    at onSocketNT (node:_http_client:1168:9)
[31m[Nest] 181104  - [39m04/09/2026, 9:59:31 pm [31m  ERROR[39m [38;5;3m[BlockchainService] [39m[31mFailed to scan ETH on BASE blocks 46379915-46384915[39m
Error: write ECONNRESET
    at WriteWrap.onWriteComplete [as oncomplete] (node:internal/stream_base_commons:87:19)
    at writevGeneric (node:internal/stream_base_commons:137:26)
    at Socket._writeGeneric (node:net:1169:11)
    at Socket._writev (node:net:1178:8)
    at doWrite (node:internal/streams/writable:594:12)
    at clearBuffer (node:internal/streams/writable:773:5)
    at Writable.uncork (node:internal/streams/writable:529:7)
    at ClientRequest._flushOutput (node:_http_outgoing:1223:10)
    at ClientRequest._flush (node:_http_outgoing:1195:10)
    at onSocketNT (node:_http_client:1168:9)
[31m[Nest] 181104  - [39m04/09/2026, 9:59:31 pm [31m  ERROR[39m [38;5;3m[BlockchainService] [39m[31mFailed to scan ETH on BASE blocks 46379915-46384915[39m
Error: write ECONNRESET
    at WriteWrap.onWriteComplete [as oncomplete] (node:internal/stream_base_commons:87:19)
    at writevGeneric (node:internal/stream_base_commons:137:26)
    at Socket._writeGeneric (node:net:1169:11)
    at Socket._writev (node:net:1178:8)
    at doWrite (node:internal/streams/writable:594:12)
    at clearBuffer (node:internal/streams/writable:773:5)
    at Writable.uncork (node:internal/streams/writable:529:7)
    at ClientRequest._flushOutput (node:_http_outgoing:1223:10)
    at ClientRequest._flush (node:_http_outgoing:1195:10)
    at onSocketNT (node:_http_client:1168:9)
[31m[Nest] 181104  - [39m04/09/2026, 9:59:31 pm [31m  ERROR[39m [38;5;3m[BlockchainService] [39m[31mFailed to scan ETH on BASE blocks 46379915-46384915[39m
Error: write ECONNRESET
    at WriteWrap.onWriteComplete [as oncomplete] (node:internal/stream_base_commons:87:19)
    at writevGeneric (node:internal/stream_base_commons:137:26)
    at Socket._writeGeneric (node:net:1169:11)
    at Socket._writev (node:net:1178:8)
    at doWrite (node:internal/streams/writable:594:12)
    at clearBuffer (node:internal/streams/writable:773:5)
    at Writable.uncork (node:internal/streams/writable:529:7)
    at ClientRequest._flushOutput (node:_http_outgoing:1223:10)
    at ClientRequest._flush (node:_http_outgoing:1195:10)
    at onSocketNT (node:_http_client:1168:9)
[31m[Nest] 181104  - [39m04/09/2026, 9:59:31 pm [31m  ERROR[39m [38;5;3m[BlockchainService] [39m[31mFailed to scan ETH on ETHEREUM blocks 11629504-11634504[39m
Error: request timeout (code=TIMEOUT, version=6.17.0)
    at makeError (C:\Users\perum\OneDrive\Desktop\sidra\node_modules\ethers\src.ts\utils\errors.ts:698:21)
    at ClientRequest.<anonymous> (C:\Users\perum\OneDrive\Desktop\sidra\node_modules\ethers\src.ts\utils\geturl.ts:66:33)
    at ClientRequest.emit (node:events:509:28)
    at TLSSocket.emitRequestTimeout (node:_http_client:1099:9)
    at Object.onceWrapper (node:events:630:28)
    at TLSSocket.emit (node:events:521:24)
    at Socket._onTimeout (node:net:740:8)
    at Timeout.onStreamTimeout [as _onTimeout] (node:internal/stream_base_commons:237:10)
    at listOnTimeout (node:internal/timers:637:11)
    at process.processTimers (node:internal/timers:571:7)
[31m[Nest] 181104  - [39m04/09/2026, 9:59:31 pm [31m  ERROR[39m [38;5;3m[BlockchainService] [39m[31mFailed to scan ETH on ETHEREUM blocks 11629504-11634504[39m
Error: request timeout (code=TIMEOUT, version=6.17.0)
    at makeError (C:\Users\perum\OneDrive\Desktop\sidra\node_modules\ethers\src.ts\utils\errors.ts:698:21)
    at ClientRequest.<anonymous> (C:\Users\perum\OneDrive\Desktop\sidra\node_modules\ethers\src.ts\utils\geturl.ts:66:33)
    at ClientRequest.emit (node:events:509:28)
    at TLSSocket.emitRequestTimeout (node:_http_client:1099:9)
    at Object.onceWrapper (node:events:630:28)
    at TLSSocket.emit (node:events:521:24)
    at Socket._onTimeout (node:net:740:8)
    at Timeout.onStreamTimeout [as _onTimeout] (node:internal/stream_base_commons:237:10)
    at listOnTimeout (node:internal/timers:637:11)
    at process.processTimers (node:internal/timers:571:7)
[31m[Nest] 181104  - [39m04/09/2026, 9:59:31 pm [31m  ERROR[39m [38;5;3m[BlockchainService] [39m[31mFailed to scan ETH on ETHEREUM blocks 11629504-11634504[39m
Error: request timeout (code=TIMEOUT, version=6.17.0)
    at makeError (C:\Users\perum\OneDrive\Desktop\sidra\node_modules\ethers\src.ts\utils\errors.ts:698:21)
    at ClientRequest.<anonymous> (C:\Users\perum\OneDrive\Desktop\sidra\node_modules\ethers\src.ts\utils\geturl.ts:66:33)
    at ClientRequest.emit (node:events:509:28)
    at TLSSocket.emitRequestTimeout (node:_http_client:1099:9)
    at Object.onceWrapper (node:events:630:28)
    at TLSSocket.emit (node:events:521:24)
    at Socket._onTimeout (node:net:740:8)
    at Timeout.onStreamTimeout [as _onTimeout] (node:internal/stream_base_commons:237:10)
    at listOnTimeout (node:internal/timers:637:11)
    at process.processTimers (node:internal/timers:571:7)
[31m[Nest] 181104  - [39m04/09/2026, 9:59:31 pm [31m  ERROR[39m [38;5;3m[BlockchainService] [39m[31mFailed to scan ETH on ETHEREUM blocks 11629504-11634504[39m
Error: request timeout (code=TIMEOUT, version=6.17.0)
    at makeError (C:\Users\perum\OneDrive\Desktop\sidra\node_modules\ethers\src.ts\utils\errors.ts:698:21)
    at ClientRequest.<anonymous> (C:\Users\perum\OneDrive\Desktop\sidra\node_modules\ethers\src.ts\utils\geturl.ts:66:33)
    at ClientRequest.emit (node:events:509:28)
    at TLSSocket.emitRequestTimeout (node:_http_client:1099:9)
    at Object.onceWrapper (node:events:630:28)
    at TLSSocket.emit (node:events:521:24)
    at Socket._onTimeout (node:net:740:8)
    at Timeout.onStreamTimeout [as _onTimeout] (node:internal/stream_base_commons:237:10)
    at listOnTimeout (node:internal/timers:637:11)
    at process.processTimers (node:internal/timers:571:7)
[31m[Nest] 181104  - [39m04/09/2026, 9:59:31 pm [31m  ERROR[39m [38;5;3m[BlockchainService] [39m[31mFailed to scan ETH on ETHEREUM blocks 11629504-11634504[39m
Error: request timeout (code=TIMEOUT, version=6.17.0)
    at makeError (C:\Users\perum\OneDrive\Desktop\sidra\node_modules\ethers\src.ts\utils\errors.ts:698:21)
    at ClientRequest.<anonymous> (C:\Users\perum\OneDrive\Desktop\sidra\node_modules\ethers\src.ts\utils\geturl.ts:66:33)
    at ClientRequest.emit (node:events:509:28)
    at TLSSocket.emitRequestTimeout (node:_http_client:1099:9)
    at Object.onceWrapper (node:events:630:28)
    at TLSSocket.emit (node:events:521:24)
    at Socket._onTimeout (node:net:740:8)
    at Timeout.onStreamTimeout [as _onTimeout] (node:internal/stream_base_commons:237:10)
    at listOnTimeout (node:internal/timers:637:11)
    at process.processTimers (node:internal/timers:571:7)
[31m[Nest] 181104  - [39m04/09/2026, 9:59:31 pm [31m  ERROR[39m [38;5;3m[BlockchainService] [39m[31mFailed to scan ETH on ETHEREUM blocks 11629504-11634504[39m
Error: request timeout (code=TIMEOUT, version=6.17.0)
    at makeError (C:\Users\perum\OneDrive\Desktop\sidra\node_modules\ethers\src.ts\utils\errors.ts:698:21)
    at ClientRequest.<anonymous> (C:\Users\perum\OneDrive\Desktop\sidra\node_modules\ethers\src.ts\utils\geturl.ts:66:33)
    at ClientRequest.emit (node:events:509:28)
    at TLSSocket.emitRequestTimeout (node:_http_client:1099:9)
    at Object.onceWrapper (node:events:630:28)
    at TLSSocket.emit (node:events:521:24)
    at Socket._onTimeout (node:net:740:8)
    at Timeout.onStreamTimeout [as _onTimeout] (node:internal/stream_base_commons:237:10)
    at listOnTimeout (node:internal/timers:637:11)
    at process.processTimers (node:internal/timers:571:7)
[31m[Nest] 181104  - [39m04/09/2026, 9:59:31 pm [31m  ERROR[39m [38;5;3m[BlockchainService] [39m[31mFailed to scan ETH on ETHEREUM blocks 11629504-11634504[39m
Error: request timeout (code=TIMEOUT, version=6.17.0)
    at makeError (C:\Users\perum\OneDrive\Desktop\sidra\node_modules\ethers\src.ts\utils\errors.ts:698:21)
    at ClientRequest.<anonymous> (C:\Users\perum\OneDrive\Desktop\sidra\node_modules\ethers\src.ts\utils\geturl.ts:66:33)
    at ClientRequest.emit (node:events:509:28)
    at TLSSocket.emitRequestTimeout (node:_http_client:1099:9)
    at Object.onceWrapper (node:events:630:28)
    at TLSSocket.emit (node:events:521:24)
    at Socket._onTimeout (node:net:740:8)
    at Timeout.onStreamTimeout [as _onTimeout] (node:internal/stream_base_commons:237:10)
    at listOnTimeout (node:internal/timers:637:11)
    at process.processTimers (node:internal/timers:571:7)
[31m[Nest] 181104  - [39m04/09/2026, 9:59:31 pm [31m  ERROR[39m [38;5;3m[BlockchainService] [39m[31mFailed to scan ETH on ETHEREUM blocks 11629492-11634492[39m
Error: request timeout (code=TIMEOUT, version=6.17.0)
    at makeError (C:\Users\perum\OneDrive\Desktop\sidra\node_modules\ethers\src.ts\utils\errors.ts:698:21)
    at ClientRequest.<anonymous> (C:\Users\perum\OneDrive\Desktop\sidra\node_modules\ethers\src.ts\utils\geturl.ts:66:33)
    at ClientRequest.emit (node:events:509:28)
    at TLSSocket.emitRequestTimeout (node:_http_client:1099:9)
    at Object.onceWrapper (node:events:630:28)
    at TLSSocket.emit (node:events:521:24)
    at Socket._onTimeout (node:net:740:8)
    at Timeout.onStreamTimeout [as _onTimeout] (node:internal/stream_base_commons:237:10)
    at listOnTimeout (node:internal/timers:637:11)
    at process.processTimers (node:internal/timers:571:7)
[31m[Nest] 181104  - [39m04/09/2026, 9:59:31 pm [31m  ERROR[39m [38;5;3m[BlockchainService] [39m[31mFailed to scan ETH on ETHEREUM blocks 11629492-11634492[39m
Error: request timeout (code=TIMEOUT, version=6.17.0)
    at makeError (C:\Users\perum\OneDrive\Desktop\sidra\node_modules\ethers\src.ts\utils\errors.ts:698:21)
    at ClientRequest.<anonymous> (C:\Users\perum\OneDrive\Desktop\sidra\node_modules\ethers\src.ts\utils\geturl.ts:66:33)
    at ClientRequest.emit (node:events:509:28)
    at TLSSocket.emitRequestTimeout (node:_http_client:1099:9)
    at Object.onceWrapper (node:events:630:28)
    at TLSSocket.emit (node:events:521:24)
    at Socket._onTimeout (node:net:740:8)
    at Timeout.onStreamTimeout [as _onTimeout] (node:internal/stream_base_commons:237:10)
    at listOnTimeout (node:internal/timers:637:11)
    at process.processTimers (node:internal/timers:571:7)
[31m[Nest] 181104  - [39m04/09/2026, 9:59:31 pm [31m  ERROR[39m [38;5;3m[BlockchainService] [39m[31mFailed to scan ETH on ETHEREUM blocks 11629492-11634492[39m
Error: request timeout (code=TIMEOUT, version=6.17.0)
    at makeError (C:\Users\perum\OneDrive\Desktop\sidra\node_modules\ethers\src.ts\utils\errors.ts:698:21)
    at ClientRequest.<anonymous> (C:\Users\perum\OneDrive\Desktop\sidra\node_modules\ethers\src.ts\utils\geturl.ts:66:33)
    at ClientRequest.emit (node:events:509:28)
    at TLSSocket.emitRequestTimeout (node:_http_client:1099:9)
    at Object.onceWrapper (node:events:630:28)
    at TLSSocket.emit (node:events:521:24)
    at Socket._onTimeout (node:net:740:8)
    at Timeout.onStreamTimeout [as _onTimeout] (node:internal/stream_base_commons:237:10)
    at listOnTimeout (node:internal/timers:637:11)
    at process.processTimers (node:internal/timers:571:7)
[31m[Nest] 181104  - [39m04/09/2026, 9:59:31 pm [31m  ERROR[39m [38;5;3m[BlockchainService] [39m[31mFailed to scan ETH on ETHEREUM blocks 11629492-11634492[39m
Error: request timeout (code=TIMEOUT, version=6.17.0)
    at makeError (C:\Users\perum\OneDrive\Desktop\sidra\node_modules\ethers\src.ts\utils\errors.ts:698:21)
    at ClientRequest.<anonymous> (C:\Users\perum\OneDrive\Desktop\sidra\node_modules\ethers\src.ts\utils\geturl.ts:66:33)
    at ClientRequest.emit (node:events:509:28)
    at TLSSocket.emitRequestTimeout (node:_http_client:1099:9)
    at Object.onceWrapper (node:events:630:28)
    at TLSSocket.emit (node:events:521:24)
    at Socket._onTimeout (node:net:740:8)
    at Timeout.onStreamTimeout [as _onTimeout] (node:internal/stream_base_commons:237:10)
    at listOnTimeout (node:internal/timers:637:11)
    at process.processTimers (node:internal/timers:571:7)
[31m[Nest] 181104  - [39m04/09/2026, 9:59:31 pm [31m  ERROR[39m [38;5;3m[BlockchainService] [39m[31mFailed to scan ETH on ETHEREUM blocks 11629492-11634492[39m
Error: request timeout (code=TIMEOUT, version=6.17.0)
    at makeError (C:\Users\perum\OneDrive\Desktop\sidra\node_modules\ethers\src.ts\utils\errors.ts:698:21)
    at ClientRequest.<anonymous> (C:\Users\perum\OneDrive\Desktop\sidra\node_modules\ethers\src.ts\utils\geturl.ts:66:33)
    at ClientRequest.emit (node:events:509:28)
    at TLSSocket.emitRequestTimeout (node:_http_client:1099:9)
    at Object.onceWrapper (node:events:630:28)
    at TLSSocket.emit (node:events:521:24)
    at Socket._onTimeout (node:net:740:8)
    at Timeout.onStreamTimeout [as _onTimeout] (node:internal/stream_base_commons:237:10)
    at listOnTimeout (node:internal/timers:637:11)
    at process.processTimers (node:internal/timers:571:7)
[31m[Nest] 181104  - [39m04/09/2026, 9:59:31 pm [31m  ERROR[39m [38;5;3m[BlockchainService] [39m[31mFailed to scan ETH on ETHEREUM blocks 11629492-11634492[39m
Error: request timeout (code=TIMEOUT, version=6.17.0)
    at makeError (C:\Users\perum\OneDrive\Desktop\sidra\node_modules\ethers\src.ts\utils\errors.ts:698:21)
    at ClientRequest.<anonymous> (C:\Users\perum\OneDrive\Desktop\sidra\node_modules\ethers\src.ts\utils\geturl.ts:66:33)
    at ClientRequest.emit (node:events:509:28)
    at TLSSocket.emitRequestTimeout (node:_http_client:1099:9)
    at Object.onceWrapper (node:events:630:28)
    at TLSSocket.emit (node:events:521:24)
    at Socket._onTimeout (node:net:740:8)
    at Timeout.onStreamTimeout [as _onTimeout] (node:internal/stream_base_commons:237:10)
    at listOnTimeout (node:internal/timers:637:11)
    at process.processTimers (node:internal/timers:571:7)
[31m[Nest] 181104  - [39m04/09/2026, 9:59:31 pm [31m  ERROR[39m [38;5;3m[BlockchainService] [39m[31mFailed to scan ETH on ETHEREUM blocks 11629492-11634492[39m
Error: request timeout (code=TIMEOUT, version=6.17.0)
    at makeError (C:\Users\perum\OneDrive\Desktop\sidra\node_modules\ethers\src.ts\utils\errors.ts:698:21)
    at ClientRequest.<anonymous> (C:\Users\perum\OneDrive\Desktop\sidra\node_modules\ethers\src.ts\utils\geturl.ts:66:33)
    at ClientRequest.emit (node:events:509:28)
    at TLSSocket.emitRequestTimeout (node:_http_client:1099:9)
    at Object.onceWrapper (node:events:630:28)
    at TLSSocket.emit (node:events:521:24)
    at Socket._onTimeout (node:net:740:8)
    at Timeout.onStreamTimeout [as _onTimeout] (node:internal/stream_base_commons:237:10)
    at listOnTimeout (node:internal/timers:637:11)
    at process.processTimers (node:internal/timers:571:7)
[31m[Nest] 181104  - [39m04/09/2026, 9:59:31 pm [31m  ERROR[39m [38;5;3m[BlockchainService] [39m[31mFailed to scan ETH on ETHEREUM blocks 11629494-11634494[39m
Error: request timeout (code=TIMEOUT, version=6.17.0)
    at makeError (C:\Users\perum\OneDrive\Desktop\sidra\node_modules\ethers\src.ts\utils\errors.ts:698:21)
    at ClientRequest.<anonymous> (C:\Users\perum\OneDrive\Desktop\sidra\node_modules\ethers\src.ts\utils\geturl.ts:66:33)
    at ClientRequest.emit (node:events:509:28)
    at TLSSocket.emitRequestTimeout (node:_http_client:1099:9)
    at Object.onceWrapper (node:events:630:28)
    at TLSSocket.emit (node:events:521:24)
    at Socket._onTimeout (node:net:740:8)
    at Timeout.onStreamTimeout [as _onTimeout] (node:internal/stream_base_commons:237:10)
    at listOnTimeout (node:internal/timers:637:11)
    at process.processTimers (node:internal/timers:571:7)
[31m[Nest] 181104  - [39m04/09/2026, 9:59:31 pm [31m  ERROR[39m [38;5;3m[BlockchainService] [39m[31mFailed to scan ETH on ETHEREUM blocks 11629494-11634494[39m
Error: request timeout (code=TIMEOUT, version=6.17.0)
    at makeError (C:\Users\perum\OneDrive\Desktop\sidra\node_modules\ethers\src.ts\utils\errors.ts:698:21)
    at ClientRequest.<anonymous> (C:\Users\perum\OneDrive\Desktop\sidra\node_modules\ethers\src.ts\utils\geturl.ts:66:33)
    at ClientRequest.emit (node:events:509:28)
    at TLSSocket.emitRequestTimeout (node:_http_client:1099:9)
    at Object.onceWrapper (node:events:630:28)
    at TLSSocket.emit (node:events:521:24)
    at Socket._onTimeout (node:net:740:8)
    at Timeout.onStreamTimeout [as _onTimeout] (node:internal/stream_base_commons:237:10)
    at listOnTimeout (node:internal/timers:637:11)
    at process.processTimers (node:internal/timers:571:7)
[31m[Nest] 181104  - [39m04/09/2026, 9:59:31 pm [31m  ERROR[39m [38;5;3m[BlockchainService] [39m[31mFailed to scan ETH on ETHEREUM blocks 11629494-11634494[39m
Error: request timeout (code=TIMEOUT, version=6.17.0)
    at makeError (C:\Users\perum\OneDrive\Desktop\sidra\node_modules\ethers\src.ts\utils\errors.ts:698:21)
    at ClientRequest.<anonymous> (C:\Users\perum\OneDrive\Desktop\sidra\node_modules\ethers\src.ts\utils\geturl.ts:66:33)
    at ClientRequest.emit (node:events:509:28)
    at TLSSocket.emitRequestTimeout (node:_http_client:1099:9)
    at Object.onceWrapper (node:events:630:28)
    at TLSSocket.emit (node:events:521:24)
    at Socket._onTimeout (node:net:740:8)
    at Timeout.onStreamTimeout [as _onTimeout] (node:internal/stream_base_commons:237:10)
    at listOnTimeout (node:internal/timers:637:11)
    at process.processTimers (node:internal/timers:571:7)
[31m[Nest] 181104  - [39m04/09/2026, 9:59:31 pm [31m  ERROR[39m [38;5;3m[BlockchainService] [39m[31mFailed to scan ETH on ETHEREUM blocks 11629494-11634494[39m
Error: request timeout (code=TIMEOUT, version=6.17.0)
    at makeError (C:\Users\perum\OneDrive\Desktop\sidra\node_modules\ethers\src.ts\utils\errors.ts:698:21)
    at ClientRequest.<anonymous> (C:\Users\perum\OneDrive\Desktop\sidra\node_modules\ethers\src.ts\utils\geturl.ts:66:33)
    at ClientRequest.emit (node:events:509:28)
    at TLSSocket.emitRequestTimeout (node:_http_client:1099:9)
    at Object.onceWrapper (node:events:630:28)
    at TLSSocket.emit (node:events:521:24)
    at Socket._onTimeout (node:net:740:8)
    at Timeout.onStreamTimeout [as _onTimeout] (node:internal/stream_base_commons:237:10)
    at listOnTimeout (node:internal/timers:637:11)
    at process.processTimers (node:internal/timers:571:7)
[31m[Nest] 181104  - [39m04/09/2026, 9:59:31 pm [31m  ERROR[39m [38;5;3m[BlockchainService] [39m[31mFailed to scan ETH on ETHEREUM blocks 11629494-11634494[39m
Error: request timeout (code=TIMEOUT, version=6.17.0)
    at makeError (C:\Users\perum\OneDrive\Desktop\sidra\node_modules\ethers\src.ts\utils\errors.ts:698:21)
    at ClientRequest.<anonymous> (C:\Users\perum\OneDrive\Desktop\sidra\node_modules\ethers\src.ts\utils\geturl.ts:66:33)
    at ClientRequest.emit (node:events:509:28)
    at TLSSocket.emitRequestTimeout (node:_http_client:1099:9)
    at Object.onceWrapper (node:events:630:28)
    at TLSSocket.emit (node:events:521:24)
    at Socket._onTimeout (node:net:740:8)
    at Timeout.onStreamTimeout [as _onTimeout] (node:internal/stream_base_commons:237:10)
    at listOnTimeout (node:internal/timers:637:11)
    at process.processTimers (node:internal/timers:571:7)
[31m[Nest] 181104  - [39m04/09/2026, 9:59:31 pm [31m  ERROR[39m [38;5;3m[BlockchainService] [39m[31mFailed to scan ETH on ETHEREUM blocks 11629494-11634494[39m
Error: request timeout (code=TIMEOUT, version=6.17.0)
    at makeError (C:\Users\perum\OneDrive\Desktop\sidra\node_modules\ethers\src.ts\utils\errors.ts:698:21)
    at ClientRequest.<anonymous> (C:\Users\perum\OneDrive\Desktop\sidra\node_modules\ethers\src.ts\utils\geturl.ts:66:33)
    at ClientRequest.emit (node:events:509:28)
    at TLSSocket.emitRequestTimeout (node:_http_client:1099:9)
    at Object.onceWrapper (node:events:630:28)
    at TLSSocket.emit (node:events:521:24)
    at Socket._onTimeout (node:net:740:8)
    at Timeout.onStreamTimeout [as _onTimeout] (node:internal/stream_base_commons:237:10)
    at listOnTimeout (node:internal/timers:637:11)
    at process.processTimers (node:internal/timers:571:7)
[31m[Nest] 181104  - [39m04/09/2026, 9:59:31 pm [31m  ERROR[39m [38;5;3m[BlockchainService] [39m[31mFailed to scan ETH on ETHEREUM blocks 11629494-11634494[39m
Error: request timeout (code=TIMEOUT, version=6.17.0)
    at makeError (C:\Users\perum\OneDrive\Desktop\sidra\node_modules\ethers\src.ts\utils\errors.ts:698:21)
    at ClientRequest.<anonymous> (C:\Users\perum\OneDrive\Desktop\sidra\node_modules\ethers\src.ts\utils\geturl.ts:66:33)
    at ClientRequest.emit (node:events:509:28)
    at TLSSocket.emitRequestTimeout (node:_http_client:1099:9)
    at Object.onceWrapper (node:events:630:28)
    at TLSSocket.emit (node:events:521:24)
    at Socket._onTimeout (node:net:740:8)
    at Timeout.onStreamTimeout [as _onTimeout] (node:internal/stream_base_commons:237:10)
    at listOnTimeout (node:internal/timers:637:11)
    at process.processTimers (node:internal/timers:571:7)
[31m[Nest] 181104  - [39m04/09/2026, 9:59:31 pm [31m  ERROR[39m [38;5;3m[BlockchainService] [39m[31mFailed to scan ETH on ETHEREUM blocks 11629497-11634497[39m
Error: request timeout (code=TIMEOUT, version=6.17.0)
    at makeError (C:\Users\perum\OneDrive\Desktop\sidra\node_modules\ethers\src.ts\utils\errors.ts:698:21)
    at ClientRequest.<anonymous> (C:\Users\perum\OneDrive\Desktop\sidra\node_modules\ethers\src.ts\utils\geturl.ts:66:33)
    at ClientRequest.emit (node:events:509:28)
    at TLSSocket.emitRequestTimeout (node:_http_client:1099:9)
    at Object.onceWrapper (node:events:630:28)
    at TLSSocket.emit (node:events:521:24)
    at Socket._onTimeout (node:net:740:8)
    at Timeout.onStreamTimeout [as _onTimeout] (node:internal/stream_base_commons:237:10)
    at listOnTimeout (node:internal/timers:637:11)
    at process.processTimers (node:internal/timers:571:7)
[31m[Nest] 181104  - [39m04/09/2026, 9:59:31 pm [31m  ERROR[39m [38;5;3m[BlockchainService] [39m[31mFailed to scan ETH on ETHEREUM blocks 11629497-11634497[39m
Error: request timeout (code=TIMEOUT, version=6.17.0)
    at makeError (C:\Users\perum\OneDrive\Desktop\sidra\node_modules\ethers\src.ts\utils\errors.ts:698:21)
    at ClientRequest.<anonymous> (C:\Users\perum\OneDrive\Desktop\sidra\node_modules\ethers\src.ts\utils\geturl.ts:66:33)
    at ClientRequest.emit (node:events:509:28)
    at TLSSocket.emitRequestTimeout (node:_http_client:1099:9)
    at Object.onceWrapper (node:events:630:28)
    at TLSSocket.emit (node:events:521:24)
    at Socket._onTimeout (node:net:740:8)
    at Timeout.onStreamTimeout [as _onTimeout] (node:internal/stream_base_commons:237:10)
    at listOnTimeout (node:internal/timers:637:11)
    at process.processTimers (node:internal/timers:571:7)
[31m[Nest] 181104  - [39m04/09/2026, 9:59:31 pm [31m  ERROR[39m [38;5;3m[BlockchainService] [39m[31mFailed to scan ETH on ETHEREUM blocks 11629497-11634497[39m
Error: request timeout (code=TIMEOUT, version=6.17.0)
    at makeError (C:\Users\perum\OneDrive\Desktop\sidra\node_modules\ethers\src.ts\utils\errors.ts:698:21)
    at ClientRequest.<anonymous> (C:\Users\perum\OneDrive\Desktop\sidra\node_modules\ethers\src.ts\utils\geturl.ts:66:33)
    at ClientRequest.emit (node:events:509:28)
    at TLSSocket.emitRequestTimeout (node:_http_client:1099:9)
    at Object.onceWrapper (node:events:630:28)
    at TLSSocket.emit (node:events:521:24)
    at Socket._onTimeout (node:net:740:8)
    at Timeout.onStreamTimeout [as _onTimeout] (node:internal/stream_base_commons:237:10)
    at listOnTimeout (node:internal/timers:637:11)
    at process.processTimers (node:internal/timers:571:7)
[31m[Nest] 181104  - [39m04/09/2026, 9:59:31 pm [31m  ERROR[39m [38;5;3m[BlockchainService] [39m[31mFailed to scan ETH on ETHEREUM blocks 11629497-11634497[39m
Error: request timeout (code=TIMEOUT, version=6.17.0)
    at makeError (C:\Users\perum\OneDrive\Desktop\sidra\node_modules\ethers\src.ts\utils\errors.ts:698:21)
    at ClientRequest.<anonymous> (C:\Users\perum\OneDrive\Desktop\sidra\node_modules\ethers\src.ts\utils\geturl.ts:66:33)
    at ClientRequest.emit (node:events:509:28)
    at TLSSocket.emitRequestTimeout (node:_http_client:1099:9)
    at Object.onceWrapper (node:events:630:28)
    at TLSSocket.emit (node:events:521:24)
    at Socket._onTimeout (node:net:740:8)
    at Timeout.onStreamTimeout [as _onTimeout] (node:internal/stream_base_commons:237:10)
    at listOnTimeout (node:internal/timers:637:11)
    at process.processTimers (node:internal/timers:571:7)
[31m[Nest] 181104  - [39m04/09/2026, 9:59:31 pm [31m  ERROR[39m [38;5;3m[BlockchainService] [39m[31mFailed to scan ETH on ETHEREUM blocks 11629497-11634497[39m
Error: request timeout (code=TIMEOUT, version=6.17.0)
    at makeError (C:\Users\perum\OneDrive\Desktop\sidra\node_modules\ethers\src.ts\utils\errors.ts:698:21)
    at ClientRequest.<anonymous> (C:\Users\perum\OneDrive\Desktop\sidra\node_modules\ethers\src.ts\utils\geturl.ts:66:33)
    at ClientRequest.emit (node:events:509:28)
    at TLSSocket.emitRequestTimeout (node:_http_client:1099:9)
    at Object.onceWrapper (node:events:630:28)
    at TLSSocket.emit (node:events:521:24)
    at Socket._onTimeout (node:net:740:8)
    at Timeout.onStreamTimeout [as _onTimeout] (node:internal/stream_base_commons:237:10)
    at listOnTimeout (node:internal/timers:637:11)
    at process.processTimers (node:internal/timers:571:7)
[31m[Nest] 181104  - [39m04/09/2026, 9:59:31 pm [31m  ERROR[39m [38;5;3m[BlockchainService] [39m[31mFailed to scan ETH on ETHEREUM blocks 11629497-11634497[39m
Error: request timeout (code=TIMEOUT, version=6.17.0)
    at makeError (C:\Users\perum\OneDrive\Desktop\sidra\node_modules\ethers\src.ts\utils\errors.ts:698:21)
    at ClientRequest.<anonymous> (C:\Users\perum\OneDrive\Desktop\sidra\node_modules\ethers\src.ts\utils\geturl.ts:66:33)
    at ClientRequest.emit (node:events:509:28)
    at TLSSocket.emitRequestTimeout (node:_http_client:1099:9)
    at Object.onceWrapper (node:events:630:28)
    at TLSSocket.emit (node:events:521:24)
    at Socket._onTimeout (node:net:740:8)
    at Timeout.onStreamTimeout [as _onTimeout] (node:internal/stream_base_commons:237:10)
    at listOnTimeout (node:internal/timers:637:11)
    at process.processTimers (node:internal/timers:571:7)
[31m[Nest] 181104  - [39m04/09/2026, 9:59:31 pm [31m  ERROR[39m [38;5;3m[BlockchainService] [39m[31mFailed to scan ETH on ETHEREUM blocks 11629497-11634497[39m
Error: request timeout (code=TIMEOUT, version=6.17.0)
    at makeError (C:\Users\perum\OneDrive\Desktop\sidra\node_modules\ethers\src.ts\utils\errors.ts:698:21)
    at ClientRequest.<anonymous> (C:\Users\perum\OneDrive\Desktop\sidra\node_modules\ethers\src.ts\utils\geturl.ts:66:33)
    at ClientRequest.emit (node:events:509:28)
    at TLSSocket.emitRequestTimeout (node:_http_client:1099:9)
    at Object.onceWrapper (node:events:630:28)
    at TLSSocket.emit (node:events:521:24)
    at Socket._onTimeout (node:net:740:8)
    at Timeout.onStreamTimeout [as _onTimeout] (node:internal/stream_base_commons:237:10)
    at listOnTimeout (node:internal/timers:637:11)
    at process.processTimers (node:internal/timers:571:7)
[31m[Nest] 181104  - [39m04/09/2026, 9:59:31 pm [31m  ERROR[39m [38;5;3m[BlockchainService] [39m[31mFailed to scan ETH on ETHEREUM blocks 11629499-11634499[39m
Error: request timeout (code=TIMEOUT, version=6.17.0)
    at makeError (C:\Users\perum\OneDrive\Desktop\sidra\node_modules\ethers\src.ts\utils\errors.ts:698:21)
    at ClientRequest.<anonymous> (C:\Users\perum\OneDrive\Desktop\sidra\node_modules\ethers\src.ts\utils\geturl.ts:66:33)
    at ClientRequest.emit (node:events:509:28)
    at TLSSocket.emitRequestTimeout (node:_http_client:1099:9)
    at Object.onceWrapper (node:events:630:28)
    at TLSSocket.emit (node:events:521:24)
    at Socket._onTimeout (node:net:740:8)
    at Timeout.onStreamTimeout [as _onTimeout] (node:internal/stream_base_commons:237:10)
    at listOnTimeout (node:internal/timers:637:11)
    at process.processTimers (node:internal/timers:571:7)
[31m[Nest] 181104  - [39m04/09/2026, 9:59:31 pm [31m  ERROR[39m [38;5;3m[BlockchainService] [39m[31mFailed to scan ETH on ETHEREUM blocks 11629499-11634499[39m
Error: request timeout (code=TIMEOUT, version=6.17.0)
    at makeError (C:\Users\perum\OneDrive\Desktop\sidra\node_modules\ethers\src.ts\utils\errors.ts:698:21)
    at ClientRequest.<anonymous> (C:\Users\perum\OneDrive\Desktop\sidra\node_modules\ethers\src.ts\utils\geturl.ts:66:33)
    at ClientRequest.emit (node:events:509:28)
    at TLSSocket.emitRequestTimeout (node:_http_client:1099:9)
    at Object.onceWrapper (node:events:630:28)
    at TLSSocket.emit (node:events:521:24)
    at Socket._onTimeout (node:net:740:8)
    at Timeout.onStreamTimeout [as _onTimeout] (node:internal/stream_base_commons:237:10)
    at listOnTimeout (node:internal/timers:637:11)
    at process.processTimers (node:internal/timers:571:7)
[31m[Nest] 181104  - [39m04/09/2026, 9:59:31 pm [31m  ERROR[39m [38;5;3m[BlockchainService] [39m[31mFailed to scan ETH on ETHEREUM blocks 11629499-11634499[39m
Error: request timeout (code=TIMEOUT, version=6.17.0)
    at makeError (C:\Users\perum\OneDrive\Desktop\sidra\node_modules\ethers\src.ts\utils\errors.ts:698:21)
    at ClientRequest.<anonymous> (C:\Users\perum\OneDrive\Desktop\sidra\node_modules\ethers\src.ts\utils\geturl.ts:66:33)
    at ClientRequest.emit (node:events:509:28)
    at TLSSocket.emitRequestTimeout (node:_http_client:1099:9)
    at Object.onceWrapper (node:events:630:28)
    at TLSSocket.emit (node:events:521:24)
    at Socket._onTimeout (node:net:740:8)
    at Timeout.onStreamTimeout [as _onTimeout] (node:internal/stream_base_commons:237:10)
    at listOnTimeout (node:internal/timers:637:11)
    at process.processTimers (node:internal/timers:571:7)
[31m[Nest] 181104  - [39m04/09/2026, 9:59:31 pm [31m  ERROR[39m [38;5;3m[BlockchainService] [39m[31mFailed to scan ETH on ETHEREUM blocks 11629499-11634499[39m
Error: request timeout (code=TIMEOUT, version=6.17.0)
    at makeError (C:\Users\perum\OneDrive\Desktop\sidra\node_modules\ethers\src.ts\utils\errors.ts:698:21)
    at ClientRequest.<anonymous> (C:\Users\perum\OneDrive\Desktop\sidra\node_modules\ethers\src.ts\utils\geturl.ts:66:33)
    at ClientRequest.emit (node:events:509:28)
    at TLSSocket.emitRequestTimeout (node:_http_client:1099:9)
    at Object.onceWrapper (node:events:630:28)
    at TLSSocket.emit (node:events:521:24)
    at Socket._onTimeout (node:net:740:8)
    at Timeout.onStreamTimeout [as _onTimeout] (node:internal/stream_base_commons:237:10)
    at listOnTimeout (node:internal/timers:637:11)
    at process.processTimers (node:internal/timers:571:7)
[31m[Nest] 181104  - [39m04/09/2026, 9:59:31 pm [31m  ERROR[39m [38;5;3m[BlockchainService] [39m[31mFailed to scan ETH on ETHEREUM blocks 11629499-11634499[39m
Error: request timeout (code=TIMEOUT, version=6.17.0)
    at makeError (C:\Users\perum\OneDrive\Desktop\sidra\node_modules\ethers\src.ts\utils\errors.ts:698:21)
    at ClientRequest.<anonymous> (C:\Users\perum\OneDrive\Desktop\sidra\node_modules\ethers\src.ts\utils\geturl.ts:66:33)
    at ClientRequest.emit (node:events:509:28)
    at TLSSocket.emitRequestTimeout (node:_http_client:1099:9)
    at Object.onceWrapper (node:events:630:28)
    at TLSSocket.emit (node:events:521:24)
    at Socket._onTimeout (node:net:740:8)
    at Timeout.onStreamTimeout [as _onTimeout] (node:internal/stream_base_commons:237:10)
    at listOnTimeout (node:internal/timers:637:11)
    at process.processTimers (node:internal/timers:571:7)
[31m[Nest] 181104  - [39m04/09/2026, 9:59:31 pm [31m  ERROR[39m [38;5;3m[BlockchainService] [39m[31mFailed to scan ETH on ETHEREUM blocks 11629499-11634499[39m
Error: request timeout (code=TIMEOUT, version=6.17.0)
    at makeError (C:\Users\perum\OneDrive\Desktop\sidra\node_modules\ethers\src.ts\utils\errors.ts:698:21)
    at ClientRequest.<anonymous> (C:\Users\perum\OneDrive\Desktop\sidra\node_modules\ethers\src.ts\utils\geturl.ts:66:33)
    at ClientRequest.emit (node:events:509:28)
    at TLSSocket.emitRequestTimeout (node:_http_client:1099:9)
    at Object.onceWrapper (node:events:630:28)
    at TLSSocket.emit (node:events:521:24)
    at Socket._onTimeout (node:net:740:8)
    at Timeout.onStreamTimeout [as _onTimeout] (node:internal/stream_base_commons:237:10)
    at listOnTimeout (node:internal/timers:637:11)
    at process.processTimers (node:internal/timers:571:7)
[31m[Nest] 181104  - [39m04/09/2026, 9:59:31 pm [31m  ERROR[39m [38;5;3m[BlockchainService] [39m[31mFailed to scan ETH on ETHEREUM blocks 11629499-11634499[39m
Error: request timeout (code=TIMEOUT, version=6.17.0)
    at makeError (C:\Users\perum\OneDrive\Desktop\sidra\node_modules\ethers\src.ts\utils\errors.ts:698:21)
    at ClientRequest.<anonymous> (C:\Users\perum\OneDrive\Desktop\sidra\node_modules\ethers\src.ts\utils\geturl.ts:66:33)
    at ClientRequest.emit (node:events:509:28)
    at TLSSocket.emitRequestTimeout (node:_http_client:1099:9)
    at Object.onceWrapper (node:events:630:28)
    at TLSSocket.emit (node:events:521:24)
    at Socket._onTimeout (node:net:740:8)
    at Timeout.onStreamTimeout [as _onTimeout] (node:internal/stream_base_commons:237:10)
    at listOnTimeout (node:internal/timers:637:11)
    at process.processTimers (node:internal/timers:571:7)
[31m[Nest] 181104  - [39m04/09/2026, 9:59:31 pm [31m  ERROR[39m [38;5;3m[BlockchainService] [39m[31mFailed to scan ETH on ETHEREUM blocks 11629502-11634502[39m
Error: request timeout (code=TIMEOUT, version=6.17.0)
    at makeError (C:\Users\perum\OneDrive\Desktop\sidra\node_modules\ethers\src.ts\utils\errors.ts:698:21)
    at ClientRequest.<anonymous> (C:\Users\perum\OneDrive\Desktop\sidra\node_modules\ethers\src.ts\utils\geturl.ts:66:33)
    at ClientRequest.emit (node:events:509:28)
    at TLSSocket.emitRequestTimeout (node:_http_client:1099:9)
    at Object.onceWrapper (node:events:630:28)
    at TLSSocket.emit (node:events:521:24)
    at Socket._onTimeout (node:net:740:8)
    at Timeout.onStreamTimeout [as _onTimeout] (node:internal/stream_base_commons:237:10)
    at listOnTimeout (node:internal/timers:637:11)
    at process.processTimers (node:internal/timers:571:7)
[31m[Nest] 181104  - [39m04/09/2026, 9:59:31 pm [31m  ERROR[39m [38;5;3m[BlockchainService] [39m[31mFailed to scan ETH on ETHEREUM blocks 11629502-11634502[39m
Error: request timeout (code=TIMEOUT, version=6.17.0)
    at makeError (C:\Users\perum\OneDrive\Desktop\sidra\node_modules\ethers\src.ts\utils\errors.ts:698:21)
    at ClientRequest.<anonymous> (C:\Users\perum\OneDrive\Desktop\sidra\node_modules\ethers\src.ts\utils\geturl.ts:66:33)
    at ClientRequest.emit (node:events:509:28)
    at TLSSocket.emitRequestTimeout (node:_http_client:1099:9)
    at Object.onceWrapper (node:events:630:28)
    at TLSSocket.emit (node:events:521:24)
    at Socket._onTimeout (node:net:740:8)
    at Timeout.onStreamTimeout [as _onTimeout] (node:internal/stream_base_commons:237:10)
    at listOnTimeout (node:internal/timers:637:11)
    at process.processTimers (node:internal/timers:571:7)
[31m[Nest] 181104  - [39m04/09/2026, 9:59:31 pm [31m  ERROR[39m [38;5;3m[BlockchainService] [39m[31mFailed to scan ETH on ETHEREUM blocks 11629502-11634502[39m
Error: request timeout (code=TIMEOUT, version=6.17.0)
    at makeError (C:\Users\perum\OneDrive\Desktop\sidra\node_modules\ethers\src.ts\utils\errors.ts:698:21)
    at ClientRequest.<anonymous> (C:\Users\perum\OneDrive\Desktop\sidra\node_modules\ethers\src.ts\utils\geturl.ts:66:33)
    at ClientRequest.emit (node:events:509:28)
    at TLSSocket.emitRequestTimeout (node:_http_client:1099:9)
    at Object.onceWrapper (node:events:630:28)
    at TLSSocket.emit (node:events:521:24)
    at Socket._onTimeout (node:net:740:8)
    at Timeout.onStreamTimeout [as _onTimeout] (node:internal/stream_base_commons:237:10)
    at listOnTimeout (node:internal/timers:637:11)
    at process.processTimers (node:internal/timers:571:7)
[31m[Nest] 181104  - [39m04/09/2026, 9:59:31 pm [31m  ERROR[39m [38;5;3m[BlockchainService] [39m[31mFailed to scan ETH on ETHEREUM blocks 11629502-11634502[39m
Error: request timeout (code=TIMEOUT, version=6.17.0)
    at makeError (C:\Users\perum\OneDrive\Desktop\sidra\node_modules\ethers\src.ts\utils\errors.ts:698:21)
    at ClientRequest.<anonymous> (C:\Users\perum\OneDrive\Desktop\sidra\node_modules\ethers\src.ts\utils\geturl.ts:66:33)
    at ClientRequest.emit (node:events:509:28)
    at TLSSocket.emitRequestTimeout (node:_http_client:1099:9)
    at Object.onceWrapper (node:events:630:28)
    at TLSSocket.emit (node:events:521:24)
    at Socket._onTimeout (node:net:740:8)
    at Timeout.onStreamTimeout [as _onTimeout] (node:internal/stream_base_commons:237:10)
    at listOnTimeout (node:internal/timers:637:11)
    at process.processTimers (node:internal/timers:571:7)
[31m[Nest] 181104  - [39m04/09/2026, 9:59:31 pm [31m  ERROR[39m [38;5;3m[BlockchainService] [39m[31mFailed to scan ETH on ETHEREUM blocks 11629502-11634502[39m
Error: request timeout (code=TIMEOUT, version=6.17.0)
    at makeError (C:\Users\perum\OneDrive\Desktop\sidra\node_modules\ethers\src.ts\utils\errors.ts:698:21)
    at ClientRequest.<anonymous> (C:\Users\perum\OneDrive\Desktop\sidra\node_modules\ethers\src.ts\utils\geturl.ts:66:33)
    at ClientRequest.emit (node:events:509:28)
    at TLSSocket.emitRequestTimeout (node:_http_client:1099:9)
    at Object.onceWrapper (node:events:630:28)
    at TLSSocket.emit (node:events:521:24)
    at Socket._onTimeout (node:net:740:8)
    at Timeout.onStreamTimeout [as _onTimeout] (node:internal/stream_base_commons:237:10)
    at listOnTimeout (node:internal/timers:637:11)
    at process.processTimers (node:internal/timers:571:7)
[31m[Nest] 181104  - [39m04/09/2026, 9:59:31 pm [31m  ERROR[39m [38;5;3m[BlockchainService] [39m[31mFailed to scan ETH on ETHEREUM blocks 11629502-11634502[39m
Error: request timeout (code=TIMEOUT, version=6.17.0)
    at makeError (C:\Users\perum\OneDrive\Desktop\sidra\node_modules\ethers\src.ts\utils\errors.ts:698:21)
    at ClientRequest.<anonymous> (C:\Users\perum\OneDrive\Desktop\sidra\node_modules\ethers\src.ts\utils\geturl.ts:66:33)
    at ClientRequest.emit (node:events:509:28)
    at TLSSocket.emitRequestTimeout (node:_http_client:1099:9)
    at Object.onceWrapper (node:events:630:28)
    at TLSSocket.emit (node:events:521:24)
    at Socket._onTimeout (node:net:740:8)
    at Timeout.onStreamTimeout [as _onTimeout] (node:internal/stream_base_commons:237:10)
    at listOnTimeout (node:internal/timers:637:11)
    at process.processTimers (node:internal/timers:571:7)
[31m[Nest] 181104  - [39m04/09/2026, 9:59:31 pm [31m  ERROR[39m [38;5;3m[BlockchainService] [39m[31mFailed to scan ETH on ETHEREUM blocks 11629502-11634502[39m
Error: request timeout (code=TIMEOUT, version=6.17.0)
    at makeError (C:\Users\perum\OneDrive\Desktop\sidra\node_modules\ethers\src.ts\utils\errors.ts:698:21)
    at ClientRequest.<anonymous> (C:\Users\perum\OneDrive\Desktop\sidra\node_modules\ethers\src.ts\utils\geturl.ts:66:33)
    at ClientRequest.emit (node:events:509:28)
    at TLSSocket.emitRequestTimeout (node:_http_client:1099:9)
    at Object.onceWrapper (node:events:630:28)
    at TLSSocket.emit (node:events:521:24)
    at Socket._onTimeout (node:net:740:8)
    at Timeout.onStreamTimeout [as _onTimeout] (node:internal/stream_base_commons:237:10)
    at listOnTimeout (node:internal/timers:637:11)
    at process.processTimers (node:internal/timers:571:7)
[31m[Nest] 181104  - [39m04/09/2026, 9:59:31 pm [31m  ERROR[39m [38;5;3m[BlockchainService] [39m[31mFailed to scan ETH on ETHEREUM blocks 11629506-11634506[39m
Error: request timeout (code=TIMEOUT, version=6.17.0)
    at makeError (C:\Users\perum\OneDrive\Desktop\sidra\node_modules\ethers\src.ts\utils\errors.ts:698:21)
    at ClientRequest.<anonymous> (C:\Users\perum\OneDrive\Desktop\sidra\node_modules\ethers\src.ts\utils\geturl.ts:66:33)
    at ClientRequest.emit (node:events:509:28)
    at TLSSocket.emitRequestTimeout (node:_http_client:1099:9)
    at Object.onceWrapper (node:events:630:28)
    at TLSSocket.emit (node:events:521:24)
    at Socket._onTimeout (node:net:740:8)
    at Timeout.onStreamTimeout [as _onTimeout] (node:internal/stream_base_commons:237:10)
    at listOnTimeout (node:internal/timers:637:11)
    at process.processTimers (node:internal/timers:571:7)
[31m[Nest] 181104  - [39m04/09/2026, 9:59:31 pm [31m  ERROR[39m [38;5;3m[BlockchainService] [39m[31mFailed to scan ETH on ETHEREUM blocks 11629506-11634506[39m
Error: request timeout (code=TIMEOUT, version=6.17.0)
    at makeError (C:\Users\perum\OneDrive\Desktop\sidra\node_modules\ethers\src.ts\utils\errors.ts:698:21)
    at ClientRequest.<anonymous> (C:\Users\perum\OneDrive\Desktop\sidra\node_modules\ethers\src.ts\utils\geturl.ts:66:33)
    at ClientRequest.emit (node:events:509:28)
    at TLSSocket.emitRequestTimeout (node:_http_client:1099:9)
    at Object.onceWrapper (node:events:630:28)
    at TLSSocket.emit (node:events:521:24)
    at Socket._onTimeout (node:net:740:8)
    at Timeout.onStreamTimeout [as _onTimeout] (node:internal/stream_base_commons:237:10)
    at listOnTimeout (node:internal/timers:637:11)
    at process.processTimers (node:internal/timers:571:7)
[31m[Nest] 181104  - [39m04/09/2026, 9:59:31 pm [31m  ERROR[39m [38;5;3m[BlockchainService] [39m[31mFailed to scan ETH on ETHEREUM blocks 11629506-11634506[39m
Error: request timeout (code=TIMEOUT, version=6.17.0)
    at makeError (C:\Users\perum\OneDrive\Desktop\sidra\node_modules\ethers\src.ts\utils\errors.ts:698:21)
    at ClientRequest.<anonymous> (C:\Users\perum\OneDrive\Desktop\sidra\node_modules\ethers\src.ts\utils\geturl.ts:66:33)
    at ClientRequest.emit (node:events:509:28)
    at TLSSocket.emitRequestTimeout (node:_http_client:1099:9)
    at Object.onceWrapper (node:events:630:28)
    at TLSSocket.emit (node:events:521:24)
    at Socket._onTimeout (node:net:740:8)
    at Timeout.onStreamTimeout [as _onTimeout] (node:internal/stream_base_commons:237:10)
    at listOnTimeout (node:internal/timers:637:11)
    at process.processTimers (node:internal/timers:571:7)
[31m[Nest] 181104  - [39m04/09/2026, 9:59:31 pm [31m  ERROR[39m [38;5;3m[BlockchainService] [39m[31mFailed to scan ETH on ETHEREUM blocks 11629506-11634506[39m
Error: request timeout (code=TIMEOUT, version=6.17.0)
    at makeError (C:\Users\perum\OneDrive\Desktop\sidra\node_modules\ethers\src.ts\utils\errors.ts:698:21)
    at ClientRequest.<anonymous> (C:\Users\perum\OneDrive\Desktop\sidra\node_modules\ethers\src.ts\utils\geturl.ts:66:33)
    at ClientRequest.emit (node:events:509:28)
    at TLSSocket.emitRequestTimeout (node:_http_client:1099:9)
    at Object.onceWrapper (node:events:630:28)
    at TLSSocket.emit (node:events:521:24)
    at Socket._onTimeout (node:net:740:8)
    at Timeout.onStreamTimeout [as _onTimeout] (node:internal/stream_base_commons:237:10)
    at listOnTimeout (node:internal/timers:637:11)
    at process.processTimers (node:internal/timers:571:7)
[31m[Nest] 181104  - [39m04/09/2026, 9:59:31 pm [31m  ERROR[39m [38;5;3m[BlockchainService] [39m[31mFailed to scan ETH on ETHEREUM blocks 11629506-11634506[39m
Error: request timeout (code=TIMEOUT, version=6.17.0)
    at makeError (C:\Users\perum\OneDrive\Desktop\sidra\node_modules\ethers\src.ts\utils\errors.ts:698:21)
    at ClientRequest.<anonymous> (C:\Users\perum\OneDrive\Desktop\sidra\node_modules\ethers\src.ts\utils\geturl.ts:66:33)
    at ClientRequest.emit (node:events:509:28)
    at TLSSocket.emitRequestTimeout (node:_http_client:1099:9)
    at Object.onceWrapper (node:events:630:28)
    at TLSSocket.emit (node:events:521:24)
    at Socket._onTimeout (node:net:740:8)
    at Timeout.onStreamTimeout [as _onTimeout] (node:internal/stream_base_commons:237:10)
    at listOnTimeout (node:internal/timers:637:11)
    at process.processTimers (node:internal/timers:571:7)
[31m[Nest] 181104  - [39m04/09/2026, 9:59:31 pm [31m  ERROR[39m [38;5;3m[BlockchainService] [39m[31mFailed to scan ETH on ETHEREUM blocks 11629506-11634506[39m
Error: request timeout (code=TIMEOUT, version=6.17.0)
    at makeError (C:\Users\perum\OneDrive\Desktop\sidra\node_modules\ethers\src.ts\utils\errors.ts:698:21)
    at ClientRequest.<anonymous> (C:\Users\perum\OneDrive\Desktop\sidra\node_modules\ethers\src.ts\utils\geturl.ts:66:33)
    at ClientRequest.emit (node:events:509:28)
    at TLSSocket.emitRequestTimeout (node:_http_client:1099:9)
    at Object.onceWrapper (node:events:630:28)
    at TLSSocket.emit (node:events:521:24)
    at Socket._onTimeout (node:net:740:8)
    at Timeout.onStreamTimeout [as _onTimeout] (node:internal/stream_base_commons:237:10)
    at listOnTimeout (node:internal/timers:637:11)
    at process.processTimers (node:internal/timers:571:7)
[31m[Nest] 181104  - [39m04/09/2026, 9:59:31 pm [31m  ERROR[39m [38;5;3m[BlockchainService] [39m[31mFailed to scan ETH on ETHEREUM blocks 11629506-11634506[39m
Error: request timeout (code=TIMEOUT, version=6.17.0)
    at makeError (C:\Users\perum\OneDrive\Desktop\sidra\node_modules\ethers\src.ts\utils\errors.ts:698:21)
    at ClientRequest.<anonymous> (C:\Users\perum\OneDrive\Desktop\sidra\node_modules\ethers\src.ts\utils\geturl.ts:66:33)
    at ClientRequest.emit (node:events:509:28)
    at TLSSocket.emitRequestTimeout (node:_http_client:1099:9)
    at Object.onceWrapper (node:events:630:28)
    at TLSSocket.emit (node:events:521:24)
    at Socket._onTimeout (node:net:740:8)
    at Timeout.onStreamTimeout [as _onTimeout] (node:internal/stream_base_commons:237:10)
    at listOnTimeout (node:internal/timers:637:11)
    at process.processTimers (node:internal/timers:571:7)
[31m[Nest] 181104  - [39m04/09/2026, 9:59:31 pm [31m  ERROR[39m [38;5;3m[BlockchainService] [39m[31mFailed to scan ETH on ETHEREUM blocks 11629509-11634509[39m
Error: request timeout (code=TIMEOUT, version=6.17.0)
    at makeError (C:\Users\perum\OneDrive\Desktop\sidra\node_modules\ethers\src.ts\utils\errors.ts:698:21)
    at ClientRequest.<anonymous> (C:\Users\perum\OneDrive\Desktop\sidra\node_modules\ethers\src.ts\utils\geturl.ts:66:33)
    at ClientRequest.emit (node:events:509:28)
    at TLSSocket.emitRequestTimeout (node:_http_client:1099:9)
    at Object.onceWrapper (node:events:630:28)
    at TLSSocket.emit (node:events:521:24)
    at Socket._onTimeout (node:net:740:8)
    at Timeout.onStreamTimeout [as _onTimeout] (node:internal/stream_base_commons:237:10)
    at listOnTimeout (node:internal/timers:637:11)
    at process.processTimers (node:internal/timers:571:7)
[31m[Nest] 181104  - [39m04/09/2026, 9:59:31 pm [31m  ERROR[39m [38;5;3m[BlockchainService] [39m[31mFailed to scan ETH on ETHEREUM blocks 11629509-11634509[39m
Error: request timeout (code=TIMEOUT, version=6.17.0)
    at makeError (C:\Users\perum\OneDrive\Desktop\sidra\node_modules\ethers\src.ts\utils\errors.ts:698:21)
    at ClientRequest.<anonymous> (C:\Users\perum\OneDrive\Desktop\sidra\node_modules\ethers\src.ts\utils\geturl.ts:66:33)
    at ClientRequest.emit (node:events:509:28)
    at TLSSocket.emitRequestTimeout (node:_http_client:1099:9)
    at Object.onceWrapper (node:events:630:28)
    at TLSSocket.emit (node:events:521:24)
    at Socket._onTimeout (node:net:740:8)
    at Timeout.onStreamTimeout [as _onTimeout] (node:internal/stream_base_commons:237:10)
    at listOnTimeout (node:internal/timers:637:11)
    at process.processTimers (node:internal/timers:571:7)
[31m[Nest] 181104  - [39m04/09/2026, 9:59:31 pm [31m  ERROR[39m [38;5;3m[BlockchainService] [39m[31mFailed to scan ETH on ETHEREUM blocks 11629509-11634509[39m
Error: request timeout (code=TIMEOUT, version=6.17.0)
    at makeError (C:\Users\perum\OneDrive\Desktop\sidra\node_modules\ethers\src.ts\utils\errors.ts:698:21)
    at ClientRequest.<anonymous> (C:\Users\perum\OneDrive\Desktop\sidra\node_modules\ethers\src.ts\utils\geturl.ts:66:33)
    at ClientRequest.emit (node:events:509:28)
    at TLSSocket.emitRequestTimeout (node:_http_client:1099:9)
    at Object.onceWrapper (node:events:630:28)
    at TLSSocket.emit (node:events:521:24)
    at Socket._onTimeout (node:net:740:8)
    at Timeout.onStreamTimeout [as _onTimeout] (node:internal/stream_base_commons:237:10)
    at listOnTimeout (node:internal/timers:637:11)
    at process.processTimers (node:internal/timers:571:7)
[31m[Nest] 181104  - [39m04/09/2026, 9:59:31 pm [31m  ERROR[39m [38;5;3m[BlockchainService] [39m[31mFailed to scan ETH on ETHEREUM blocks 11629509-11634509[39m
Error: request timeout (code=TIMEOUT, version=6.17.0)
    at makeError (C:\Users\perum\OneDrive\Desktop\sidra\node_modules\ethers\src.ts\utils\errors.ts:698:21)
    at ClientRequest.<anonymous> (C:\Users\perum\OneDrive\Desktop\sidra\node_modules\ethers\src.ts\utils\geturl.ts:66:33)
    at ClientRequest.emit (node:events:509:28)
    at TLSSocket.emitRequestTimeout (node:_http_client:1099:9)
    at Object.onceWrapper (node:events:630:28)
    at TLSSocket.emit (node:events:521:24)
    at Socket._onTimeout (node:net:740:8)
    at Timeout.onStreamTimeout [as _onTimeout] (node:internal/stream_base_commons:237:10)
    at listOnTimeout (node:internal/timers:637:11)
    at process.processTimers (node:internal/timers:571:7)
[31m[Nest] 181104  - [39m04/09/2026, 9:59:31 pm [31m  ERROR[39m [38;5;3m[BlockchainService] [39m[31mFailed to scan ETH on ETHEREUM blocks 11629509-11634509[39m
Error: request timeout (code=TIMEOUT, version=6.17.0)
    at makeError (C:\Users\perum\OneDrive\Desktop\sidra\node_modules\ethers\src.ts\utils\errors.ts:698:21)
    at ClientRequest.<anonymous> (C:\Users\perum\OneDrive\Desktop\sidra\node_modules\ethers\src.ts\utils\geturl.ts:66:33)
    at ClientRequest.emit (node:events:509:28)
    at TLSSocket.emitRequestTimeout (node:_http_client:1099:9)
    at Object.onceWrapper (node:events:630:28)
    at TLSSocket.emit (node:events:521:24)
    at Socket._onTimeout (node:net:740:8)
    at Timeout.onStreamTimeout [as _onTimeout] (node:internal/stream_base_commons:237:10)
    at listOnTimeout (node:internal/timers:637:11)
    at process.processTimers (node:internal/timers:571:7)
[31m[Nest] 181104  - [39m04/09/2026, 9:59:31 pm [31m  ERROR[39m [38;5;3m[BlockchainService] [39m[31mFailed to scan ETH on ETHEREUM blocks 11629509-11634509[39m
Error: request timeout (code=TIMEOUT, version=6.17.0)
    at makeError (C:\Users\perum\OneDrive\Desktop\sidra\node_modules\ethers\src.ts\utils\errors.ts:698:21)
    at ClientRequest.<anonymous> (C:\Users\perum\OneDrive\Desktop\sidra\node_modules\ethers\src.ts\utils\geturl.ts:66:33)
    at ClientRequest.emit (node:events:509:28)
    at TLSSocket.emitRequestTimeout (node:_http_client:1099:9)
    at Object.onceWrapper (node:events:630:28)
    at TLSSocket.emit (node:events:521:24)
    at Socket._onTimeout (node:net:740:8)
    at Timeout.onStreamTimeout [as _onTimeout] (node:internal/stream_base_commons:237:10)
    at listOnTimeout (node:internal/timers:637:11)
    at process.processTimers (node:internal/timers:571:7)
[31m[Nest] 181104  - [39m04/09/2026, 9:59:31 pm [31m  ERROR[39m [38;5;3m[BlockchainService] [39m[31mFailed to scan ETH on ETHEREUM blocks 11629509-11634509[39m
Error: request timeout (code=TIMEOUT, version=6.17.0)
    at makeError (C:\Users\perum\OneDrive\Desktop\sidra\node_modules\ethers\src.ts\utils\errors.ts:698:21)
    at ClientRequest.<anonymous> (C:\Users\perum\OneDrive\Desktop\sidra\node_modules\ethers\src.ts\utils\geturl.ts:66:33)
    at ClientRequest.emit (node:events:509:28)
    at TLSSocket.emitRequestTimeout (node:_http_client:1099:9)
    at Object.onceWrapper (node:events:630:28)
    at TLSSocket.emit (node:events:521:24)
    at Socket._onTimeout (node:net:740:8)
    at Timeout.onStreamTimeout [as _onTimeout] (node:internal/stream_base_commons:237:10)
    at listOnTimeout (node:internal/timers:637:11)
    at process.processTimers (node:internal/timers:571:7)
[31m[Nest] 181104  - [39m04/09/2026, 9:59:31 pm [31m  ERROR[39m [38;5;3m[BlockchainService] [39m[31mFailed to scan ETH on ETHEREUM blocks 11629511-11634511[39m
Error: request timeout (code=TIMEOUT, version=6.17.0)
    at makeError (C:\Users\perum\OneDrive\Desktop\sidra\node_modules\ethers\src.ts\utils\errors.ts:698:21)
    at ClientRequest.<anonymous> (C:\Users\perum\OneDrive\Desktop\sidra\node_modules\ethers\src.ts\utils\geturl.ts:66:33)
    at ClientRequest.emit (node:events:509:28)
    at TLSSocket.emitRequestTimeout (node:_http_client:1099:9)
    at Object.onceWrapper (node:events:630:28)
    at TLSSocket.emit (node:events:521:24)
    at Socket._onTimeout (node:net:740:8)
    at Timeout.onStreamTimeout [as _onTimeout] (node:internal/stream_base_commons:237:10)
    at listOnTimeout (node:internal/timers:637:11)
    at process.processTimers (node:internal/timers:571:7)
[31m[Nest] 181104  - [39m04/09/2026, 9:59:31 pm [31m  ERROR[39m [38;5;3m[BlockchainService] [39m[31mFailed to scan ETH on ETHEREUM blocks 11629511-11634511[39m
Error: request timeout (code=TIMEOUT, version=6.17.0)
    at makeError (C:\Users\perum\OneDrive\Desktop\sidra\node_modules\ethers\src.ts\utils\errors.ts:698:21)
    at ClientRequest.<anonymous> (C:\Users\perum\OneDrive\Desktop\sidra\node_modules\ethers\src.ts\utils\geturl.ts:66:33)
    at ClientRequest.emit (node:events:509:28)
    at TLSSocket.emitRequestTimeout (node:_http_client:1099:9)
    at Object.onceWrapper (node:events:630:28)
    at TLSSocket.emit (node:events:521:24)
    at Socket._onTimeout (node:net:740:8)
    at Timeout.onStreamTimeout [as _onTimeout] (node:internal/stream_base_commons:237:10)
    at listOnTimeout (node:internal/timers:637:11)
    at process.processTimers (node:internal/timers:571:7)
[31m[Nest] 181104  - [39m04/09/2026, 9:59:31 pm [31m  ERROR[39m [38;5;3m[BlockchainService] [39m[31mFailed to scan ETH on ETHEREUM blocks 11629511-11634511[39m
Error: request timeout (code=TIMEOUT, version=6.17.0)
    at makeError (C:\Users\perum\OneDrive\Desktop\sidra\node_modules\ethers\src.ts\utils\errors.ts:698:21)
    at ClientRequest.<anonymous> (C:\Users\perum\OneDrive\Desktop\sidra\node_modules\ethers\src.ts\utils\geturl.ts:66:33)
    at ClientRequest.emit (node:events:509:28)
    at TLSSocket.emitRequestTimeout (node:_http_client:1099:9)
    at Object.onceWrapper (node:events:630:28)
    at TLSSocket.emit (node:events:521:24)
    at Socket._onTimeout (node:net:740:8)
    at Timeout.onStreamTimeout [as _onTimeout] (node:internal/stream_base_commons:237:10)
    at listOnTimeout (node:internal/timers:637:11)
    at process.processTimers (node:internal/timers:571:7)
[31m[Nest] 181104  - [39m04/09/2026, 9:59:31 pm [31m  ERROR[39m [38;5;3m[BlockchainService] [39m[31mFailed to scan ETH on ETHEREUM blocks 11629511-11634511[39m
Error: request timeout (code=TIMEOUT, version=6.17.0)
    at makeError (C:\Users\perum\OneDrive\Desktop\sidra\node_modules\ethers\src.ts\utils\errors.ts:698:21)
    at ClientRequest.<anonymous> (C:\Users\perum\OneDrive\Desktop\sidra\node_modules\ethers\src.ts\utils\geturl.ts:66:33)
    at ClientRequest.emit (node:events:509:28)
    at TLSSocket.emitRequestTimeout (node:_http_client:1099:9)
    at Object.onceWrapper (node:events:630:28)
    at TLSSocket.emit (node:events:521:24)
    at Socket._onTimeout (node:net:740:8)
    at Timeout.onStreamTimeout [as _onTimeout] (node:internal/stream_base_commons:237:10)
    at listOnTimeout (node:internal/timers:637:11)
    at process.processTimers (node:internal/timers:571:7)
[31m[Nest] 181104  - [39m04/09/2026, 9:59:31 pm [31m  ERROR[39m [38;5;3m[BlockchainService] [39m[31mFailed to scan ETH on ETHEREUM blocks 11629511-11634511[39m
Error: request timeout (code=TIMEOUT, version=6.17.0)
    at makeError (C:\Users\perum\OneDrive\Desktop\sidra\node_modules\ethers\src.ts\utils\errors.ts:698:21)
    at ClientRequest.<anonymous> (C:\Users\perum\OneDrive\Desktop\sidra\node_modules\ethers\src.ts\utils\geturl.ts:66:33)
    at ClientRequest.emit (node:events:509:28)
    at TLSSocket.emitRequestTimeout (node:_http_client:1099:9)
    at Object.onceWrapper (node:events:630:28)
    at TLSSocket.emit (node:events:521:24)
    at Socket._onTimeout (node:net:740:8)
    at Timeout.onStreamTimeout [as _onTimeout] (node:internal/stream_base_commons:237:10)
    at listOnTimeout (node:internal/timers:637:11)
    at process.processTimers (node:internal/timers:571:7)
[31m[Nest] 181104  - [39m04/09/2026, 9:59:31 pm [31m  ERROR[39m [38;5;3m[BlockchainService] [39m[31mFailed to scan ETH on ETHEREUM blocks 11629511-11634511[39m
Error: request timeout (code=TIMEOUT, version=6.17.0)
    at makeError (C:\Users\perum\OneDrive\Desktop\sidra\node_modules\ethers\src.ts\utils\errors.ts:698:21)
    at ClientRequest.<anonymous> (C:\Users\perum\OneDrive\Desktop\sidra\node_modules\ethers\src.ts\utils\geturl.ts:66:33)
    at ClientRequest.emit (node:events:509:28)
    at TLSSocket.emitRequestTimeout (node:_http_client:1099:9)
    at Object.onceWrapper (node:events:630:28)
    at TLSSocket.emit (node:events:521:24)
    at Socket._onTimeout (node:net:740:8)
    at Timeout.onStreamTimeout [as _onTimeout] (node:internal/stream_base_commons:237:10)
    at listOnTimeout (node:internal/timers:637:11)
    at process.processTimers (node:internal/timers:571:7)
[31m[Nest] 181104  - [39m04/09/2026, 9:59:31 pm [31m  ERROR[39m [38;5;3m[BlockchainService] [39m[31mFailed to scan ETH on ETHEREUM blocks 11629511-11634511[39m
Error: request timeout (code=TIMEOUT, version=6.17.0)
    at makeError (C:\Users\perum\OneDrive\Desktop\sidra\node_modules\ethers\src.ts\utils\errors.ts:698:21)
    at ClientRequest.<anonymous> (C:\Users\perum\OneDrive\Desktop\sidra\node_modules\ethers\src.ts\utils\geturl.ts:66:33)
    at ClientRequest.emit (node:events:509:28)
    at TLSSocket.emitRequestTimeout (node:_http_client:1099:9)
    at Object.onceWrapper (node:events:630:28)
    at TLSSocket.emit (node:events:521:24)
    at Socket._onTimeout (node:net:740:8)
    at Timeout.onStreamTimeout [as _onTimeout] (node:internal/stream_base_commons:237:10)
    at listOnTimeout (node:internal/timers:637:11)
    at process.processTimers (node:internal/timers:571:7)
[31m[Nest] 181104  - [39m04/09/2026, 9:59:32 pm [31m  ERROR[39m [38;5;3m[DepositsService] [39m[31mDeposit poller error on ETHEREUM[39m
PrismaClientKnownRequestError: 
Invalid `this.prisma.depositAddress.findMany()` invocation in
C:\Users\perum\OneDrive\Desktop\sidra\backend\src\modules\deposits\deposits.service.ts:137:63

  134 const tokenConfigs = await this.getTokenScanConfigs(chain);
  135 
  136 // Get all active deposit addresses
→ 137 const depositAddresses = await this.prisma.depositAddress.findMany(
Timed out fetching a new connection from the connection pool. More info: http://pris.ly/d/connection-pool (Current connection pool timeout: 10, connection limit: 1)
    at $n.handleRequestError (C:\Users\perum\OneDrive\Desktop\sidra\node_modules\@prisma\client\runtime\library.js:121:7315)
    at $n.handleAndLogRequestError (C:\Users\perum\OneDrive\Desktop\sidra\node_modules\@prisma\client\runtime\library.js:121:6623)
    at $n.request (C:\Users\perum\OneDrive\Desktop\sidra\node_modules\@prisma\client\runtime\library.js:121:6307)
    at async l (C:\Users\perum\OneDrive\Desktop\sidra\node_modules\@prisma\client\runtime\library.js:130:9633)
    at async DepositsService.pollChain (C:\Users\perum\OneDrive\Desktop\sidra\backend\src\modules\deposits\deposits.service.ts:137:30)
    at async Timeout._onTimeout (C:\Users\perum\OneDrive\Desktop\sidra\backend\src\modules\deposits\deposits.service.ts:80:11)
[31m[Nest] 181104  - [39m04/09/2026, 9:59:32 pm [31m  ERROR[39m [38;5;3m[DepositsService] [39m[31mDeposit poller error on BASE[39m
PrismaClientKnownRequestError: 
Invalid `this.prisma.tokenConfig.findMany()` invocation in
C:\Users\perum\OneDrive\Desktop\sidra\backend\src\modules\deposits\deposits.service.ts:244:56

  241  * Config-driven — new tokens (e.g. SIDRA) can be added via TokenConfig table.
  242  */
  243 private async getTokenScanConfigs(chain: ChainType): Promise<TokenScanConfig[]> {
→ 244   const tokenConfigs = await this.prisma.tokenConfig.findMany(
Server has closed the connection.
    at $n.handleRequestError (C:\Users\perum\OneDrive\Desktop\sidra\node_modules\@prisma\client\runtime\library.js:121:7315)
    at $n.handleAndLogRequestError (C:\Users\perum\OneDrive\Desktop\sidra\node_modules\@prisma\client\runtime\library.js:121:6623)
    at $n.request (C:\Users\perum\OneDrive\Desktop\sidra\node_modules\@prisma\client\runtime\library.js:121:6307)
    at async l (C:\Users\perum\OneDrive\Desktop\sidra\node_modules\@prisma\client\runtime\library.js:130:9633)
    at async DepositsService.getTokenScanConfigs (C:\Users\perum\OneDrive\Desktop\sidra\backend\src\modules\deposits\deposits.service.ts:244:26)
    at async DepositsService.pollChain (C:\Users\perum\OneDrive\Desktop\sidra\backend\src\modules\deposits\deposits.service.ts:134:26)
    at async Timeout._onTimeout (C:\Users\perum\OneDrive\Desktop\sidra\backend\src\modules\deposits\deposits.service.ts:80:11)
[31m[Nest] 181104  - [39m04/09/2026, 10:08:41 pm [31m  ERROR[39m [38;5;3m[DepositsService] [39m[31mDeposit poller error on BASE[39m
Error: read ECONNRESET
    at TLSWrap.onStreamRead (node:internal/stream_base_commons:216:20)
[31m[Nest] 181104  - [39m04/09/2026, 10:08:41 pm [31m  ERROR[39m [38;5;3m[BlockchainService] [39m[31mFailed to scan USDT on ETHEREUM blocks 11629504-11634504[39m
Error: read ECONNRESET
    at TLSWrap.onStreamRead (node:internal/stream_base_commons:216:20)
[31m[Nest] 181104  - [39m04/09/2026, 10:08:41 pm [31m  ERROR[39m [38;5;3m[BlockchainService] [39m[31mFailed to scan USDT on ETHEREUM blocks 11629504-11634504[39m
Error: read ECONNRESET
    at TLSWrap.onStreamRead (node:internal/stream_base_commons:216:20)
[31m[Nest] 181104  - [39m04/09/2026, 10:08:41 pm [31m  ERROR[39m [38;5;3m[BlockchainService] [39m[31mFailed to scan USDT on ETHEREUM blocks 11629504-11634504[39m
Error: read ECONNRESET
    at TLSWrap.onStreamRead (node:internal/stream_base_commons:216:20)
[31m[Nest] 181104  - [39m04/09/2026, 10:08:41 pm [31m  ERROR[39m [38;5;3m[BlockchainService] [39m[31mFailed to scan USDT on ETHEREUM blocks 11629504-11634504[39m
Error: read ECONNRESET
    at TLSWrap.onStreamRead (node:internal/stream_base_commons:216:20)
[31m[Nest] 181104  - [39m04/09/2026, 10:08:41 pm [31m  ERROR[39m [38;5;3m[BlockchainService] [39m[31mFailed to scan USDT on ETHEREUM blocks 11629504-11634504[39m
Error: read ECONNRESET
    at TLSWrap.onStreamRead (node:internal/stream_base_commons:216:20)
[31m[Nest] 181104  - [39m04/09/2026, 10:08:41 pm [31m  ERROR[39m [38;5;3m[BlockchainService] [39m[31mFailed to scan USDT on ETHEREUM blocks 11629504-11634504[39m
Error: read ECONNRESET
    at TLSWrap.onStreamRead (node:internal/stream_base_commons:216:20)
[31m[Nest] 181104  - [39m04/09/2026, 10:08:42 pm [31m  ERROR[39m [38;5;3m[BlockchainService] [39m[31mFailed to scan USDT on ETHEREUM blocks 11629504-11634504[39m
Error: read ECONNRESET
    at TLSWrap.onStreamRead (node:internal/stream_base_commons:216:20)
[31m[Nest] 181104  - [39m04/09/2026, 10:08:42 pm [31m  ERROR[39m [38;5;3m[BlockchainService] [39m[31mFailed to scan USDT on ETHEREUM blocks 11629492-11634492[39m
Error: read ECONNRESET
    at TLSWrap.onStreamRead (node:internal/stream_base_commons:216:20)
[31m[Nest] 181104  - [39m04/09/2026, 10:08:42 pm [31m  ERROR[39m [38;5;3m[BlockchainService] [39m[31mFailed to scan USDT on ETHEREUM blocks 11629492-11634492[39m
Error: read ECONNRESET
    at TLSWrap.onStreamRead (node:internal/stream_base_commons:216:20)
[31m[Nest] 181104  - [39m04/09/2026, 10:08:42 pm [31m  ERROR[39m [38;5;3m[BlockchainService] [39m[31mFailed to scan USDT on ETHEREUM blocks 11629492-11634492[39m
Error: read ECONNRESET
    at TLSWrap.onStreamRead (node:internal/stream_base_commons:216:20)
[31m[Nest] 181104  - [39m04/09/2026, 10:08:42 pm [31m  ERROR[39m [38;5;3m[BlockchainService] [39m[31mFailed to scan USDT on ETHEREUM blocks 11629492-11634492[39m
Error: read ECONNRESET
    at TLSWrap.onStreamRead (node:internal/stream_base_commons:216:20)
[31m[Nest] 181104  - [39m04/09/2026, 10:08:42 pm [31m  ERROR[39m [38;5;3m[BlockchainService] [39m[31mFailed to scan USDT on ETHEREUM blocks 11629492-11634492[39m
Error: read ECONNRESET
    at TLSWrap.onStreamRead (node:internal/stream_base_commons:216:20)
[31m[Nest] 181104  - [39m04/09/2026, 10:08:42 pm [31m  ERROR[39m [38;5;3m[BlockchainService] [39m[31mFailed to scan USDT on ETHEREUM blocks 11629492-11634492[39m
Error: read ECONNRESET
    at TLSWrap.onStreamRead (node:internal/stream_base_commons:216:20)
[31m[Nest] 181104  - [39m04/09/2026, 10:08:42 pm [31m  ERROR[39m [38;5;3m[BlockchainService] [39m[31mFailed to scan USDT on ETHEREUM blocks 11629492-11634492[39m
Error: read ECONNRESET
    at TLSWrap.onStreamRead (node:internal/stream_base_commons:216:20)
[31m[Nest] 181104  - [39m04/09/2026, 10:08:42 pm [31m  ERROR[39m [38;5;3m[BlockchainService] [39m[31mFailed to scan USDT on ETHEREUM blocks 11629494-11634494[39m
Error: read ECONNRESET
    at TLSWrap.onStreamRead (node:internal/stream_base_commons:216:20)
[31m[Nest] 181104  - [39m04/09/2026, 10:08:42 pm [31m  ERROR[39m [38;5;3m[BlockchainService] [39m[31mFailed to scan USDT on ETHEREUM blocks 11629494-11634494[39m
Error: read ECONNRESET
    at TLSWrap.onStreamRead (node:internal/stream_base_commons:216:20)
[31m[Nest] 181104  - [39m04/09/2026, 10:08:42 pm [31m  ERROR[39m [38;5;3m[BlockchainService] [39m[31mFailed to scan USDT on ETHEREUM blocks 11629494-11634494[39m
Error: read ECONNRESET
    at TLSWrap.onStreamRead (node:internal/stream_base_commons:216:20)
[31m[Nest] 181104  - [39m04/09/2026, 10:08:42 pm [31m  ERROR[39m [38;5;3m[BlockchainService] [39m[31mFailed to scan USDT on ETHEREUM blocks 11629494-11634494[39m
Error: read ECONNRESET
    at TLSWrap.onStreamRead (node:internal/stream_base_commons:216:20)
[31m[Nest] 181104  - [39m04/09/2026, 10:08:42 pm [31m  ERROR[39m [38;5;3m[BlockchainService] [39m[31mFailed to scan USDT on ETHEREUM blocks 11629494-11634494[39m
Error: read ECONNRESET
    at TLSWrap.onStreamRead (node:internal/stream_base_commons:216:20)
[31m[Nest] 181104  - [39m04/09/2026, 10:08:42 pm [31m  ERROR[39m [38;5;3m[BlockchainService] [39m[31mFailed to scan USDT on ETHEREUM blocks 11629494-11634494[39m
Error: read ECONNRESET
    at TLSWrap.onStreamRead (node:internal/stream_base_commons:216:20)
[31m[Nest] 181104  - [39m04/09/2026, 10:08:42 pm [31m  ERROR[39m [38;5;3m[BlockchainService] [39m[31mFailed to scan USDT on ETHEREUM blocks 11629494-11634494[39m
Error: read ECONNRESET
    at TLSWrap.onStreamRead (node:internal/stream_base_commons:216:20)
[31m[Nest] 181104  - [39m04/09/2026, 10:08:42 pm [31m  ERROR[39m [38;5;3m[BlockchainService] [39m[31mFailed to scan USDT on ETHEREUM blocks 11629497-11634497[39m
Error: read ECONNRESET
    at TLSWrap.onStreamRead (node:internal/stream_base_commons:216:20)
[31m[Nest] 181104  - [39m04/09/2026, 10:08:42 pm [31m  ERROR[39m [38;5;3m[BlockchainService] [39m[31mFailed to scan USDT on ETHEREUM blocks 11629497-11634497[39m
Error: read ECONNRESET
    at TLSWrap.onStreamRead (node:internal/stream_base_commons:216:20)
[31m[Nest] 181104  - [39m04/09/2026, 10:08:42 pm [31m  ERROR[39m [38;5;3m[BlockchainService] [39m[31mFailed to scan USDT on ETHEREUM blocks 11629497-11634497[39m
Error: read ECONNRESET
    at TLSWrap.onStreamRead (node:internal/stream_base_commons:216:20)
[31m[Nest] 181104  - [39m04/09/2026, 10:08:42 pm [31m  ERROR[39m [38;5;3m[BlockchainService] [39m[31mFailed to scan USDT on ETHEREUM blocks 11629497-11634497[39m
Error: read ECONNRESET
    at TLSWrap.onStreamRead (node:internal/stream_base_commons:216:20)
[31m[Nest] 181104  - [39m04/09/2026, 10:08:42 pm [31m  ERROR[39m [38;5;3m[BlockchainService] [39m[31mFailed to scan USDT on ETHEREUM blocks 11629497-11634497[39m
Error: read ECONNRESET
    at TLSWrap.onStreamRead (node:internal/stream_base_commons:216:20)
[31m[Nest] 181104  - [39m04/09/2026, 10:08:42 pm [31m  ERROR[39m [38;5;3m[BlockchainService] [39m[31mFailed to scan USDT on ETHEREUM blocks 11629497-11634497[39m
Error: read ECONNRESET
    at TLSWrap.onStreamRead (node:internal/stream_base_commons:216:20)
[31m[Nest] 181104  - [39m04/09/2026, 10:08:42 pm [31m  ERROR[39m [38;5;3m[BlockchainService] [39m[31mFailed to scan USDT on ETHEREUM blocks 11629497-11634497[39m
Error: read ECONNRESET
    at TLSWrap.onStreamRead (node:internal/stream_base_commons:216:20)
[31m[Nest] 181104  - [39m04/09/2026, 10:08:42 pm [31m  ERROR[39m [38;5;3m[BlockchainService] [39m[31mFailed to scan USDT on ETHEREUM blocks 11629499-11634499[39m
Error: read ECONNRESET
    at TLSWrap.onStreamRead (node:internal/stream_base_commons:216:20)
[31m[Nest] 181104  - [39m04/09/2026, 10:08:42 pm [31m  ERROR[39m [38;5;3m[BlockchainService] [39m[31mFailed to scan USDT on ETHEREUM blocks 11629499-11634499[39m
Error: read ECONNRESET
    at TLSWrap.onStreamRead (node:internal/stream_base_commons:216:20)
[31m[Nest] 181104  - [39m04/09/2026, 10:08:42 pm [31m  ERROR[39m [38;5;3m[BlockchainService] [39m[31mFailed to scan USDT on ETHEREUM blocks 11629499-11634499[39m
Error: read ECONNRESET
    at TLSWrap.onStreamRead (node:internal/stream_base_commons:216:20)
[31m[Nest] 181104  - [39m04/09/2026, 10:08:42 pm [31m  ERROR[39m [38;5;3m[BlockchainService] [39m[31mFailed to scan USDT on ETHEREUM blocks 11629499-11634499[39m
Error: read ECONNRESET
    at TLSWrap.onStreamRead (node:internal/stream_base_commons:216:20)
[31m[Nest] 181104  - [39m04/09/2026, 10:08:42 pm [31m  ERROR[39m [38;5;3m[BlockchainService] [39m[31mFailed to scan USDT on ETHEREUM blocks 11629499-11634499[39m
Error: read ECONNRESET
    at TLSWrap.onStreamRead (node:internal/stream_base_commons:216:20)
[31m[Nest] 181104  - [39m04/09/2026, 10:08:42 pm [31m  ERROR[39m [38;5;3m[BlockchainService] [39m[31mFailed to scan USDT on ETHEREUM blocks 11629499-11634499[39m
Error: read ECONNRESET
    at TLSWrap.onStreamRead (node:internal/stream_base_commons:216:20)
[31m[Nest] 181104  - [39m04/09/2026, 10:08:42 pm [31m  ERROR[39m [38;5;3m[BlockchainService] [39m[31mFailed to scan USDT on ETHEREUM blocks 11629499-11634499[39m
Error: read ECONNRESET
    at TLSWrap.onStreamRead (node:internal/stream_base_commons:216:20)
[31m[Nest] 181104  - [39m04/09/2026, 10:08:42 pm [31m  ERROR[39m [38;5;3m[BlockchainService] [39m[31mFailed to scan USDT on ETHEREUM blocks 11629502-11634502[39m
Error: read ECONNRESET
    at TLSWrap.onStreamRead (node:internal/stream_base_commons:216:20)
[31m[Nest] 181104  - [39m04/09/2026, 10:08:42 pm [31m  ERROR[39m [38;5;3m[BlockchainService] [39m[31mFailed to scan USDT on ETHEREUM blocks 11629502-11634502[39m
Error: read ECONNRESET
    at TLSWrap.onStreamRead (node:internal/stream_base_commons:216:20)
[31m[Nest] 181104  - [39m04/09/2026, 10:08:42 pm [31m  ERROR[39m [38;5;3m[BlockchainService] [39m[31mFailed to scan USDT on ETHEREUM blocks 11629502-11634502[39m
Error: read ECONNRESET
    at TLSWrap.onStreamRead (node:internal/stream_base_commons:216:20)
[31m[Nest] 181104  - [39m04/09/2026, 10:08:42 pm [31m  ERROR[39m [38;5;3m[BlockchainService] [39m[31mFailed to scan USDT on ETHEREUM blocks 11629502-11634502[39m
Error: read ECONNRESET
    at TLSWrap.onStreamRead (node:internal/stream_base_commons:216:20)
[31m[Nest] 181104  - [39m04/09/2026, 10:08:42 pm [31m  ERROR[39m [38;5;3m[BlockchainService] [39m[31mFailed to scan USDT on ETHEREUM blocks 11629502-11634502[39m
Error: read ECONNRESET
    at TLSWrap.onStreamRead (node:internal/stream_base_commons:216:20)
[31m[Nest] 181104  - [39m04/09/2026, 10:08:42 pm [31m  ERROR[39m [38;5;3m[BlockchainService] [39m[31mFailed to scan USDT on ETHEREUM blocks 11629502-11634502[39m
Error: read ECONNRESET
    at TLSWrap.onStreamRead (node:internal/stream_base_commons:216:20)
[31m[Nest] 181104  - [39m04/09/2026, 10:08:42 pm [31m  ERROR[39m [38;5;3m[BlockchainService] [39m[31mFailed to scan USDT on ETHEREUM blocks 11629502-11634502[39m
Error: read ECONNRESET
    at TLSWrap.onStreamRead (node:internal/stream_base_commons:216:20)
[31m[Nest] 181104  - [39m04/09/2026, 10:08:42 pm [31m  ERROR[39m [38;5;3m[BlockchainService] [39m[31mFailed to scan USDT on ETHEREUM blocks 11629506-11634506[39m
Error: read ECONNRESET
    at TLSWrap.onStreamRead (node:internal/stream_base_commons:216:20)
[31m[Nest] 181104  - [39m04/09/2026, 10:08:42 pm [31m  ERROR[39m [38;5;3m[BlockchainService] [39m[31mFailed to scan USDT on ETHEREUM blocks 11629506-11634506[39m
Error: read ECONNRESET
    at TLSWrap.onStreamRead (node:internal/stream_base_commons:216:20)
[31m[Nest] 181104  - [39m04/09/2026, 10:08:42 pm [31m  ERROR[39m [38;5;3m[BlockchainService] [39m[31mFailed to scan USDT on ETHEREUM blocks 11629506-11634506[39m
Error: read ECONNRESET
    at TLSWrap.onStreamRead (node:internal/stream_base_commons:216:20)
[31m[Nest] 181104  - [39m04/09/2026, 10:08:42 pm [31m  ERROR[39m [38;5;3m[BlockchainService] [39m[31mFailed to scan USDT on ETHEREUM blocks 11629506-11634506[39m
Error: read ECONNRESET
    at TLSWrap.onStreamRead (node:internal/stream_base_commons:216:20)
[31m[Nest] 181104  - [39m04/09/2026, 10:08:42 pm [31m  ERROR[39m [38;5;3m[BlockchainService] [39m[31mFailed to scan USDT on ETHEREUM blocks 11629506-11634506[39m
Error: read ECONNRESET
    at TLSWrap.onStreamRead (node:internal/stream_base_commons:216:20)
[31m[Nest] 181104  - [39m04/09/2026, 10:08:42 pm [31m  ERROR[39m [38;5;3m[BlockchainService] [39m[31mFailed to scan USDT on ETHEREUM blocks 11629506-11634506[39m
Error: read ECONNRESET
    at TLSWrap.onStreamRead (node:internal/stream_base_commons:216:20)
[31m[Nest] 181104  - [39m04/09/2026, 10:08:42 pm [31m  ERROR[39m [38;5;3m[BlockchainService] [39m[31mFailed to scan USDT on ETHEREUM blocks 11629506-11634506[39m
Error: read ECONNRESET
    at TLSWrap.onStreamRead (node:internal/stream_base_commons:216:20)
[31m[Nest] 181104  - [39m04/09/2026, 10:08:42 pm [31m  ERROR[39m [38;5;3m[BlockchainService] [39m[31mFailed to scan USDT on ETHEREUM blocks 11629509-11634509[39m
Error: read ECONNRESET
    at TLSWrap.onStreamRead (node:internal/stream_base_commons:216:20)
[31m[Nest] 181104  - [39m04/09/2026, 10:08:42 pm [31m  ERROR[39m [38;5;3m[BlockchainService] [39m[31mFailed to scan USDT on ETHEREUM blocks 11629509-11634509[39m
Error: read ECONNRESET
    at TLSWrap.onStreamRead (node:internal/stream_base_commons:216:20)
[31m[Nest] 181104  - [39m04/09/2026, 10:08:42 pm [31m  ERROR[39m [38;5;3m[BlockchainService] [39m[31mFailed to scan USDT on ETHEREUM blocks 11629509-11634509[39m
Error: read ECONNRESET
    at TLSWrap.onStreamRead (node:internal/stream_base_commons:216:20)
[31m[Nest] 181104  - [39m04/09/2026, 10:08:42 pm [31m  ERROR[39m [38;5;3m[BlockchainService] [39m[31mFailed to scan USDT on ETHEREUM blocks 11629509-11634509[39m
Error: read ECONNRESET
    at TLSWrap.onStreamRead (node:internal/stream_base_commons:216:20)
[31m[Nest] 181104  - [39m04/09/2026, 10:08:42 pm [31m  ERROR[39m [38;5;3m[BlockchainService] [39m[31mFailed to scan USDT on ETHEREUM blocks 11629509-11634509[39m
Error: read ECONNRESET
    at TLSWrap.onStreamRead (node:internal/stream_base_commons:216:20)
[31m[Nest] 181104  - [39m04/09/2026, 10:08:42 pm [31m  ERROR[39m [38;5;3m[BlockchainService] [39m[31mFailed to scan USDT on ETHEREUM blocks 11629509-11634509[39m
Error: read ECONNRESET
    at TLSWrap.onStreamRead (node:internal/stream_base_commons:216:20)
[31m[Nest] 181104  - [39m04/09/2026, 10:08:42 pm [31m  ERROR[39m [38;5;3m[BlockchainService] [39m[31mFailed to scan USDT on ETHEREUM blocks 11629509-11634509[39m
Error: read ECONNRESET
    at TLSWrap.onStreamRead (node:internal/stream_base_commons:216:20)
[31m[Nest] 181104  - [39m04/09/2026, 10:08:42 pm [31m  ERROR[39m [38;5;3m[BlockchainService] [39m[31mFailed to scan USDT on ETHEREUM blocks 11629511-11634511[39m
Error: read ECONNRESET
    at TLSWrap.onStreamRead (node:internal/stream_base_commons:216:20)
[31m[Nest] 181104  - [39m04/09/2026, 10:08:42 pm [31m  ERROR[39m [38;5;3m[BlockchainService] [39m[31mFailed to scan USDT on ETHEREUM blocks 11629511-11634511[39m
Error: read ECONNRESET
    at TLSWrap.onStreamRead (node:internal/stream_base_commons:216:20)
[31m[Nest] 181104  - [39m04/09/2026, 10:08:42 pm [31m  ERROR[39m [38;5;3m[BlockchainService] [39m[31mFailed to scan USDT on ETHEREUM blocks 11629511-11634511[39m
Error: read ECONNRESET
    at TLSWrap.onStreamRead (node:internal/stream_base_commons:216:20)
[31m[Nest] 181104  - [39m04/09/2026, 10:08:42 pm [31m  ERROR[39m [38;5;3m[BlockchainService] [39m[31mFailed to scan USDT on ETHEREUM blocks 11629511-11634511[39m
Error: read ECONNRESET
    at TLSWrap.onStreamRead (node:internal/stream_base_commons:216:20)
[31m[Nest] 181104  - [39m04/09/2026, 10:08:42 pm [31m  ERROR[39m [38;5;3m[BlockchainService] [39m[31mFailed to scan USDT on ETHEREUM blocks 11629511-11634511[39m
Error: read ECONNRESET
    at TLSWrap.onStreamRead (node:internal/stream_base_commons:216:20)
[31m[Nest] 181104  - [39m04/09/2026, 10:08:42 pm [31m  ERROR[39m [38;5;3m[BlockchainService] [39m[31mFailed to scan USDT on ETHEREUM blocks 11629511-11634511[39m
Error: read ECONNRESET
    at TLSWrap.onStreamRead (node:internal/stream_base_commons:216:20)
[31m[Nest] 181104  - [39m04/09/2026, 10:08:42 pm [31m  ERROR[39m [38;5;3m[BlockchainService] [39m[31mFailed to scan USDT on ETHEREUM blocks 11629511-11634511[39m
Error: read ECONNRESET
    at TLSWrap.onStreamRead (node:internal/stream_base_commons:216:20)
[31m[Nest] 181104  - [39m04/09/2026, 10:08:42 pm [31m  ERROR[39m [38;5;3m[BlockchainService] [39m[31mFailed to scan ETH on ETHEREUM blocks 11629613-11634613[39m
Error: read ECONNRESET
    at TLSWrap.onStreamRead (node:internal/stream_base_commons:216:20)
[31m[Nest] 181104  - [39m04/09/2026, 10:08:42 pm [31m  ERROR[39m [38;5;3m[BlockchainService] [39m[31mFailed to scan ETH on ETHEREUM blocks 11629613-11634613[39m
Error: read ECONNRESET
    at TLSWrap.onStreamRead (node:internal/stream_base_commons:216:20)
[31m[Nest] 181104  - [39m04/09/2026, 10:08:42 pm [31m  ERROR[39m [38;5;3m[BlockchainService] [39m[31mFailed to scan ETH on ETHEREUM blocks 11629613-11634613[39m
Error: read ECONNRESET
    at TLSWrap.onStreamRead (node:internal/stream_base_commons:216:20)
[31m[Nest] 181104  - [39m04/09/2026, 10:08:42 pm [31m  ERROR[39m [38;5;3m[BlockchainService] [39m[31mFailed to scan ETH on ETHEREUM blocks 11629613-11634613[39m
Error: read ECONNRESET
    at TLSWrap.onStreamRead (node:internal/stream_base_commons:216:20)
[31m[Nest] 181104  - [39m04/09/2026, 10:08:42 pm [31m  ERROR[39m [38;5;3m[BlockchainService] [39m[31mFailed to scan ETH on ETHEREUM blocks 11629613-11634613[39m
Error: read ECONNRESET
    at TLSWrap.onStreamRead (node:internal/stream_base_commons:216:20)
[31m[Nest] 181104  - [39m04/09/2026, 10:08:42 pm [31m  ERROR[39m [38;5;3m[BlockchainService] [39m[31mFailed to scan ETH on ETHEREUM blocks 11629613-11634613[39m
Error: read ECONNRESET
    at TLSWrap.onStreamRead (node:internal/stream_base_commons:216:20)
[31m[Nest] 181104  - [39m04/09/2026, 10:08:42 pm [31m  ERROR[39m [38;5;3m[BlockchainService] [39m[31mFailed to scan ETH on ETHEREUM blocks 11629613-11634613[39m
Error: read ECONNRESET
    at TLSWrap.onStreamRead (node:internal/stream_base_commons:216:20)
[31m[Nest] 181104  - [39m04/09/2026, 10:08:42 pm [31m  ERROR[39m [38;5;3m[BlockchainService] [39m[31mFailed to scan ETH on ETHEREUM blocks 11629639-11634639[39m
Error: read ECONNRESET
    at TLSWrap.onStreamRead (node:internal/stream_base_commons:216:20)
[31m[Nest] 181104  - [39m04/09/2026, 10:08:42 pm [31m  ERROR[39m [38;5;3m[BlockchainService] [39m[31mFailed to scan ETH on ETHEREUM blocks 11629639-11634639[39m
Error: read ECONNRESET
    at TLSWrap.onStreamRead (node:internal/stream_base_commons:216:20)
[31m[Nest] 181104  - [39m04/09/2026, 10:08:42 pm [31m  ERROR[39m [38;5;3m[BlockchainService] [39m[31mFailed to scan ETH on ETHEREUM blocks 11629639-11634639[39m
Error: read ECONNRESET
    at TLSWrap.onStreamRead (node:internal/stream_base_commons:216:20)
[31m[Nest] 181104  - [39m04/09/2026, 10:08:42 pm [31m  ERROR[39m [38;5;3m[BlockchainService] [39m[31mFailed to scan ETH on ETHEREUM blocks 11629639-11634639[39m
Error: read ECONNRESET
    at TLSWrap.onStreamRead (node:internal/stream_base_commons:216:20)
[31m[Nest] 181104  - [39m04/09/2026, 10:08:42 pm [31m  ERROR[39m [38;5;3m[BlockchainService] [39m[31mFailed to scan ETH on ETHEREUM blocks 11629639-11634639[39m
Error: read ECONNRESET
    at TLSWrap.onStreamRead (node:internal/stream_base_commons:216:20)
[31m[Nest] 181104  - [39m04/09/2026, 10:08:42 pm [31m  ERROR[39m [38;5;3m[BlockchainService] [39m[31mFailed to scan ETH on ETHEREUM blocks 11629639-11634639[39m
Error: read ECONNRESET
    at TLSWrap.onStreamRead (node:internal/stream_base_commons:216:20)
[31m[Nest] 181104  - [39m04/09/2026, 10:08:42 pm [31m  ERROR[39m [38;5;3m[BlockchainService] [39m[31mFailed to scan ETH on ETHEREUM blocks 11629639-11634639[39m
Error: read ECONNRESET
    at TLSWrap.onStreamRead (node:internal/stream_base_commons:216:20)
[31m[Nest] 181104  - [39m04/09/2026, 10:08:42 pm [31m  ERROR[39m [38;5;3m[BlockchainService] [39m[31mFailed to scan ETH on ETHEREUM blocks 11629615-11634615[39m
Error: read ECONNRESET
    at TLSWrap.onStreamRead (node:internal/stream_base_commons:216:20)
[31m[Nest] 181104  - [39m04/09/2026, 10:08:42 pm [31m  ERROR[39m [38;5;3m[BlockchainService] [39m[31mFailed to scan ETH on ETHEREUM blocks 11629615-11634615[39m
Error: read ECONNRESET
    at TLSWrap.onStreamRead (node:internal/stream_base_commons:216:20)
[31m[Nest] 181104  - [39m04/09/2026, 10:08:42 pm [31m  ERROR[39m [38;5;3m[BlockchainService] [39m[31mFailed to scan ETH on ETHEREUM blocks 11629615-11634615[39m
Error: read ECONNRESET
    at TLSWrap.onStreamRead (node:internal/stream_base_commons:216:20)
[31m[Nest] 181104  - [39m04/09/2026, 10:08:42 pm [31m  ERROR[39m [38;5;3m[BlockchainService] [39m[31mFailed to scan ETH on ETHEREUM blocks 11629615-11634615[39m
Error: read ECONNRESET
    at TLSWrap.onStreamRead (node:internal/stream_base_commons:216:20)
[31m[Nest] 181104  - [39m04/09/2026, 10:08:42 pm [31m  ERROR[39m [38;5;3m[BlockchainService] [39m[31mFailed to scan ETH on ETHEREUM blocks 11629615-11634615[39m
Error: read ECONNRESET
    at TLSWrap.onStreamRead (node:internal/stream_base_commons:216:20)
[31m[Nest] 181104  - [39m04/09/2026, 10:08:42 pm [31m  ERROR[39m [38;5;3m[BlockchainService] [39m[31mFailed to scan ETH on ETHEREUM blocks 11629615-11634615[39m
Error: read ECONNRESET
    at TLSWrap.onStreamRead (node:internal/stream_base_commons:216:20)
[31m[Nest] 181104  - [39m04/09/2026, 10:08:42 pm [31m  ERROR[39m [38;5;3m[BlockchainService] [39m[31mFailed to scan ETH on ETHEREUM blocks 11629615-11634615[39m
Error: read ECONNRESET
    at TLSWrap.onStreamRead (node:internal/stream_base_commons:216:20)
[31m[Nest] 181104  - [39m04/09/2026, 10:08:42 pm [31m  ERROR[39m [38;5;3m[BlockchainService] [39m[31mFailed to scan ETH on ETHEREUM blocks 11629617-11634617[39m
Error: read ECONNRESET
    at TLSWrap.onStreamRead (node:internal/stream_base_commons:216:20)
[31m[Nest] 181104  - [39m04/09/2026, 10:08:42 pm [31m  ERROR[39m [38;5;3m[BlockchainService] [39m[31mFailed to scan ETH on ETHEREUM blocks 11629617-11634617[39m
Error: read ECONNRESET
    at TLSWrap.onStreamRead (node:internal/stream_base_commons:216:20)
[31m[Nest] 181104  - [39m04/09/2026, 10:08:42 pm [31m  ERROR[39m [38;5;3m[BlockchainService] [39m[31mFailed to scan ETH on ETHEREUM blocks 11629617-11634617[39m
Error: read ECONNRESET
    at TLSWrap.onStreamRead (node:internal/stream_base_commons:216:20)
[31m[Nest] 181104  - [39m04/09/2026, 10:08:42 pm [31m  ERROR[39m [38;5;3m[BlockchainService] [39m[31mFailed to scan ETH on ETHEREUM blocks 11629617-11634617[39m
Error: read ECONNRESET
    at TLSWrap.onStreamRead (node:internal/stream_base_commons:216:20)
[31m[Nest] 181104  - [39m04/09/2026, 10:08:42 pm [31m  ERROR[39m [38;5;3m[BlockchainService] [39m[31mFailed to scan ETH on ETHEREUM blocks 11629617-11634617[39m
Error: read ECONNRESET
    at TLSWrap.onStreamRead (node:internal/stream_base_commons:216:20)
[31m[Nest] 181104  - [39m04/09/2026, 10:08:42 pm [31m  ERROR[39m [38;5;3m[BlockchainService] [39m[31mFailed to scan ETH on ETHEREUM blocks 11629617-11634617[39m
Error: read ECONNRESET
    at TLSWrap.onStreamRead (node:internal/stream_base_commons:216:20)
[31m[Nest] 181104  - [39m04/09/2026, 10:08:42 pm [31m  ERROR[39m [38;5;3m[BlockchainService] [39m[31mFailed to scan ETH on ETHEREUM blocks 11629617-11634617[39m
Error: read ECONNRESET
    at TLSWrap.onStreamRead (node:internal/stream_base_commons:216:20)
[31m[Nest] 181104  - [39m04/09/2026, 10:08:42 pm [31m  ERROR[39m [38;5;3m[BlockchainService] [39m[31mFailed to scan ETH on ETHEREUM blocks 11629619-11634619[39m
Error: read ECONNRESET
    at TLSWrap.onStreamRead (node:internal/stream_base_commons:216:20)
[31m[Nest] 181104  - [39m04/09/2026, 10:08:42 pm [31m  ERROR[39m [38;5;3m[BlockchainService] [39m[31mFailed to scan ETH on ETHEREUM blocks 11629619-11634619[39m
Error: read ECONNRESET
    at TLSWrap.onStreamRead (node:internal/stream_base_commons:216:20)
[31m[Nest] 181104  - [39m04/09/2026, 10:08:42 pm [31m  ERROR[39m [38;5;3m[BlockchainService] [39m[31mFailed to scan ETH on ETHEREUM blocks 11629619-11634619[39m
Error: read ECONNRESET
    at TLSWrap.onStreamRead (node:internal/stream_base_commons:216:20)
[31m[Nest] 181104  - [39m04/09/2026, 10:08:42 pm [31m  ERROR[39m [38;5;3m[BlockchainService] [39m[31mFailed to scan ETH on ETHEREUM blocks 11629619-11634619[39m
Error: read ECONNRESET
    at TLSWrap.onStreamRead (node:internal/stream_base_commons:216:20)
[31m[Nest] 181104  - [39m04/09/2026, 10:08:42 pm [31m  ERROR[39m [38;5;3m[BlockchainService] [39m[31mFailed to scan ETH on ETHEREUM blocks 11629619-11634619[39m
Error: read ECONNRESET
    at TLSWrap.onStreamRead (node:internal/stream_base_commons:216:20)
[31m[Nest] 181104  - [39m04/09/2026, 10:08:42 pm [31m  ERROR[39m [38;5;3m[BlockchainService] [39m[31mFailed to scan ETH on ETHEREUM blocks 11629619-11634619[39m
Error: read ECONNRESET
    at TLSWrap.onStreamRead (node:internal/stream_base_commons:216:20)
[31m[Nest] 181104  - [39m04/09/2026, 10:08:42 pm [31m  ERROR[39m [38;5;3m[BlockchainService] [39m[31mFailed to scan ETH on ETHEREUM blocks 11629619-11634619[39m
Error: read ECONNRESET
    at TLSWrap.onStreamRead (node:internal/stream_base_commons:216:20)
[31m[Nest] 181104  - [39m04/09/2026, 10:08:42 pm [31m  ERROR[39m [38;5;3m[BlockchainService] [39m[31mFailed to scan ETH on ETHEREUM blocks 11629621-11634621[39m
Error: read ECONNRESET
    at TLSWrap.onStreamRead (node:internal/stream_base_commons:216:20)
[31m[Nest] 181104  - [39m04/09/2026, 10:08:42 pm [31m  ERROR[39m [38;5;3m[BlockchainService] [39m[31mFailed to scan ETH on ETHEREUM blocks 11629621-11634621[39m
Error: read ECONNRESET
    at TLSWrap.onStreamRead (node:internal/stream_base_commons:216:20)
[31m[Nest] 181104  - [39m04/09/2026, 10:08:42 pm [31m  ERROR[39m [38;5;3m[BlockchainService] [39m[31mFailed to scan ETH on ETHEREUM blocks 11629621-11634621[39m
Error: read ECONNRESET
    at TLSWrap.onStreamRead (node:internal/stream_base_commons:216:20)
[31m[Nest] 181104  - [39m04/09/2026, 10:08:42 pm [31m  ERROR[39m [38;5;3m[BlockchainService] [39m[31mFailed to scan ETH on ETHEREUM blocks 11629621-11634621[39m
Error: read ECONNRESET
    at TLSWrap.onStreamRead (node:internal/stream_base_commons:216:20)
[31m[Nest] 181104  - [39m04/09/2026, 10:08:42 pm [31m  ERROR[39m [38;5;3m[BlockchainService] [39m[31mFailed to scan ETH on ETHEREUM blocks 11629621-11634621[39m
Error: read ECONNRESET
    at TLSWrap.onStreamRead (node:internal/stream_base_commons:216:20)
[31m[Nest] 181104  - [39m04/09/2026, 10:08:42 pm [31m  ERROR[39m [38;5;3m[BlockchainService] [39m[31mFailed to scan ETH on ETHEREUM blocks 11629621-11634621[39m
Error: read ECONNRESET
    at TLSWrap.onStreamRead (node:internal/stream_base_commons:216:20)
[31m[Nest] 181104  - [39m04/09/2026, 10:08:42 pm [31m  ERROR[39m [38;5;3m[BlockchainService] [39m[31mFailed to scan ETH on ETHEREUM blocks 11629621-11634621[39m
Error: read ECONNRESET
    at TLSWrap.onStreamRead (node:internal/stream_base_commons:216:20)
[31m[Nest] 181104  - [39m04/09/2026, 10:08:42 pm [31m  ERROR[39m [38;5;3m[BlockchainService] [39m[31mFailed to scan ETH on ETHEREUM blocks 11629624-11634624[39m
Error: read ECONNRESET
    at TLSWrap.onStreamRead (node:internal/stream_base_commons:216:20)
[31m[Nest] 181104  - [39m04/09/2026, 10:08:42 pm [31m  ERROR[39m [38;5;3m[BlockchainService] [39m[31mFailed to scan ETH on ETHEREUM blocks 11629624-11634624[39m
Error: read ECONNRESET
    at TLSWrap.onStreamRead (node:internal/stream_base_commons:216:20)
[31m[Nest] 181104  - [39m04/09/2026, 10:08:42 pm [31m  ERROR[39m [38;5;3m[BlockchainService] [39m[31mFailed to scan ETH on ETHEREUM blocks 11629624-11634624[39m
Error: read ECONNRESET
    at TLSWrap.onStreamRead (node:internal/stream_base_commons:216:20)
[31m[Nest] 181104  - [39m04/09/2026, 10:08:42 pm [31m  ERROR[39m [38;5;3m[BlockchainService] [39m[31mFailed to scan ETH on ETHEREUM blocks 11629624-11634624[39m
Error: read ECONNRESET
    at TLSWrap.onStreamRead (node:internal/stream_base_commons:216:20)
[31m[Nest] 181104  - [39m04/09/2026, 10:08:42 pm [31m  ERROR[39m [38;5;3m[BlockchainService] [39m[31mFailed to scan ETH on ETHEREUM blocks 11629624-11634624[39m
Error: read ECONNRESET
    at TLSWrap.onStreamRead (node:internal/stream_base_commons:216:20)
[31m[Nest] 181104  - [39m04/09/2026, 10:08:42 pm [31m  ERROR[39m [38;5;3m[BlockchainService] [39m[31mFailed to scan ETH on ETHEREUM blocks 11629624-11634624[39m
Error: read ECONNRESET
    at TLSWrap.onStreamRead (node:internal/stream_base_commons:216:20)
[31m[Nest] 181104  - [39m04/09/2026, 10:08:42 pm [31m  ERROR[39m [38;5;3m[BlockchainService] [39m[31mFailed to scan ETH on ETHEREUM blocks 11629624-11634624[39m
Error: read ECONNRESET
    at TLSWrap.onStreamRead (node:internal/stream_base_commons:216:20)
[31m[Nest] 181104  - [39m04/09/2026, 10:08:42 pm [31m  ERROR[39m [38;5;3m[BlockchainService] [39m[31mFailed to scan ETH on ETHEREUM blocks 11629633-11634633[39m
Error: read ECONNRESET
    at TLSWrap.onStreamRead (node:internal/stream_base_commons:216:20)
[31m[Nest] 181104  - [39m04/09/2026, 10:08:42 pm [31m  ERROR[39m [38;5;3m[BlockchainService] [39m[31mFailed to scan ETH on ETHEREUM blocks 11629633-11634633[39m
Error: read ECONNRESET
    at TLSWrap.onStreamRead (node:internal/stream_base_commons:216:20)
[31m[Nest] 181104  - [39m04/09/2026, 10:08:42 pm [31m  ERROR[39m [38;5;3m[BlockchainService] [39m[31mFailed to scan ETH on ETHEREUM blocks 11629633-11634633[39m
Error: read ECONNRESET
    at TLSWrap.onStreamRead (node:internal/stream_base_commons:216:20)
[31m[Nest] 181104  - [39m04/09/2026, 10:08:42 pm [31m  ERROR[39m [38;5;3m[BlockchainService] [39m[31mFailed to scan ETH on ETHEREUM blocks 11629633-11634633[39m
Error: read ECONNRESET
    at TLSWrap.onStreamRead (node:internal/stream_base_commons:216:20)
[31m[Nest] 181104  - [39m04/09/2026, 10:08:42 pm [31m  ERROR[39m [38;5;3m[BlockchainService] [39m[31mFailed to scan ETH on ETHEREUM blocks 11629633-11634633[39m
Error: read ECONNRESET
    at TLSWrap.onStreamRead (node:internal/stream_base_commons:216:20)
[31m[Nest] 181104  - [39m04/09/2026, 10:08:42 pm [31m  ERROR[39m [38;5;3m[BlockchainService] [39m[31mFailed to scan ETH on ETHEREUM blocks 11629633-11634633[39m
Error: read ECONNRESET
    at TLSWrap.onStreamRead (node:internal/stream_base_commons:216:20)
[31m[Nest] 181104  - [39m04/09/2026, 10:08:42 pm [31m  ERROR[39m [38;5;3m[BlockchainService] [39m[31mFailed to scan ETH on ETHEREUM blocks 11629633-11634633[39m
Error: read ECONNRESET
    at TLSWrap.onStreamRead (node:internal/stream_base_commons:216:20)
[31m[Nest] 181104  - [39m04/09/2026, 10:08:42 pm [31m  ERROR[39m [38;5;3m[BlockchainService] [39m[31mFailed to scan ETH on ETHEREUM blocks 11629626-11634626[39m
Error: read ECONNRESET
    at TLSWrap.onStreamRead (node:internal/stream_base_commons:216:20)
[31m[Nest] 181104  - [39m04/09/2026, 10:08:42 pm [31m  ERROR[39m [38;5;3m[BlockchainService] [39m[31mFailed to scan ETH on ETHEREUM blocks 11629626-11634626[39m
Error: read ECONNRESET
    at TLSWrap.onStreamRead (node:internal/stream_base_commons:216:20)
[31m[Nest] 181104  - [39m04/09/2026, 10:08:42 pm [31m  ERROR[39m [38;5;3m[BlockchainService] [39m[31mFailed to scan ETH on ETHEREUM blocks 11629626-11634626[39m
Error: read ECONNRESET
    at TLSWrap.onStreamRead (node:internal/stream_base_commons:216:20)
[31m[Nest] 181104  - [39m04/09/2026, 10:08:42 pm [31m  ERROR[39m [38;5;3m[BlockchainService] [39m[31mFailed to scan ETH on ETHEREUM blocks 11629626-11634626[39m
Error: read ECONNRESET
    at TLSWrap.onStreamRead (node:internal/stream_base_commons:216:20)
[31m[Nest] 181104  - [39m04/09/2026, 10:08:42 pm [31m  ERROR[39m [38;5;3m[BlockchainService] [39m[31mFailed to scan ETH on ETHEREUM blocks 11629626-11634626[39m
Error: read ECONNRESET
    at TLSWrap.onStreamRead (node:internal/stream_base_commons:216:20)
[31m[Nest] 181104  - [39m04/09/2026, 10:08:42 pm [31m  ERROR[39m [38;5;3m[BlockchainService] [39m[31mFailed to scan ETH on ETHEREUM blocks 11629626-11634626[39m
Error: read ECONNRESET
    at TLSWrap.onStreamRead (node:internal/stream_base_commons:216:20)
[31m[Nest] 181104  - [39m04/09/2026, 10:08:42 pm [31m  ERROR[39m [38;5;3m[BlockchainService] [39m[31mFailed to scan ETH on ETHEREUM blocks 11629626-11634626[39m
Error: read ECONNRESET
    at TLSWrap.onStreamRead (node:internal/stream_base_commons:216:20)
[31m[Nest] 181104  - [39m04/09/2026, 10:08:42 pm [31m  ERROR[39m [38;5;3m[BlockchainService] [39m[31mFailed to scan ETH on ETHEREUM blocks 11629630-11634630[39m
Error: read ECONNRESET
    at TLSWrap.onStreamRead (node:internal/stream_base_commons:216:20)
[31m[Nest] 181104  - [39m04/09/2026, 10:08:42 pm [31m  ERROR[39m [38;5;3m[BlockchainService] [39m[31mFailed to scan ETH on ETHEREUM blocks 11629630-11634630[39m
Error: read ECONNRESET
    at TLSWrap.onStreamRead (node:internal/stream_base_commons:216:20)
[31m[Nest] 181104  - [39m04/09/2026, 10:08:42 pm [31m  ERROR[39m [38;5;3m[BlockchainService] [39m[31mFailed to scan ETH on ETHEREUM blocks 11629630-11634630[39m
Error: read ECONNRESET
    at TLSWrap.onStreamRead (node:internal/stream_base_commons:216:20)
[31m[Nest] 181104  - [39m04/09/2026, 10:08:42 pm [31m  ERROR[39m [38;5;3m[BlockchainService] [39m[31mFailed to scan ETH on ETHEREUM blocks 11629630-11634630[39m
Error: read ECONNRESET
    at TLSWrap.onStreamRead (node:internal/stream_base_commons:216:20)
[31m[Nest] 181104  - [39m04/09/2026, 10:08:42 pm [31m  ERROR[39m [38;5;3m[BlockchainService] [39m[31mFailed to scan ETH on ETHEREUM blocks 11629630-11634630[39m
Error: read ECONNRESET
    at TLSWrap.onStreamRead (node:internal/stream_base_commons:216:20)
[31m[Nest] 181104  - [39m04/09/2026, 10:08:42 pm [31m  ERROR[39m [38;5;3m[BlockchainService] [39m[31mFailed to scan ETH on ETHEREUM blocks 11629630-11634630[39m
Error: read ECONNRESET
    at TLSWrap.onStreamRead (node:internal/stream_base_commons:216:20)
[31m[Nest] 181104  - [39m04/09/2026, 10:08:42 pm [31m  ERROR[39m [38;5;3m[BlockchainService] [39m[31mFailed to scan ETH on ETHEREUM blocks 11629630-11634630[39m
Error: read ECONNRESET
    at TLSWrap.onStreamRead (node:internal/stream_base_commons:216:20)
[31m[Nest] 181104  - [39m04/09/2026, 10:08:42 pm [31m  ERROR[39m [38;5;3m[BlockchainService] [39m[31mFailed to scan ETH on ETHEREUM blocks 11629628-11634628[39m
Error: read ECONNRESET
    at TLSWrap.onStreamRead (node:internal/stream_base_commons:216:20)
[31m[Nest] 181104  - [39m04/09/2026, 10:08:42 pm [31m  ERROR[39m [38;5;3m[BlockchainService] [39m[31mFailed to scan ETH on ETHEREUM blocks 11629628-11634628[39m
Error: read ECONNRESET
    at TLSWrap.onStreamRead (node:internal/stream_base_commons:216:20)
[31m[Nest] 181104  - [39m04/09/2026, 10:08:42 pm [31m  ERROR[39m [38;5;3m[BlockchainService] [39m[31mFailed to scan ETH on ETHEREUM blocks 11629628-11634628[39m
Error: read ECONNRESET
    at TLSWrap.onStreamRead (node:internal/stream_base_commons:216:20)
[31m[Nest] 181104  - [39m04/09/2026, 10:08:42 pm [31m  ERROR[39m [38;5;3m[BlockchainService] [39m[31mFailed to scan ETH on ETHEREUM blocks 11629628-11634628[39m
Error: read ECONNRESET
    at TLSWrap.onStreamRead (node:internal/stream_base_commons:216:20)
[31m[Nest] 181104  - [39m04/09/2026, 10:08:42 pm [31m  ERROR[39m [38;5;3m[BlockchainService] [39m[31mFailed to scan ETH on ETHEREUM blocks 11629628-11634628[39m
Error: read ECONNRESET
    at TLSWrap.onStreamRead (node:internal/stream_base_commons:216:20)
[31m[Nest] 181104  - [39m04/09/2026, 10:08:42 pm [31m  ERROR[39m [38;5;3m[BlockchainService] [39m[31mFailed to scan ETH on ETHEREUM blocks 11629628-11634628[39m
Error: read ECONNRESET
    at TLSWrap.onStreamRead (node:internal/stream_base_commons:216:20)
[31m[Nest] 181104  - [39m04/09/2026, 10:08:42 pm [31m  ERROR[39m [38;5;3m[BlockchainService] [39m[31mFailed to scan ETH on ETHEREUM blocks 11629628-11634628[39m
Error: read ECONNRESET
    at TLSWrap.onStreamRead (node:internal/stream_base_commons:216:20)
[31m[Nest] 181104  - [39m04/09/2026, 10:08:42 pm [31m  ERROR[39m [38;5;3m[BlockchainService] [39m[31mFailed to scan ETH on ETHEREUM blocks 11629636-11634636[39m
Error: read ECONNRESET
    at TLSWrap.onStreamRead (node:internal/stream_base_commons:216:20)
[31m[Nest] 181104  - [39m04/09/2026, 10:08:42 pm [31m  ERROR[39m [38;5;3m[BlockchainService] [39m[31mFailed to scan ETH on ETHEREUM blocks 11629636-11634636[39m
Error: read ECONNRESET
    at TLSWrap.onStreamRead (node:internal/stream_base_commons:216:20)
[31m[Nest] 181104  - [39m04/09/2026, 10:08:42 pm [31m  ERROR[39m [38;5;3m[BlockchainService] [39m[31mFailed to scan ETH on ETHEREUM blocks 11629636-11634636[39m
Error: read ECONNRESET
    at TLSWrap.onStreamRead (node:internal/stream_base_commons:216:20)
[31m[Nest] 181104  - [39m04/09/2026, 10:08:42 pm [31m  ERROR[39m [38;5;3m[BlockchainService] [39m[31mFailed to scan ETH on ETHEREUM blocks 11629636-11634636[39m
Error: read ECONNRESET
    at TLSWrap.onStreamRead (node:internal/stream_base_commons:216:20)
[31m[Nest] 181104  - [39m04/09/2026, 10:08:42 pm [31m  ERROR[39m [38;5;3m[BlockchainService] [39m[31mFailed to scan ETH on ETHEREUM blocks 11629636-11634636[39m
Error: read ECONNRESET
    at TLSWrap.onStreamRead (node:internal/stream_base_commons:216:20)
[31m[Nest] 181104  - [39m04/09/2026, 10:08:42 pm [31m  ERROR[39m [38;5;3m[BlockchainService] [39m[31mFailed to scan ETH on ETHEREUM blocks 11629636-11634636[39m
Error: read ECONNRESET
    at TLSWrap.onStreamRead (node:internal/stream_base_commons:216:20)
[31m[Nest] 181104  - [39m04/09/2026, 10:08:42 pm [31m  ERROR[39m [38;5;3m[BlockchainService] [39m[31mFailed to scan ETH on ETHEREUM blocks 11629636-11634636[39m
Error: read ECONNRESET
    at TLSWrap.onStreamRead (node:internal/stream_base_commons:216:20)
[31m[Nest] 181104  - [39m04/09/2026, 10:08:42 pm [31m  ERROR[39m [38;5;3m[BlockchainService] [39m[31mFailed to scan ETH on ETHEREUM blocks 11629641-11634641[39m
Error: read ECONNRESET
    at TLSWrap.onStreamRead (node:internal/stream_base_commons:216:20)
[31m[Nest] 181104  - [39m04/09/2026, 10:08:42 pm [31m  ERROR[39m [38;5;3m[BlockchainService] [39m[31mFailed to scan ETH on ETHEREUM blocks 11629641-11634641[39m
Error: read ECONNRESET
    at TLSWrap.onStreamRead (node:internal/stream_base_commons:216:20)
[31m[Nest] 181104  - [39m04/09/2026, 10:08:42 pm [31m  ERROR[39m [38;5;3m[BlockchainService] [39m[31mFailed to scan ETH on ETHEREUM blocks 11629641-11634641[39m
Error: read ECONNRESET
    at TLSWrap.onStreamRead (node:internal/stream_base_commons:216:20)
[31m[Nest] 181104  - [39m04/09/2026, 10:08:42 pm [31m  ERROR[39m [38;5;3m[BlockchainService] [39m[31mFailed to scan ETH on ETHEREUM blocks 11629641-11634641[39m
Error: read ECONNRESET
    at TLSWrap.onStreamRead (node:internal/stream_base_commons:216:20)
[31m[Nest] 181104  - [39m04/09/2026, 10:08:42 pm [31m  ERROR[39m [38;5;3m[BlockchainService] [39m[31mFailed to scan ETH on ETHEREUM blocks 11629641-11634641[39m
Error: read ECONNRESET
    at TLSWrap.onStreamRead (node:internal/stream_base_commons:216:20)
[31m[Nest] 181104  - [39m04/09/2026, 10:08:42 pm [31m  ERROR[39m [38;5;3m[BlockchainService] [39m[31mFailed to scan ETH on ETHEREUM blocks 11629641-11634641[39m
Error: read ECONNRESET
    at TLSWrap.onStreamRead (node:internal/stream_base_commons:216:20)
[31m[Nest] 181104  - [39m04/09/2026, 10:08:42 pm [31m  ERROR[39m [38;5;3m[BlockchainService] [39m[31mFailed to scan ETH on ETHEREUM blocks 11629641-11634641[39m
Error: read ECONNRESET
    at TLSWrap.onStreamRead (node:internal/stream_base_commons:216:20)
[31m[Nest] 181104  - [39m04/09/2026, 10:08:42 pm [31m  ERROR[39m [38;5;3m[BlockchainService] [39m[31mFailed to scan ETH on ETHEREUM blocks 11629643-11634643[39m
Error: read ECONNRESET
    at TLSWrap.onStreamRead (node:internal/stream_base_commons:216:20)
[31m[Nest] 181104  - [39m04/09/2026, 10:08:42 pm [31m  ERROR[39m [38;5;3m[BlockchainService] [39m[31mFailed to scan ETH on ETHEREUM blocks 11629643-11634643[39m
Error: read ECONNRESET
    at TLSWrap.onStreamRead (node:internal/stream_base_commons:216:20)
[31m[Nest] 181104  - [39m04/09/2026, 10:08:42 pm [31m  ERROR[39m [38;5;3m[BlockchainService] [39m[31mFailed to scan ETH on ETHEREUM blocks 11629643-11634643[39m
Error: read ECONNRESET
    at TLSWrap.onStreamRead (node:internal/stream_base_commons:216:20)
[31m[Nest] 181104  - [39m04/09/2026, 10:08:42 pm [31m  ERROR[39m [38;5;3m[BlockchainService] [39m[31mFailed to scan ETH on ETHEREUM blocks 11629643-11634643[39m
Error: read ECONNRESET
    at TLSWrap.onStreamRead (node:internal/stream_base_commons:216:20)
[31m[Nest] 181104  - [39m04/09/2026, 10:08:42 pm [31m  ERROR[39m [38;5;3m[BlockchainService] [39m[31mFailed to scan ETH on ETHEREUM blocks 11629643-11634643[39m
Error: read ECONNRESET
    at TLSWrap.onStreamRead (node:internal/stream_base_commons:216:20)
[31m[Nest] 181104  - [39m04/09/2026, 10:08:42 pm [31m  ERROR[39m [38;5;3m[BlockchainService] [39m[31mFailed to scan ETH on ETHEREUM blocks 11629643-11634643[39m
Error: read ECONNRESET
    at TLSWrap.onStreamRead (node:internal/stream_base_commons:216:20)
[31m[Nest] 181104  - [39m04/09/2026, 10:08:42 pm [31m  ERROR[39m [38;5;3m[BlockchainService] [39m[31mFailed to scan ETH on ETHEREUM blocks 11629643-11634643[39m
Error: read ECONNRESET
    at TLSWrap.onStreamRead (node:internal/stream_base_commons:216:20)
[31m[Nest] 181104  - [39m04/09/2026, 10:08:42 pm [31m  ERROR[39m [38;5;3m[BlockchainService] [39m[31mFailed to scan ETH on ETHEREUM blocks 11629646-11634646[39m
Error: read ECONNRESET
    at TLSWrap.onStreamRead (node:internal/stream_base_commons:216:20)
[31m[Nest] 181104  - [39m04/09/2026, 10:08:42 pm [31m  ERROR[39m [38;5;3m[BlockchainService] [39m[31mFailed to scan ETH on ETHEREUM blocks 11629646-11634646[39m
Error: read ECONNRESET
    at TLSWrap.onStreamRead (node:internal/stream_base_commons:216:20)
[31m[Nest] 181104  - [39m04/09/2026, 10:08:42 pm [31m  ERROR[39m [38;5;3m[BlockchainService] [39m[31mFailed to scan ETH on ETHEREUM blocks 11629646-11634646[39m
Error: read ECONNRESET
    at TLSWrap.onStreamRead (node:internal/stream_base_commons:216:20)
[31m[Nest] 181104  - [39m04/09/2026, 10:08:42 pm [31m  ERROR[39m [38;5;3m[BlockchainService] [39m[31mFailed to scan ETH on ETHEREUM blocks 11629646-11634646[39m
Error: read ECONNRESET
    at TLSWrap.onStreamRead (node:internal/stream_base_commons:216:20)
[31m[Nest] 181104  - [39m04/09/2026, 10:08:42 pm [31m  ERROR[39m [38;5;3m[BlockchainService] [39m[31mFailed to scan ETH on ETHEREUM blocks 11629646-11634646[39m
Error: read ECONNRESET
    at TLSWrap.onStreamRead (node:internal/stream_base_commons:216:20)
[31m[Nest] 181104  - [39m04/09/2026, 10:08:42 pm [31m  ERROR[39m [38;5;3m[BlockchainService] [39m[31mFailed to scan ETH on ETHEREUM blocks 11629646-11634646[39m
Error: read ECONNRESET
    at TLSWrap.onStreamRead (node:internal/stream_base_commons:216:20)
[31m[Nest] 181104  - [39m04/09/2026, 10:08:42 pm [31m  ERROR[39m [38;5;3m[BlockchainService] [39m[31mFailed to scan ETH on ETHEREUM blocks 11629646-11634646[39m
Error: read ECONNRESET
    at TLSWrap.onStreamRead (node:internal/stream_base_commons:216:20)
[31m[Nest] 181104  - [39m04/09/2026, 10:08:42 pm [31m  ERROR[39m [38;5;3m[BlockchainService] [39m[31mFailed to scan ETH on ETHEREUM blocks 11629648-11634648[39m
Error: read ECONNRESET
    at TLSWrap.onStreamRead (node:internal/stream_base_commons:216:20)
[31m[Nest] 181104  - [39m04/09/2026, 10:08:42 pm [31m  ERROR[39m [38;5;3m[BlockchainService] [39m[31mFailed to scan ETH on ETHEREUM blocks 11629648-11634648[39m
Error: read ECONNRESET
    at TLSWrap.onStreamRead (node:internal/stream_base_commons:216:20)
[31m[Nest] 181104  - [39m04/09/2026, 10:08:42 pm [31m  ERROR[39m [38;5;3m[BlockchainService] [39m[31mFailed to scan ETH on ETHEREUM blocks 11629648-11634648[39m
Error: read ECONNRESET
    at TLSWrap.onStreamRead (node:internal/stream_base_commons:216:20)
[31m[Nest] 181104  - [39m04/09/2026, 10:08:42 pm [31m  ERROR[39m [38;5;3m[BlockchainService] [39m[31mFailed to scan ETH on ETHEREUM blocks 11629648-11634648[39m
Error: read ECONNRESET
    at TLSWrap.onStreamRead (node:internal/stream_base_commons:216:20)
[31m[Nest] 181104  - [39m04/09/2026, 10:08:42 pm [31m  ERROR[39m [38;5;3m[BlockchainService] [39m[31mFailed to scan ETH on ETHEREUM blocks 11629648-11634648[39m
Error: read ECONNRESET
    at TLSWrap.onStreamRead (node:internal/stream_base_commons:216:20)
[31m[Nest] 181104  - [39m04/09/2026, 10:08:42 pm [31m  ERROR[39m [38;5;3m[BlockchainService] [39m[31mFailed to scan ETH on ETHEREUM blocks 11629648-11634648[39m
Error: read ECONNRESET
    at TLSWrap.onStreamRead (node:internal/stream_base_commons:216:20)
[31m[Nest] 181104  - [39m04/09/2026, 10:08:42 pm [31m  ERROR[39m [38;5;3m[BlockchainService] [39m[31mFailed to scan ETH on ETHEREUM blocks 11629648-11634648[39m
Error: read ECONNRESET
    at TLSWrap.onStreamRead (node:internal/stream_base_commons:216:20)
[31m[Nest] 181104  - [39m04/09/2026, 10:08:42 pm [31m  ERROR[39m [38;5;3m[BlockchainService] [39m[31mFailed to scan ETH on ETHEREUM blocks 11629651-11634651[39m
Error: read ECONNRESET
    at TLSWrap.onStreamRead (node:internal/stream_base_commons:216:20)
[31m[Nest] 181104  - [39m04/09/2026, 10:08:42 pm [31m  ERROR[39m [38;5;3m[BlockchainService] [39m[31mFailed to scan ETH on ETHEREUM blocks 11629651-11634651[39m
Error: read ECONNRESET
    at TLSWrap.onStreamRead (node:internal/stream_base_commons:216:20)
[31m[Nest] 181104  - [39m04/09/2026, 10:08:42 pm [31m  ERROR[39m [38;5;3m[BlockchainService] [39m[31mFailed to scan ETH on ETHEREUM blocks 11629651-11634651[39m
Error: read ECONNRESET
    at TLSWrap.onStreamRead (node:internal/stream_base_commons:216:20)
[31m[Nest] 181104  - [39m04/09/2026, 10:08:42 pm [31m  ERROR[39m [38;5;3m[BlockchainService] [39m[31mFailed to scan ETH on ETHEREUM blocks 11629651-11634651[39m
Error: read ECONNRESET
    at TLSWrap.onStreamRead (node:internal/stream_base_commons:216:20)
[31m[Nest] 181104  - [39m04/09/2026, 10:08:42 pm [31m  ERROR[39m [38;5;3m[BlockchainService] [39m[31mFailed to scan ETH on ETHEREUM blocks 11629651-11634651[39m
Error: read ECONNRESET
    at TLSWrap.onStreamRead (node:internal/stream_base_commons:216:20)
[31m[Nest] 181104  - [39m04/09/2026, 10:08:42 pm [31m  ERROR[39m [38;5;3m[BlockchainService] [39m[31mFailed to scan ETH on ETHEREUM blocks 11629651-11634651[39m
Error: read ECONNRESET
    at TLSWrap.onStreamRead (node:internal/stream_base_commons:216:20)
[31m[Nest] 181104  - [39m04/09/2026, 10:08:42 pm [31m  ERROR[39m [38;5;3m[BlockchainService] [39m[31mFailed to scan ETH on ETHEREUM blocks 11629651-11634651[39m
Error: read ECONNRESET
    at TLSWrap.onStreamRead (node:internal/stream_base_commons:216:20)
[31m[Nest] 181104  - [39m04/09/2026, 10:16:29 pm [31m  ERROR[39m [38;5;3m[DepositsService] [39m[31mDeposit poller error on BASE[39m
Error: could not coalesce error (error={ "code": -32016, "message": "over rate limit" }, payload={ "id": 7901, "jsonrpc": "2.0", "method": "eth_blockNumber", "params": [  ] }, code=UNKNOWN_ERROR, version=6.17.0)
    at makeError (C:\Users\perum\OneDrive\Desktop\sidra\node_modules\ethers\src.ts\utils\errors.ts:698:21)
    at JsonRpcProvider.getRpcError (C:\Users\perum\OneDrive\Desktop\sidra\node_modules\ethers\src.ts\providers\provider-jsonrpc.ts:1086:25)
    at <anonymous> (C:\Users\perum\OneDrive\Desktop\sidra\node_modules\ethers\src.ts\providers\provider-jsonrpc.ts:571:45)
    at process.processTicksAndRejections (node:internal/process/task_queues:104:5)
[31m[Nest] 181104  - [39m04/09/2026, 10:17:03 pm [31m  ERROR[39m [38;5;3m[DepositsService] [39m[31mDeposit poller error on BASE[39m
Error: could not coalesce error (error={ "code": -32016, "message": "over rate limit" }, payload={ "id": 8142, "jsonrpc": "2.0", "method": "eth_blockNumber", "params": [  ] }, code=UNKNOWN_ERROR, version=6.17.0)
    at makeError (C:\Users\perum\OneDrive\Desktop\sidra\node_modules\ethers\src.ts\utils\errors.ts:698:21)
    at JsonRpcProvider.getRpcError (C:\Users\perum\OneDrive\Desktop\sidra\node_modules\ethers\src.ts\providers\provider-jsonrpc.ts:1086:25)
    at <anonymous> (C:\Users\perum\OneDrive\Desktop\sidra\node_modules\ethers\src.ts\providers\provider-jsonrpc.ts:571:45)
    at process.processTicksAndRejections (node:internal/process/task_queues:104:5)
[31m[Nest] 181104  - [39m04/09/2026, 10:17:42 pm [31m  ERROR[39m [38;5;3m[DepositsService] [39m[31mDeposit poller error on BASE[39m
Error: could not coalesce error (error={ "code": -32016, "message": "over rate limit" }, payload={ "id": 8423, "jsonrpc": "2.0", "method": "eth_blockNumber", "params": [  ] }, code=UNKNOWN_ERROR, version=6.17.0)
    at makeError (C:\Users\perum\OneDrive\Desktop\sidra\node_modules\ethers\src.ts\utils\errors.ts:698:21)
    at JsonRpcProvider.getRpcError (C:\Users\perum\OneDrive\Desktop\sidra\node_modules\ethers\src.ts\providers\provider-jsonrpc.ts:1086:25)
    at <anonymous> (C:\Users\perum\OneDrive\Desktop\sidra\node_modules\ethers\src.ts\providers\provider-jsonrpc.ts:571:45)
    at process.processTicksAndRejections (node:internal/process/task_queues:104:5)
[31m[Nest] 181104  - [39m04/09/2026, 10:18:23 pm [31m  ERROR[39m [38;5;3m[DepositsService] [39m[31mDeposit poller error on BASE[39m
Error: could not coalesce error (error={ "code": -32016, "message": "over rate limit" }, payload={ "id": 8744, "jsonrpc": "2.0", "method": "eth_blockNumber", "params": [  ] }, code=UNKNOWN_ERROR, version=6.17.0)
    at makeError (C:\Users\perum\OneDrive\Desktop\sidra\node_modules\ethers\src.ts\utils\errors.ts:698:21)
    at JsonRpcProvider.getRpcError (C:\Users\perum\OneDrive\Desktop\sidra\node_modules\ethers\src.ts\providers\provider-jsonrpc.ts:1086:25)
    at <anonymous> (C:\Users\perum\OneDrive\Desktop\sidra\node_modules\ethers\src.ts\providers\provider-jsonrpc.ts:571:45)
    at process.processTicksAndRejections (node:internal/process/task_queues:104:5)
[31m[Nest] 181104  - [39m04/09/2026, 10:19:07 pm [31m  ERROR[39m [38;5;3m[BlockchainService] [39m[31mFailed to scan ETH on BASE blocks 46381033-46386033[39m
Error: could not coalesce error (error={ "code": -32016, "message": "over rate limit" }, payload={ "id": 9066, "jsonrpc": "2.0", "method": "eth_getBlockByNumber", "params": [ "0x2c3b80a", true ] }, code=UNKNOWN_ERROR, version=6.17.0)
    at makeError (C:\Users\perum\OneDrive\Desktop\sidra\node_modules\ethers\src.ts\utils\errors.ts:698:21)
    at JsonRpcProvider.getRpcError (C:\Users\perum\OneDrive\Desktop\sidra\node_modules\ethers\src.ts\providers\provider-jsonrpc.ts:1086:25)
    at <anonymous> (C:\Users\perum\OneDrive\Desktop\sidra\node_modules\ethers\src.ts\providers\provider-jsonrpc.ts:571:45)
    at process.processTicksAndRejections (node:internal/process/task_queues:104:5)
[31m[Nest] 181104  - [39m04/09/2026, 10:19:07 pm [31m  ERROR[39m [38;5;3m[BlockchainService] [39m[31mFailed to scan ETH on BASE blocks 46381033-46386033[39m
Error: could not coalesce error (error={ "code": -32016, "message": "over rate limit" }, payload={ "id": 9066, "jsonrpc": "2.0", "method": "eth_getBlockByNumber", "params": [ "0x2c3b80a", true ] }, code=UNKNOWN_ERROR, version=6.17.0)
    at makeError (C:\Users\perum\OneDrive\Desktop\sidra\node_modules\ethers\src.ts\utils\errors.ts:698:21)
    at JsonRpcProvider.getRpcError (C:\Users\perum\OneDrive\Desktop\sidra\node_modules\ethers\src.ts\providers\provider-jsonrpc.ts:1086:25)
    at <anonymous> (C:\Users\perum\OneDrive\Desktop\sidra\node_modules\ethers\src.ts\providers\provider-jsonrpc.ts:571:45)
    at process.processTicksAndRejections (node:internal/process/task_queues:104:5)
[31m[Nest] 181104  - [39m04/09/2026, 10:19:07 pm [31m  ERROR[39m [38;5;3m[BlockchainService] [39m[31mFailed to scan ETH on BASE blocks 46381033-46386033[39m
Error: could not coalesce error (error={ "code": -32016, "message": "over rate limit" }, payload={ "id": 9066, "jsonrpc": "2.0", "method": "eth_getBlockByNumber", "params": [ "0x2c3b80a", true ] }, code=UNKNOWN_ERROR, version=6.17.0)
    at makeError (C:\Users\perum\OneDrive\Desktop\sidra\node_modules\ethers\src.ts\utils\errors.ts:698:21)
    at JsonRpcProvider.getRpcError (C:\Users\perum\OneDrive\Desktop\sidra\node_modules\ethers\src.ts\providers\provider-jsonrpc.ts:1086:25)
    at <anonymous> (C:\Users\perum\OneDrive\Desktop\sidra\node_modules\ethers\src.ts\providers\provider-jsonrpc.ts:571:45)
    at process.processTicksAndRejections (node:internal/process/task_queues:104:5)
[31m[Nest] 181104  - [39m04/09/2026, 10:19:07 pm [31m  ERROR[39m [38;5;3m[BlockchainService] [39m[31mFailed to scan ETH on BASE blocks 46381033-46386033[39m
Error: could not coalesce error (error={ "code": -32016, "message": "over rate limit" }, payload={ "id": 9066, "jsonrpc": "2.0", "method": "eth_getBlockByNumber", "params": [ "0x2c3b80a", true ] }, code=UNKNOWN_ERROR, version=6.17.0)
    at makeError (C:\Users\perum\OneDrive\Desktop\sidra\node_modules\ethers\src.ts\utils\errors.ts:698:21)
    at JsonRpcProvider.getRpcError (C:\Users\perum\OneDrive\Desktop\sidra\node_modules\ethers\src.ts\providers\provider-jsonrpc.ts:1086:25)
    at <anonymous> (C:\Users\perum\OneDrive\Desktop\sidra\node_modules\ethers\src.ts\providers\provider-jsonrpc.ts:571:45)
    at process.processTicksAndRejections (node:internal/process/task_queues:104:5)
[31m[Nest] 181104  - [39m04/09/2026, 10:19:07 pm [31m  ERROR[39m [38;5;3m[BlockchainService] [39m[31mFailed to scan ETH on BASE blocks 46381033-46386033[39m
Error: could not coalesce error (error={ "code": -32016, "message": "over rate limit" }, payload={ "id": 9066, "jsonrpc": "2.0", "method": "eth_getBlockByNumber", "params": [ "0x2c3b80a", true ] }, code=UNKNOWN_ERROR, version=6.17.0)
    at makeError (C:\Users\perum\OneDrive\Desktop\sidra\node_modules\ethers\src.ts\utils\errors.ts:698:21)
    at JsonRpcProvider.getRpcError (C:\Users\perum\OneDrive\Desktop\sidra\node_modules\ethers\src.ts\providers\provider-jsonrpc.ts:1086:25)
    at <anonymous> (C:\Users\perum\OneDrive\Desktop\sidra\node_modules\ethers\src.ts\providers\provider-jsonrpc.ts:571:45)
    at process.processTicksAndRejections (node:internal/process/task_queues:104:5)
[31m[Nest] 181104  - [39m04/09/2026, 10:19:07 pm [31m  ERROR[39m [38;5;3m[BlockchainService] [39m[31mFailed to scan ETH on BASE blocks 46381033-46386033[39m
Error: could not coalesce error (error={ "code": -32016, "message": "over rate limit" }, payload={ "id": 9066, "jsonrpc": "2.0", "method": "eth_getBlockByNumber", "params": [ "0x2c3b80a", true ] }, code=UNKNOWN_ERROR, version=6.17.0)
    at makeError (C:\Users\perum\OneDrive\Desktop\sidra\node_modules\ethers\src.ts\utils\errors.ts:698:21)
    at JsonRpcProvider.getRpcError (C:\Users\perum\OneDrive\Desktop\sidra\node_modules\ethers\src.ts\providers\provider-jsonrpc.ts:1086:25)
    at <anonymous> (C:\Users\perum\OneDrive\Desktop\sidra\node_modules\ethers\src.ts\providers\provider-jsonrpc.ts:571:45)
    at process.processTicksAndRejections (node:internal/process/task_queues:104:5)
[31m[Nest] 181104  - [39m04/09/2026, 10:19:07 pm [31m  ERROR[39m [38;5;3m[BlockchainService] [39m[31mFailed to scan ETH on BASE blocks 46381033-46386033[39m
Error: could not coalesce error (error={ "code": -32016, "message": "over rate limit" }, payload={ "id": 9066, "jsonrpc": "2.0", "method": "eth_getBlockByNumber", "params": [ "0x2c3b80a", true ] }, code=UNKNOWN_ERROR, version=6.17.0)
    at makeError (C:\Users\perum\OneDrive\Desktop\sidra\node_modules\ethers\src.ts\utils\errors.ts:698:21)
    at JsonRpcProvider.getRpcError (C:\Users\perum\OneDrive\Desktop\sidra\node_modules\ethers\src.ts\providers\provider-jsonrpc.ts:1086:25)
    at <anonymous> (C:\Users\perum\OneDrive\Desktop\sidra\node_modules\ethers\src.ts\providers\provider-jsonrpc.ts:571:45)
    at process.processTicksAndRejections (node:internal/process/task_queues:104:5)
[31m[Nest] 181104  - [39m04/09/2026, 10:19:15 pm [31m  ERROR[39m [38;5;3m[BlockchainService] [39m[31mFailed to scan ETH on BASE blocks 46381018-46386018[39m
Error: could not coalesce error (error={ "code": -32016, "message": "over rate limit" }, payload={ "id": 9107, "jsonrpc": "2.0", "method": "eth_getBlockByNumber", "params": [ "0x2c3b800", true ] }, code=UNKNOWN_ERROR, version=6.17.0)
    at makeError (C:\Users\perum\OneDrive\Desktop\sidra\node_modules\ethers\src.ts\utils\errors.ts:698:21)
    at JsonRpcProvider.getRpcError (C:\Users\perum\OneDrive\Desktop\sidra\node_modules\ethers\src.ts\providers\provider-jsonrpc.ts:1086:25)
    at <anonymous> (C:\Users\perum\OneDrive\Desktop\sidra\node_modules\ethers\src.ts\providers\provider-jsonrpc.ts:571:45)
    at process.processTicksAndRejections (node:internal/process/task_queues:104:5)
[31m[Nest] 181104  - [39m04/09/2026, 10:19:15 pm [31m  ERROR[39m [38;5;3m[BlockchainService] [39m[31mFailed to scan ETH on BASE blocks 46381018-46386018[39m
Error: could not coalesce error (error={ "code": -32016, "message": "over rate limit" }, payload={ "id": 9107, "jsonrpc": "2.0", "method": "eth_getBlockByNumber", "params": [ "0x2c3b800", true ] }, code=UNKNOWN_ERROR, version=6.17.0)
    at makeError (C:\Users\perum\OneDrive\Desktop\sidra\node_modules\ethers\src.ts\utils\errors.ts:698:21)
    at JsonRpcProvider.getRpcError (C:\Users\perum\OneDrive\Desktop\sidra\node_modules\ethers\src.ts\providers\provider-jsonrpc.ts:1086:25)
    at <anonymous> (C:\Users\perum\OneDrive\Desktop\sidra\node_modules\ethers\src.ts\providers\provider-jsonrpc.ts:571:45)
    at process.processTicksAndRejections (node:internal/process/task_queues:104:5)
[31m[Nest] 181104  - [39m04/09/2026, 10:19:15 pm [31m  ERROR[39m [38;5;3m[BlockchainService] [39m[31mFailed to scan ETH on BASE blocks 46381018-46386018[39m
Error: could not coalesce error (error={ "code": -32016, "message": "over rate limit" }, payload={ "id": 9107, "jsonrpc": "2.0", "method": "eth_getBlockByNumber", "params": [ "0x2c3b800", true ] }, code=UNKNOWN_ERROR, version=6.17.0)
    at makeError (C:\Users\perum\OneDrive\Desktop\sidra\node_modules\ethers\src.ts\utils\errors.ts:698:21)
    at JsonRpcProvider.getRpcError (C:\Users\perum\OneDrive\Desktop\sidra\node_modules\ethers\src.ts\providers\provider-jsonrpc.ts:1086:25)
    at <anonymous> (C:\Users\perum\OneDrive\Desktop\sidra\node_modules\ethers\src.ts\providers\provider-jsonrpc.ts:571:45)
    at process.processTicksAndRejections (node:internal/process/task_queues:104:5)
[31m[Nest] 181104  - [39m04/09/2026, 10:19:15 pm [31m  ERROR[39m [38;5;3m[BlockchainService] [39m[31mFailed to scan ETH on BASE blocks 46381018-46386018[39m
Error: could not coalesce error (error={ "code": -32016, "message": "over rate limit" }, payload={ "id": 9107, "jsonrpc": "2.0", "method": "eth_getBlockByNumber", "params": [ "0x2c3b800", true ] }, code=UNKNOWN_ERROR, version=6.17.0)
    at makeError (C:\Users\perum\OneDrive\Desktop\sidra\node_modules\ethers\src.ts\utils\errors.ts:698:21)
    at JsonRpcProvider.getRpcError (C:\Users\perum\OneDrive\Desktop\sidra\node_modules\ethers\src.ts\providers\provider-jsonrpc.ts:1086:25)
    at <anonymous> (C:\Users\perum\OneDrive\Desktop\sidra\node_modules\ethers\src.ts\providers\provider-jsonrpc.ts:571:45)
    at process.processTicksAndRejections (node:internal/process/task_queues:104:5)
[31m[Nest] 181104  - [39m04/09/2026, 10:19:15 pm [31m  ERROR[39m [38;5;3m[BlockchainService] [39m[31mFailed to scan ETH on BASE blocks 46381018-46386018[39m
Error: could not coalesce error (error={ "code": -32016, "message": "over rate limit" }, payload={ "id": 9107, "jsonrpc": "2.0", "method": "eth_getBlockByNumber", "params": [ "0x2c3b800", true ] }, code=UNKNOWN_ERROR, version=6.17.0)
    at makeError (C:\Users\perum\OneDrive\Desktop\sidra\node_modules\ethers\src.ts\utils\errors.ts:698:21)
    at JsonRpcProvider.getRpcError (C:\Users\perum\OneDrive\Desktop\sidra\node_modules\ethers\src.ts\providers\provider-jsonrpc.ts:1086:25)
    at <anonymous> (C:\Users\perum\OneDrive\Desktop\sidra\node_modules\ethers\src.ts\providers\provider-jsonrpc.ts:571:45)
    at process.processTicksAndRejections (node:internal/process/task_queues:104:5)
[31m[Nest] 181104  - [39m04/09/2026, 10:19:15 pm [31m  ERROR[39m [38;5;3m[BlockchainService] [39m[31mFailed to scan ETH on BASE blocks 46381018-46386018[39m
Error: could not coalesce error (error={ "code": -32016, "message": "over rate limit" }, payload={ "id": 9107, "jsonrpc": "2.0", "method": "eth_getBlockByNumber", "params": [ "0x2c3b800", true ] }, code=UNKNOWN_ERROR, version=6.17.0)
    at makeError (C:\Users\perum\OneDrive\Desktop\sidra\node_modules\ethers\src.ts\utils\errors.ts:698:21)
    at JsonRpcProvider.getRpcError (C:\Users\perum\OneDrive\Desktop\sidra\node_modules\ethers\src.ts\providers\provider-jsonrpc.ts:1086:25)
    at <anonymous> (C:\Users\perum\OneDrive\Desktop\sidra\node_modules\ethers\src.ts\providers\provider-jsonrpc.ts:571:45)
    at process.processTicksAndRejections (node:internal/process/task_queues:104:5)
[31m[Nest] 181104  - [39m04/09/2026, 10:19:15 pm [31m  ERROR[39m [38;5;3m[BlockchainService] [39m[31mFailed to scan ETH on BASE blocks 46381018-46386018[39m
Error: could not coalesce error (error={ "code": -32016, "message": "over rate limit" }, payload={ "id": 9107, "jsonrpc": "2.0", "method": "eth_getBlockByNumber", "params": [ "0x2c3b800", true ] }, code=UNKNOWN_ERROR, version=6.17.0)
    at makeError (C:\Users\perum\OneDrive\Desktop\sidra\node_modules\ethers\src.ts\utils\errors.ts:698:21)
    at JsonRpcProvider.getRpcError (C:\Users\perum\OneDrive\Desktop\sidra\node_modules\ethers\src.ts\providers\provider-jsonrpc.ts:1086:25)
    at <anonymous> (C:\Users\perum\OneDrive\Desktop\sidra\node_modules\ethers\src.ts\providers\provider-jsonrpc.ts:571:45)
    at process.processTicksAndRejections (node:internal/process/task_queues:104:5)
[31m[Nest] 181104  - [39m04/09/2026, 10:19:25 pm [31m  ERROR[39m [38;5;3m[BlockchainService] [39m[31mFailed to scan ETH on BASE blocks 46381131-46386131[39m
Error: could not coalesce error (error={ "code": -32016, "message": "over rate limit" }, payload={ "id": 9190, "jsonrpc": "2.0", "method": "eth_getBlockByNumber", "params": [ "0x2c3b84b", true ] }, code=UNKNOWN_ERROR, version=6.17.0)
    at makeError (C:\Users\perum\OneDrive\Desktop\sidra\node_modules\ethers\src.ts\utils\errors.ts:698:21)
    at JsonRpcProvider.getRpcError (C:\Users\perum\OneDrive\Desktop\sidra\node_modules\ethers\src.ts\providers\provider-jsonrpc.ts:1086:25)
    at <anonymous> (C:\Users\perum\OneDrive\Desktop\sidra\node_modules\ethers\src.ts\providers\provider-jsonrpc.ts:571:45)
    at process.processTicksAndRejections (node:internal/process/task_queues:104:5)
[31m[Nest] 181104  - [39m04/09/2026, 10:19:25 pm [31m  ERROR[39m [38;5;3m[BlockchainService] [39m[31mFailed to scan ETH on BASE blocks 46381131-46386131[39m
Error: could not coalesce error (error={ "code": -32016, "message": "over rate limit" }, payload={ "id": 9190, "jsonrpc": "2.0", "method": "eth_getBlockByNumber", "params": [ "0x2c3b84b", true ] }, code=UNKNOWN_ERROR, version=6.17.0)
    at makeError (C:\Users\perum\OneDrive\Desktop\sidra\node_modules\ethers\src.ts\utils\errors.ts:698:21)
    at JsonRpcProvider.getRpcError (C:\Users\perum\OneDrive\Desktop\sidra\node_modules\ethers\src.ts\providers\provider-jsonrpc.ts:1086:25)
    at <anonymous> (C:\Users\perum\OneDrive\Desktop\sidra\node_modules\ethers\src.ts\providers\provider-jsonrpc.ts:571:45)
    at process.processTicksAndRejections (node:internal/process/task_queues:104:5)
[31m[Nest] 181104  - [39m04/09/2026, 10:19:25 pm [31m  ERROR[39m [38;5;3m[BlockchainService] [39m[31mFailed to scan ETH on BASE blocks 46381131-46386131[39m
Error: could not coalesce error (error={ "code": -32016, "message": "over rate limit" }, payload={ "id": 9190, "jsonrpc": "2.0", "method": "eth_getBlockByNumber", "params": [ "0x2c3b84b", true ] }, code=UNKNOWN_ERROR, version=6.17.0)
    at makeError (C:\Users\perum\OneDrive\Desktop\sidra\node_modules\ethers\src.ts\utils\errors.ts:698:21)
    at JsonRpcProvider.getRpcError (C:\Users\perum\OneDrive\Desktop\sidra\node_modules\ethers\src.ts\providers\provider-jsonrpc.ts:1086:25)
    at <anonymous> (C:\Users\perum\OneDrive\Desktop\sidra\node_modules\ethers\src.ts\providers\provider-jsonrpc.ts:571:45)
    at process.processTicksAndRejections (node:internal/process/task_queues:104:5)
[31m[Nest] 181104  - [39m04/09/2026, 10:19:25 pm [31m  ERROR[39m [38;5;3m[BlockchainService] [39m[31mFailed to scan ETH on BASE blocks 46381131-46386131[39m
Error: could not coalesce error (error={ "code": -32016, "message": "over rate limit" }, payload={ "id": 9190, "jsonrpc": "2.0", "method": "eth_getBlockByNumber", "params": [ "0x2c3b84b", true ] }, code=UNKNOWN_ERROR, version=6.17.0)
    at makeError (C:\Users\perum\OneDrive\Desktop\sidra\node_modules\ethers\src.ts\utils\errors.ts:698:21)
    at JsonRpcProvider.getRpcError (C:\Users\perum\OneDrive\Desktop\sidra\node_modules\ethers\src.ts\providers\provider-jsonrpc.ts:1086:25)
    at <anonymous> (C:\Users\perum\OneDrive\Desktop\sidra\node_modules\ethers\src.ts\providers\provider-jsonrpc.ts:571:45)
    at process.processTicksAndRejections (node:internal/process/task_queues:104:5)
[31m[Nest] 181104  - [39m04/09/2026, 10:19:25 pm [31m  ERROR[39m [38;5;3m[BlockchainService] [39m[31mFailed to scan ETH on BASE blocks 46381131-46386131[39m
Error: could not coalesce error (error={ "code": -32016, "message": "over rate limit" }, payload={ "id": 9190, "jsonrpc": "2.0", "method": "eth_getBlockByNumber", "params": [ "0x2c3b84b", true ] }, code=UNKNOWN_ERROR, version=6.17.0)
    at makeError (C:\Users\perum\OneDrive\Desktop\sidra\node_modules\ethers\src.ts\utils\errors.ts:698:21)
    at JsonRpcProvider.getRpcError (C:\Users\perum\OneDrive\Desktop\sidra\node_modules\ethers\src.ts\providers\provider-jsonrpc.ts:1086:25)
    at <anonymous> (C:\Users\perum\OneDrive\Desktop\sidra\node_modules\ethers\src.ts\providers\provider-jsonrpc.ts:571:45)
    at process.processTicksAndRejections (node:internal/process/task_queues:104:5)
[31m[Nest] 181104  - [39m04/09/2026, 10:19:25 pm [31m  ERROR[39m [38;5;3m[BlockchainService] [39m[31mFailed to scan ETH on BASE blocks 46381131-46386131[39m
Error: could not coalesce error (error={ "code": -32016, "message": "over rate limit" }, payload={ "id": 9190, "jsonrpc": "2.0", "method": "eth_getBlockByNumber", "params": [ "0x2c3b84b", true ] }, code=UNKNOWN_ERROR, version=6.17.0)
    at makeError (C:\Users\perum\OneDrive\Desktop\sidra\node_modules\ethers\src.ts\utils\errors.ts:698:21)
    at JsonRpcProvider.getRpcError (C:\Users\perum\OneDrive\Desktop\sidra\node_modules\ethers\src.ts\providers\provider-jsonrpc.ts:1086:25)
    at <anonymous> (C:\Users\perum\OneDrive\Desktop\sidra\node_modules\ethers\src.ts\providers\provider-jsonrpc.ts:571:45)
    at process.processTicksAndRejections (node:internal/process/task_queues:104:5)
[31m[Nest] 181104  - [39m04/09/2026, 10:19:25 pm [31m  ERROR[39m [38;5;3m[BlockchainService] [39m[31mFailed to scan ETH on BASE blocks 46381131-46386131[39m
Error: could not coalesce error (error={ "code": -32016, "message": "over rate limit" }, payload={ "id": 9190, "jsonrpc": "2.0", "method": "eth_getBlockByNumber", "params": [ "0x2c3b84b", true ] }, code=UNKNOWN_ERROR, version=6.17.0)
    at makeError (C:\Users\perum\OneDrive\Desktop\sidra\node_modules\ethers\src.ts\utils\errors.ts:698:21)
    at JsonRpcProvider.getRpcError (C:\Users\perum\OneDrive\Desktop\sidra\node_modules\ethers\src.ts\providers\provider-jsonrpc.ts:1086:25)
    at <anonymous> (C:\Users\perum\OneDrive\Desktop\sidra\node_modules\ethers\src.ts\providers\provider-jsonrpc.ts:571:45)
    at process.processTicksAndRejections (node:internal/process/task_queues:104:5)
[31m[Nest] 181104  - [39m04/09/2026, 10:19:30 pm [31m  ERROR[39m [38;5;3m[BlockchainService] [39m[31mFailed to scan ETH on BASE blocks 46381115-46386115[39m
Error: could not coalesce error (error={ "code": -32016, "message": "over rate limit" }, payload={ "id": 9231, "jsonrpc": "2.0", "method": "eth_getBlockByNumber", "params": [ "0x2c3b840", true ] }, code=UNKNOWN_ERROR, version=6.17.0)
    at makeError (C:\Users\perum\OneDrive\Desktop\sidra\node_modules\ethers\src.ts\utils\errors.ts:698:21)
    at JsonRpcProvider.getRpcError (C:\Users\perum\OneDrive\Desktop\sidra\node_modules\ethers\src.ts\providers\provider-jsonrpc.ts:1086:25)
    at <anonymous> (C:\Users\perum\OneDrive\Desktop\sidra\node_modules\ethers\src.ts\providers\provider-jsonrpc.ts:571:45)
    at process.processTicksAndRejections (node:internal/process/task_queues:104:5)
[31m[Nest] 181104  - [39m04/09/2026, 10:19:30 pm [31m  ERROR[39m [38;5;3m[BlockchainService] [39m[31mFailed to scan ETH on BASE blocks 46381115-46386115[39m
Error: could not coalesce error (error={ "code": -32016, "message": "over rate limit" }, payload={ "id": 9231, "jsonrpc": "2.0", "method": "eth_getBlockByNumber", "params": [ "0x2c3b840", true ] }, code=UNKNOWN_ERROR, version=6.17.0)
    at makeError (C:\Users\perum\OneDrive\Desktop\sidra\node_modules\ethers\src.ts\utils\errors.ts:698:21)
    at JsonRpcProvider.getRpcError (C:\Users\perum\OneDrive\Desktop\sidra\node_modules\ethers\src.ts\providers\provider-jsonrpc.ts:1086:25)
    at <anonymous> (C:\Users\perum\OneDrive\Desktop\sidra\node_modules\ethers\src.ts\providers\provider-jsonrpc.ts:571:45)
    at process.processTicksAndRejections (node:internal/process/task_queues:104:5)
[31m[Nest] 181104  - [39m04/09/2026, 10:19:30 pm [31m  ERROR[39m [38;5;3m[BlockchainService] [39m[31mFailed to scan ETH on BASE blocks 46381115-46386115[39m
Error: could not coalesce error (error={ "code": -32016, "message": "over rate limit" }, payload={ "id": 9231, "jsonrpc": "2.0", "method": "eth_getBlockByNumber", "params": [ "0x2c3b840", true ] }, code=UNKNOWN_ERROR, version=6.17.0)
    at makeError (C:\Users\perum\OneDrive\Desktop\sidra\node_modules\ethers\src.ts\utils\errors.ts:698:21)
    at JsonRpcProvider.getRpcError (C:\Users\perum\OneDrive\Desktop\sidra\node_modules\ethers\src.ts\providers\provider-jsonrpc.ts:1086:25)
    at <anonymous> (C:\Users\perum\OneDrive\Desktop\sidra\node_modules\ethers\src.ts\providers\provider-jsonrpc.ts:571:45)
    at process.processTicksAndRejections (node:internal/process/task_queues:104:5)
[31m[Nest] 181104  - [39m04/09/2026, 10:19:30 pm [31m  ERROR[39m [38;5;3m[BlockchainService] [39m[31mFailed to scan ETH on BASE blocks 46381115-46386115[39m
Error: could not coalesce error (error={ "code": -32016, "message": "over rate limit" }, payload={ "id": 9231, "jsonrpc": "2.0", "method": "eth_getBlockByNumber", "params": [ "0x2c3b840", true ] }, code=UNKNOWN_ERROR, version=6.17.0)
    at makeError (C:\Users\perum\OneDrive\Desktop\sidra\node_modules\ethers\src.ts\utils\errors.ts:698:21)
    at JsonRpcProvider.getRpcError (C:\Users\perum\OneDrive\Desktop\sidra\node_modules\ethers\src.ts\providers\provider-jsonrpc.ts:1086:25)
    at <anonymous> (C:\Users\perum\OneDrive\Desktop\sidra\node_modules\ethers\src.ts\providers\provider-jsonrpc.ts:571:45)
    at process.processTicksAndRejections (node:internal/process/task_queues:104:5)
[31m[Nest] 181104  - [39m04/09/2026, 10:19:30 pm [31m  ERROR[39m [38;5;3m[BlockchainService] [39m[31mFailed to scan ETH on BASE blocks 46381115-46386115[39m
Error: could not coalesce error (error={ "code": -32016, "message": "over rate limit" }, payload={ "id": 9231, "jsonrpc": "2.0", "method": "eth_getBlockByNumber", "params": [ "0x2c3b840", true ] }, code=UNKNOWN_ERROR, version=6.17.0)
    at makeError (C:\Users\perum\OneDrive\Desktop\sidra\node_modules\ethers\src.ts\utils\errors.ts:698:21)
    at JsonRpcProvider.getRpcError (C:\Users\perum\OneDrive\Desktop\sidra\node_modules\ethers\src.ts\providers\provider-jsonrpc.ts:1086:25)
    at <anonymous> (C:\Users\perum\OneDrive\Desktop\sidra\node_modules\ethers\src.ts\providers\provider-jsonrpc.ts:571:45)
    at process.processTicksAndRejections (node:internal/process/task_queues:104:5)
[31m[Nest] 181104  - [39m04/09/2026, 10:19:30 pm [31m  ERROR[39m [38;5;3m[BlockchainService] [39m[31mFailed to scan ETH on BASE blocks 46381115-46386115[39m
Error: could not coalesce error (error={ "code": -32016, "message": "over rate limit" }, payload={ "id": 9231, "jsonrpc": "2.0", "method": "eth_getBlockByNumber", "params": [ "0x2c3b840", true ] }, code=UNKNOWN_ERROR, version=6.17.0)
    at makeError (C:\Users\perum\OneDrive\Desktop\sidra\node_modules\ethers\src.ts\utils\errors.ts:698:21)
    at JsonRpcProvider.getRpcError (C:\Users\perum\OneDrive\Desktop\sidra\node_modules\ethers\src.ts\providers\provider-jsonrpc.ts:1086:25)
    at <anonymous> (C:\Users\perum\OneDrive\Desktop\sidra\node_modules\ethers\src.ts\providers\provider-jsonrpc.ts:571:45)
    at process.processTicksAndRejections (node:internal/process/task_queues:104:5)
[31m[Nest] 181104  - [39m04/09/2026, 10:19:30 pm [31m  ERROR[39m [38;5;3m[BlockchainService] [39m[31mFailed to scan ETH on BASE blocks 46381115-46386115[39m
Error: could not coalesce error (error={ "code": -32016, "message": "over rate limit" }, payload={ "id": 9231, "jsonrpc": "2.0", "method": "eth_getBlockByNumber", "params": [ "0x2c3b840", true ] }, code=UNKNOWN_ERROR, version=6.17.0)
    at makeError (C:\Users\perum\OneDrive\Desktop\sidra\node_modules\ethers\src.ts\utils\errors.ts:698:21)
    at JsonRpcProvider.getRpcError (C:\Users\perum\OneDrive\Desktop\sidra\node_modules\ethers\src.ts\providers\provider-jsonrpc.ts:1086:25)
    at <anonymous> (C:\Users\perum\OneDrive\Desktop\sidra\node_modules\ethers\src.ts\providers\provider-jsonrpc.ts:571:45)
    at process.processTicksAndRejections (node:internal/process/task_queues:104:5)
[31m[Nest] 181104  - [39m04/09/2026, 10:19:49 pm [31m  ERROR[39m [38;5;3m[BlockchainService] [39m[31mFailed to scan ETH on BASE blocks 46381004-46386004[39m
Error: could not coalesce error (error={ "code": -32016, "message": "over rate limit" }, payload={ "id": 9272, "jsonrpc": "2.0", "method": "eth_getBlockByNumber", "params": [ "0x2c3b7f6", true ] }, code=UNKNOWN_ERROR, version=6.17.0)
    at makeError (C:\Users\perum\OneDrive\Desktop\sidra\node_modules\ethers\src.ts\utils\errors.ts:698:21)
    at JsonRpcProvider.getRpcError (C:\Users\perum\OneDrive\Desktop\sidra\node_modules\ethers\src.ts\providers\provider-jsonrpc.ts:1086:25)
    at <anonymous> (C:\Users\perum\OneDrive\Desktop\sidra\node_modules\ethers\src.ts\providers\provider-jsonrpc.ts:571:45)
    at process.processTicksAndRejections (node:internal/process/task_queues:104:5)
[31m[Nest] 181104  - [39m04/09/2026, 10:19:49 pm [31m  ERROR[39m [38;5;3m[BlockchainService] [39m[31mFailed to scan ETH on BASE blocks 46381004-46386004[39m
Error: could not coalesce error (error={ "code": -32016, "message": "over rate limit" }, payload={ "id": 9272, "jsonrpc": "2.0", "method": "eth_getBlockByNumber", "params": [ "0x2c3b7f6", true ] }, code=UNKNOWN_ERROR, version=6.17.0)
    at makeError (C:\Users\perum\OneDrive\Desktop\sidra\node_modules\ethers\src.ts\utils\errors.ts:698:21)
    at JsonRpcProvider.getRpcError (C:\Users\perum\OneDrive\Desktop\sidra\node_modules\ethers\src.ts\providers\provider-jsonrpc.ts:1086:25)
    at <anonymous> (C:\Users\perum\OneDrive\Desktop\sidra\node_modules\ethers\src.ts\providers\provider-jsonrpc.ts:571:45)
    at process.processTicksAndRejections (node:internal/process/task_queues:104:5)
[31m[Nest] 181104  - [39m04/09/2026, 10:19:49 pm [31m  ERROR[39m [38;5;3m[BlockchainService] [39m[31mFailed to scan ETH on BASE blocks 46381004-46386004[39m
Error: could not coalesce error (error={ "code": -32016, "message": "over rate limit" }, payload={ "id": 9272, "jsonrpc": "2.0", "method": "eth_getBlockByNumber", "params": [ "0x2c3b7f6", true ] }, code=UNKNOWN_ERROR, version=6.17.0)
    at makeError (C:\Users\perum\OneDrive\Desktop\sidra\node_modules\ethers\src.ts\utils\errors.ts:698:21)
    at JsonRpcProvider.getRpcError (C:\Users\perum\OneDrive\Desktop\sidra\node_modules\ethers\src.ts\providers\provider-jsonrpc.ts:1086:25)
    at <anonymous> (C:\Users\perum\OneDrive\Desktop\sidra\node_modules\ethers\src.ts\providers\provider-jsonrpc.ts:571:45)
    at process.processTicksAndRejections (node:internal/process/task_queues:104:5)
[31m[Nest] 181104  - [39m04/09/2026, 10:19:49 pm [31m  ERROR[39m [38;5;3m[BlockchainService] [39m[31mFailed to scan ETH on BASE blocks 46381004-46386004[39m
Error: could not coalesce error (error={ "code": -32016, "message": "over rate limit" }, payload={ "id": 9272, "jsonrpc": "2.0", "method": "eth_getBlockByNumber", "params": [ "0x2c3b7f6", true ] }, code=UNKNOWN_ERROR, version=6.17.0)
    at makeError (C:\Users\perum\OneDrive\Desktop\sidra\node_modules\ethers\src.ts\utils\errors.ts:698:21)
    at JsonRpcProvider.getRpcError (C:\Users\perum\OneDrive\Desktop\sidra\node_modules\ethers\src.ts\providers\provider-jsonrpc.ts:1086:25)
    at <anonymous> (C:\Users\perum\OneDrive\Desktop\sidra\node_modules\ethers\src.ts\providers\provider-jsonrpc.ts:571:45)
    at process.processTicksAndRejections (node:internal/process/task_queues:104:5)
[31m[Nest] 181104  - [39m04/09/2026, 10:19:49 pm [31m  ERROR[39m [38;5;3m[BlockchainService] [39m[31mFailed to scan ETH on BASE blocks 46381004-46386004[39m
Error: could not coalesce error (error={ "code": -32016, "message": "over rate limit" }, payload={ "id": 9272, "jsonrpc": "2.0", "method": "eth_getBlockByNumber", "params": [ "0x2c3b7f6", true ] }, code=UNKNOWN_ERROR, version=6.17.0)
    at makeError (C:\Users\perum\OneDrive\Desktop\sidra\node_modules\ethers\src.ts\utils\errors.ts:698:21)
    at JsonRpcProvider.getRpcError (C:\Users\perum\OneDrive\Desktop\sidra\node_modules\ethers\src.ts\providers\provider-jsonrpc.ts:1086:25)
    at <anonymous> (C:\Users\perum\OneDrive\Desktop\sidra\node_modules\ethers\src.ts\providers\provider-jsonrpc.ts:571:45)
    at process.processTicksAndRejections (node:internal/process/task_queues:104:5)
[31m[Nest] 181104  - [39m04/09/2026, 10:19:49 pm [31m  ERROR[39m [38;5;3m[BlockchainService] [39m[31mFailed to scan ETH on BASE blocks 46381004-46386004[39m
Error: could not coalesce error (error={ "code": -32016, "message": "over rate limit" }, payload={ "id": 9272, "jsonrpc": "2.0", "method": "eth_getBlockByNumber", "params": [ "0x2c3b7f6", true ] }, code=UNKNOWN_ERROR, version=6.17.0)
    at makeError (C:\Users\perum\OneDrive\Desktop\sidra\node_modules\ethers\src.ts\utils\errors.ts:698:21)
    at JsonRpcProvider.getRpcError (C:\Users\perum\OneDrive\Desktop\sidra\node_modules\ethers\src.ts\providers\provider-jsonrpc.ts:1086:25)
    at <anonymous> (C:\Users\perum\OneDrive\Desktop\sidra\node_modules\ethers\src.ts\providers\provider-jsonrpc.ts:571:45)
    at process.processTicksAndRejections (node:internal/process/task_queues:104:5)
[31m[Nest] 181104  - [39m04/09/2026, 10:19:49 pm [31m  ERROR[39m [38;5;3m[BlockchainService] [39m[31mFailed to scan ETH on BASE blocks 46381004-46386004[39m
Error: could not coalesce error (error={ "code": -32016, "message": "over rate limit" }, payload={ "id": 9272, "jsonrpc": "2.0", "method": "eth_getBlockByNumber", "params": [ "0x2c3b7f6", true ] }, code=UNKNOWN_ERROR, version=6.17.0)
    at makeError (C:\Users\perum\OneDrive\Desktop\sidra\node_modules\ethers\src.ts\utils\errors.ts:698:21)
    at JsonRpcProvider.getRpcError (C:\Users\perum\OneDrive\Desktop\sidra\node_modules\ethers\src.ts\providers\provider-jsonrpc.ts:1086:25)
    at <anonymous> (C:\Users\perum\OneDrive\Desktop\sidra\node_modules\ethers\src.ts\providers\provider-jsonrpc.ts:571:45)
    at process.processTicksAndRejections (node:internal/process/task_queues:104:5)
[31m[Nest] 181104  - [39m04/09/2026, 10:19:52 pm [31m  ERROR[39m [38;5;3m[BlockchainService] [39m[31mFailed to scan ETH on BASE blocks 46380990-46385990[39m
Error: could not coalesce error (error={ "code": -32016, "message": "over rate limit" }, payload={ "id": 9313, "jsonrpc": "2.0", "method": "eth_getBlockByNumber", "params": [ "0x2c3b7e9", true ] }, code=UNKNOWN_ERROR, version=6.17.0)
    at makeError (C:\Users\perum\OneDrive\Desktop\sidra\node_modules\ethers\src.ts\utils\errors.ts:698:21)
    at JsonRpcProvider.getRpcError (C:\Users\perum\OneDrive\Desktop\sidra\node_modules\ethers\src.ts\providers\provider-jsonrpc.ts:1086:25)
    at <anonymous> (C:\Users\perum\OneDrive\Desktop\sidra\node_modules\ethers\src.ts\providers\provider-jsonrpc.ts:571:45)
    at process.processTicksAndRejections (node:internal/process/task_queues:104:5)
[31m[Nest] 181104  - [39m04/09/2026, 10:19:52 pm [31m  ERROR[39m [38;5;3m[BlockchainService] [39m[31mFailed to scan ETH on BASE blocks 46380990-46385990[39m
Error: could not coalesce error (error={ "code": -32016, "message": "over rate limit" }, payload={ "id": 9313, "jsonrpc": "2.0", "method": "eth_getBlockByNumber", "params": [ "0x2c3b7e9", true ] }, code=UNKNOWN_ERROR, version=6.17.0)
    at makeError (C:\Users\perum\OneDrive\Desktop\sidra\node_modules\ethers\src.ts\utils\errors.ts:698:21)
    at JsonRpcProvider.getRpcError (C:\Users\perum\OneDrive\Desktop\sidra\node_modules\ethers\src.ts\providers\provider-jsonrpc.ts:1086:25)
    at <anonymous> (C:\Users\perum\OneDrive\Desktop\sidra\node_modules\ethers\src.ts\providers\provider-jsonrpc.ts:571:45)
    at process.processTicksAndRejections (node:internal/process/task_queues:104:5)
[31m[Nest] 181104  - [39m04/09/2026, 10:19:52 pm [31m  ERROR[39m [38;5;3m[BlockchainService] [39m[31mFailed to scan ETH on BASE blocks 46380990-46385990[39m
Error: could not coalesce error (error={ "code": -32016, "message": "over rate limit" }, payload={ "id": 9313, "jsonrpc": "2.0", "method": "eth_getBlockByNumber", "params": [ "0x2c3b7e9", true ] }, code=UNKNOWN_ERROR, version=6.17.0)
    at makeError (C:\Users\perum\OneDrive\Desktop\sidra\node_modules\ethers\src.ts\utils\errors.ts:698:21)
    at JsonRpcProvider.getRpcError (C:\Users\perum\OneDrive\Desktop\sidra\node_modules\ethers\src.ts\providers\provider-jsonrpc.ts:1086:25)
    at <anonymous> (C:\Users\perum\OneDrive\Desktop\sidra\node_modules\ethers\src.ts\providers\provider-jsonrpc.ts:571:45)
    at process.processTicksAndRejections (node:internal/process/task_queues:104:5)
[31m[Nest] 181104  - [39m04/09/2026, 10:19:52 pm [31m  ERROR[39m [38;5;3m[BlockchainService] [39m[31mFailed to scan ETH on BASE blocks 46380990-46385990[39m
Error: could not coalesce error (error={ "code": -32016, "message": "over rate limit" }, payload={ "id": 9313, "jsonrpc": "2.0", "method": "eth_getBlockByNumber", "params": [ "0x2c3b7e9", true ] }, code=UNKNOWN_ERROR, version=6.17.0)
    at makeError (C:\Users\perum\OneDrive\Desktop\sidra\node_modules\ethers\src.ts\utils\errors.ts:698:21)
    at JsonRpcProvider.getRpcError (C:\Users\perum\OneDrive\Desktop\sidra\node_modules\ethers\src.ts\providers\provider-jsonrpc.ts:1086:25)
    at <anonymous> (C:\Users\perum\OneDrive\Desktop\sidra\node_modules\ethers\src.ts\providers\provider-jsonrpc.ts:571:45)
    at process.processTicksAndRejections (node:internal/process/task_queues:104:5)
[31m[Nest] 181104  - [39m04/09/2026, 10:19:52 pm [31m  ERROR[39m [38;5;3m[BlockchainService] [39m[31mFailed to scan ETH on BASE blocks 46380990-46385990[39m
Error: could not coalesce error (error={ "code": -32016, "message": "over rate limit" }, payload={ "id": 9313, "jsonrpc": "2.0", "method": "eth_getBlockByNumber", "params": [ "0x2c3b7e9", true ] }, code=UNKNOWN_ERROR, version=6.17.0)
    at makeError (C:\Users\perum\OneDrive\Desktop\sidra\node_modules\ethers\src.ts\utils\errors.ts:698:21)
    at JsonRpcProvider.getRpcError (C:\Users\perum\OneDrive\Desktop\sidra\node_modules\ethers\src.ts\providers\provider-jsonrpc.ts:1086:25)
    at <anonymous> (C:\Users\perum\OneDrive\Desktop\sidra\node_modules\ethers\src.ts\providers\provider-jsonrpc.ts:571:45)
    at process.processTicksAndRejections (node:internal/process/task_queues:104:5)
[31m[Nest] 181104  - [39m04/09/2026, 10:19:52 pm [31m  ERROR[39m [38;5;3m[BlockchainService] [39m[31mFailed to scan ETH on BASE blocks 46380990-46385990[39m
Error: could not coalesce error (error={ "code": -32016, "message": "over rate limit" }, payload={ "id": 9313, "jsonrpc": "2.0", "method": "eth_getBlockByNumber", "params": [ "0x2c3b7e9", true ] }, code=UNKNOWN_ERROR, version=6.17.0)
    at makeError (C:\Users\perum\OneDrive\Desktop\sidra\node_modules\ethers\src.ts\utils\errors.ts:698:21)
    at JsonRpcProvider.getRpcError (C:\Users\perum\OneDrive\Desktop\sidra\node_modules\ethers\src.ts\providers\provider-jsonrpc.ts:1086:25)
    at <anonymous> (C:\Users\perum\OneDrive\Desktop\sidra\node_modules\ethers\src.ts\providers\provider-jsonrpc.ts:571:45)
    at process.processTicksAndRejections (node:internal/process/task_queues:104:5)
[31m[Nest] 181104  - [39m04/09/2026, 10:19:52 pm [31m  ERROR[39m [38;5;3m[BlockchainService] [39m[31mFailed to scan ETH on BASE blocks 46380990-46385990[39m
Error: could not coalesce error (error={ "code": -32016, "message": "over rate limit" }, payload={ "id": 9313, "jsonrpc": "2.0", "method": "eth_getBlockByNumber", "params": [ "0x2c3b7e9", true ] }, code=UNKNOWN_ERROR, version=6.17.0)
    at makeError (C:\Users\perum\OneDrive\Desktop\sidra\node_modules\ethers\src.ts\utils\errors.ts:698:21)
    at JsonRpcProvider.getRpcError (C:\Users\perum\OneDrive\Desktop\sidra\node_modules\ethers\src.ts\providers\provider-jsonrpc.ts:1086:25)
    at <anonymous> (C:\Users\perum\OneDrive\Desktop\sidra\node_modules\ethers\src.ts\providers\provider-jsonrpc.ts:571:45)
    at process.processTicksAndRejections (node:internal/process/task_queues:104:5)
[31m[Nest] 181104  - [39m04/09/2026, 10:19:55 pm [31m  ERROR[39m [38;5;3m[BlockchainService] [39m[31mFailed to scan ETH on BASE blocks 46380940-46385940[39m
Error: could not coalesce error (error={ "code": -32016, "message": "over rate limit" }, payload={ "id": 9354, "jsonrpc": "2.0", "method": "eth_getBlockByNumber", "params": [ "0x2c3b7d1", true ] }, code=UNKNOWN_ERROR, version=6.17.0)
    at makeError (C:\Users\perum\OneDrive\Desktop\sidra\node_modules\ethers\src.ts\utils\errors.ts:698:21)
    at JsonRpcProvider.getRpcError (C:\Users\perum\OneDrive\Desktop\sidra\node_modules\ethers\src.ts\providers\provider-jsonrpc.ts:1086:25)
    at <anonymous> (C:\Users\perum\OneDrive\Desktop\sidra\node_modules\ethers\src.ts\providers\provider-jsonrpc.ts:571:45)
    at process.processTicksAndRejections (node:internal/process/task_queues:104:5)
[31m[Nest] 181104  - [39m04/09/2026, 10:19:55 pm [31m  ERROR[39m [38;5;3m[BlockchainService] [39m[31mFailed to scan ETH on BASE blocks 46380940-46385940[39m
Error: could not coalesce error (error={ "code": -32016, "message": "over rate limit" }, payload={ "id": 9354, "jsonrpc": "2.0", "method": "eth_getBlockByNumber", "params": [ "0x2c3b7d1", true ] }, code=UNKNOWN_ERROR, version=6.17.0)
    at makeError (C:\Users\perum\OneDrive\Desktop\sidra\node_modules\ethers\src.ts\utils\errors.ts:698:21)
    at JsonRpcProvider.getRpcError (C:\Users\perum\OneDrive\Desktop\sidra\node_modules\ethers\src.ts\providers\provider-jsonrpc.ts:1086:25)
    at <anonymous> (C:\Users\perum\OneDrive\Desktop\sidra\node_modules\ethers\src.ts\providers\provider-jsonrpc.ts:571:45)
    at process.processTicksAndRejections (node:internal/process/task_queues:104:5)
[31m[Nest] 181104  - [39m04/09/2026, 10:19:55 pm [31m  ERROR[39m [38;5;3m[BlockchainService] [39m[31mFailed to scan ETH on BASE blocks 46380940-46385940[39m
Error: could not coalesce error (error={ "code": -32016, "message": "over rate limit" }, payload={ "id": 9354, "jsonrpc": "2.0", "method": "eth_getBlockByNumber", "params": [ "0x2c3b7d1", true ] }, code=UNKNOWN_ERROR, version=6.17.0)
    at makeError (C:\Users\perum\OneDrive\Desktop\sidra\node_modules\ethers\src.ts\utils\errors.ts:698:21)
    at JsonRpcProvider.getRpcError (C:\Users\perum\OneDrive\Desktop\sidra\node_modules\ethers\src.ts\providers\provider-jsonrpc.ts:1086:25)
    at <anonymous> (C:\Users\perum\OneDrive\Desktop\sidra\node_modules\ethers\src.ts\providers\provider-jsonrpc.ts:571:45)
    at process.processTicksAndRejections (node:internal/process/task_queues:104:5)
[31m[Nest] 181104  - [39m04/09/2026, 10:19:55 pm [31m  ERROR[39m [38;5;3m[BlockchainService] [39m[31mFailed to scan ETH on BASE blocks 46380940-46385940[39m
Error: could not coalesce error (error={ "code": -32016, "message": "over rate limit" }, payload={ "id": 9354, "jsonrpc": "2.0", "method": "eth_getBlockByNumber", "params": [ "0x2c3b7d1", true ] }, code=UNKNOWN_ERROR, version=6.17.0)
    at makeError (C:\Users\perum\OneDrive\Desktop\sidra\node_modules\ethers\src.ts\utils\errors.ts:698:21)
    at JsonRpcProvider.getRpcError (C:\Users\perum\OneDrive\Desktop\sidra\node_modules\ethers\src.ts\providers\provider-jsonrpc.ts:1086:25)
    at <anonymous> (C:\Users\perum\OneDrive\Desktop\sidra\node_modules\ethers\src.ts\providers\provider-jsonrpc.ts:571:45)
    at process.processTicksAndRejections (node:internal/process/task_queues:104:5)
[31m[Nest] 181104  - [39m04/09/2026, 10:19:55 pm [31m  ERROR[39m [38;5;3m[BlockchainService] [39m[31mFailed to scan ETH on BASE blocks 46380940-46385940[39m
Error: could not coalesce error (error={ "code": -32016, "message": "over rate limit" }, payload={ "id": 9354, "jsonrpc": "2.0", "method": "eth_getBlockByNumber", "params": [ "0x2c3b7d1", true ] }, code=UNKNOWN_ERROR, version=6.17.0)
    at makeError (C:\Users\perum\OneDrive\Desktop\sidra\node_modules\ethers\src.ts\utils\errors.ts:698:21)
    at JsonRpcProvider.getRpcError (C:\Users\perum\OneDrive\Desktop\sidra\node_modules\ethers\src.ts\providers\provider-jsonrpc.ts:1086:25)
    at <anonymous> (C:\Users\perum\OneDrive\Desktop\sidra\node_modules\ethers\src.ts\providers\provider-jsonrpc.ts:571:45)
    at process.processTicksAndRejections (node:internal/process/task_queues:104:5)
[31m[Nest] 181104  - [39m04/09/2026, 10:19:55 pm [31m  ERROR[39m [38;5;3m[BlockchainService] [39m[31mFailed to scan ETH on BASE blocks 46380940-46385940[39m
Error: could not coalesce error (error={ "code": -32016, "message": "over rate limit" }, payload={ "id": 9354, "jsonrpc": "2.0", "method": "eth_getBlockByNumber", "params": [ "0x2c3b7d1", true ] }, code=UNKNOWN_ERROR, version=6.17.0)
    at makeError (C:\Users\perum\OneDrive\Desktop\sidra\node_modules\ethers\src.ts\utils\errors.ts:698:21)
    at JsonRpcProvider.getRpcError (C:\Users\perum\OneDrive\Desktop\sidra\node_modules\ethers\src.ts\providers\provider-jsonrpc.ts:1086:25)
    at <anonymous> (C:\Users\perum\OneDrive\Desktop\sidra\node_modules\ethers\src.ts\providers\provider-jsonrpc.ts:571:45)
    at process.processTicksAndRejections (node:internal/process/task_queues:104:5)
[31m[Nest] 181104  - [39m04/09/2026, 10:19:55 pm [31m  ERROR[39m [38;5;3m[BlockchainService] [39m[31mFailed to scan ETH on BASE blocks 46380940-46385940[39m
Error: could not coalesce error (error={ "code": -32016, "message": "over rate limit" }, payload={ "id": 9354, "jsonrpc": "2.0", "method": "eth_getBlockByNumber", "params": [ "0x2c3b7d1", true ] }, code=UNKNOWN_ERROR, version=6.17.0)
    at makeError (C:\Users\perum\OneDrive\Desktop\sidra\node_modules\ethers\src.ts\utils\errors.ts:698:21)
    at JsonRpcProvider.getRpcError (C:\Users\perum\OneDrive\Desktop\sidra\node_modules\ethers\src.ts\providers\provider-jsonrpc.ts:1086:25)
    at <anonymous> (C:\Users\perum\OneDrive\Desktop\sidra\node_modules\ethers\src.ts\providers\provider-jsonrpc.ts:571:45)
    at process.processTicksAndRejections (node:internal/process/task_queues:104:5)
[31m[Nest] 181104  - [39m04/09/2026, 10:19:55 pm [31m  ERROR[39m [38;5;3m[BlockchainService] [39m[31mFailed to scan ETH on BASE blocks 46380958-46385958[39m
Error: could not coalesce error (error={ "code": -32016, "message": "over rate limit" }, payload={ "id": 9355, "jsonrpc": "2.0", "method": "eth_getBlockByNumber", "params": [ "0x2c3b7d9", true ] }, code=UNKNOWN_ERROR, version=6.17.0)
    at makeError (C:\Users\perum\OneDrive\Desktop\sidra\node_modules\ethers\src.ts\utils\errors.ts:698:21)
    at JsonRpcProvider.getRpcError (C:\Users\perum\OneDrive\Desktop\sidra\node_modules\ethers\src.ts\providers\provider-jsonrpc.ts:1086:25)
    at <anonymous> (C:\Users\perum\OneDrive\Desktop\sidra\node_modules\ethers\src.ts\providers\provider-jsonrpc.ts:571:45)
    at process.processTicksAndRejections (node:internal/process/task_queues:104:5)
[31m[Nest] 181104  - [39m04/09/2026, 10:19:55 pm [31m  ERROR[39m [38;5;3m[BlockchainService] [39m[31mFailed to scan ETH on BASE blocks 46380958-46385958[39m
Error: could not coalesce error (error={ "code": -32016, "message": "over rate limit" }, payload={ "id": 9355, "jsonrpc": "2.0", "method": "eth_getBlockByNumber", "params": [ "0x2c3b7d9", true ] }, code=UNKNOWN_ERROR, version=6.17.0)
    at makeError (C:\Users\perum\OneDrive\Desktop\sidra\node_modules\ethers\src.ts\utils\errors.ts:698:21)
    at JsonRpcProvider.getRpcError (C:\Users\perum\OneDrive\Desktop\sidra\node_modules\ethers\src.ts\providers\provider-jsonrpc.ts:1086:25)
    at <anonymous> (C:\Users\perum\OneDrive\Desktop\sidra\node_modules\ethers\src.ts\providers\provider-jsonrpc.ts:571:45)
    at process.processTicksAndRejections (node:internal/process/task_queues:104:5)
[31m[Nest] 181104  - [39m04/09/2026, 10:19:55 pm [31m  ERROR[39m [38;5;3m[BlockchainService] [39m[31mFailed to scan ETH on BASE blocks 46380958-46385958[39m
Error: could not coalesce error (error={ "code": -32016, "message": "over rate limit" }, payload={ "id": 9355, "jsonrpc": "2.0", "method": "eth_getBlockByNumber", "params": [ "0x2c3b7d9", true ] }, code=UNKNOWN_ERROR, version=6.17.0)
    at makeError (C:\Users\perum\OneDrive\Desktop\sidra\node_modules\ethers\src.ts\utils\errors.ts:698:21)
    at JsonRpcProvider.getRpcError (C:\Users\perum\OneDrive\Desktop\sidra\node_modules\ethers\src.ts\providers\provider-jsonrpc.ts:1086:25)
    at <anonymous> (C:\Users\perum\OneDrive\Desktop\sidra\node_modules\ethers\src.ts\providers\provider-jsonrpc.ts:571:45)
    at process.processTicksAndRejections (node:internal/process/task_queues:104:5)
[31m[Nest] 181104  - [39m04/09/2026, 10:19:55 pm [31m  ERROR[39m [38;5;3m[BlockchainService] [39m[31mFailed to scan ETH on BASE blocks 46380958-46385958[39m
Error: could not coalesce error (error={ "code": -32016, "message": "over rate limit" }, payload={ "id": 9355, "jsonrpc": "2.0", "method": "eth_getBlockByNumber", "params": [ "0x2c3b7d9", true ] }, code=UNKNOWN_ERROR, version=6.17.0)
    at makeError (C:\Users\perum\OneDrive\Desktop\sidra\node_modules\ethers\src.ts\utils\errors.ts:698:21)
    at JsonRpcProvider.getRpcError (C:\Users\perum\OneDrive\Desktop\sidra\node_modules\ethers\src.ts\providers\provider-jsonrpc.ts:1086:25)
    at <anonymous> (C:\Users\perum\OneDrive\Desktop\sidra\node_modules\ethers\src.ts\providers\provider-jsonrpc.ts:571:45)
    at process.processTicksAndRejections (node:internal/process/task_queues:104:5)
[31m[Nest] 181104  - [39m04/09/2026, 10:19:55 pm [31m  ERROR[39m [38;5;3m[BlockchainService] [39m[31mFailed to scan ETH on BASE blocks 46380958-46385958[39m
Error: could not coalesce error (error={ "code": -32016, "message": "over rate limit" }, payload={ "id": 9355, "jsonrpc": "2.0", "method": "eth_getBlockByNumber", "params": [ "0x2c3b7d9", true ] }, code=UNKNOWN_ERROR, version=6.17.0)
    at makeError (C:\Users\perum\OneDrive\Desktop\sidra\node_modules\ethers\src.ts\utils\errors.ts:698:21)
    at JsonRpcProvider.getRpcError (C:\Users\perum\OneDrive\Desktop\sidra\node_modules\ethers\src.ts\providers\provider-jsonrpc.ts:1086:25)
    at <anonymous> (C:\Users\perum\OneDrive\Desktop\sidra\node_modules\ethers\src.ts\providers\provider-jsonrpc.ts:571:45)
    at process.processTicksAndRejections (node:internal/process/task_queues:104:5)
[31m[Nest] 181104  - [39m04/09/2026, 10:19:55 pm [31m  ERROR[39m [38;5;3m[BlockchainService] [39m[31mFailed to scan ETH on BASE blocks 46380958-46385958[39m
Error: could not coalesce error (error={ "code": -32016, "message": "over rate limit" }, payload={ "id": 9355, "jsonrpc": "2.0", "method": "eth_getBlockByNumber", "params": [ "0x2c3b7d9", true ] }, code=UNKNOWN_ERROR, version=6.17.0)
    at makeError (C:\Users\perum\OneDrive\Desktop\sidra\node_modules\ethers\src.ts\utils\errors.ts:698:21)
    at JsonRpcProvider.getRpcError (C:\Users\perum\OneDrive\Desktop\sidra\node_modules\ethers\src.ts\providers\provider-jsonrpc.ts:1086:25)
    at <anonymous> (C:\Users\perum\OneDrive\Desktop\sidra\node_modules\ethers\src.ts\providers\provider-jsonrpc.ts:571:45)
    at process.processTicksAndRejections (node:internal/process/task_queues:104:5)
[31m[Nest] 181104  - [39m04/09/2026, 10:19:55 pm [31m  ERROR[39m [38;5;3m[BlockchainService] [39m[31mFailed to scan ETH on BASE blocks 46380958-46385958[39m
Error: could not coalesce error (error={ "code": -32016, "message": "over rate limit" }, payload={ "id": 9355, "jsonrpc": "2.0", "method": "eth_getBlockByNumber", "params": [ "0x2c3b7d9", true ] }, code=UNKNOWN_ERROR, version=6.17.0)
    at makeError (C:\Users\perum\OneDrive\Desktop\sidra\node_modules\ethers\src.ts\utils\errors.ts:698:21)
    at JsonRpcProvider.getRpcError (C:\Users\perum\OneDrive\Desktop\sidra\node_modules\ethers\src.ts\providers\provider-jsonrpc.ts:1086:25)
    at <anonymous> (C:\Users\perum\OneDrive\Desktop\sidra\node_modules\ethers\src.ts\providers\provider-jsonrpc.ts:571:45)
    at process.processTicksAndRejections (node:internal/process/task_queues:104:5)
[31m[Nest] 181104  - [39m04/09/2026, 10:20:07 pm [31m  ERROR[39m [38;5;3m[BlockchainService] [39m[31mFailed to scan ETH on BASE blocks 46381152-46386152[39m
Error: could not coalesce error (error={ "code": -32016, "message": "over rate limit" }, payload={ "id": 9437, "jsonrpc": "2.0", "method": "eth_getBlockByNumber", "params": [ "0x2c3b861", true ] }, code=UNKNOWN_ERROR, version=6.17.0)
    at makeError (C:\Users\perum\OneDrive\Desktop\sidra\node_modules\ethers\src.ts\utils\errors.ts:698:21)
    at JsonRpcProvider.getRpcError (C:\Users\perum\OneDrive\Desktop\sidra\node_modules\ethers\src.ts\providers\provider-jsonrpc.ts:1086:25)
    at <anonymous> (C:\Users\perum\OneDrive\Desktop\sidra\node_modules\ethers\src.ts\providers\provider-jsonrpc.ts:571:45)
    at process.processTicksAndRejections (node:internal/process/task_queues:104:5)
[31m[Nest] 181104  - [39m04/09/2026, 10:20:07 pm [31m  ERROR[39m [38;5;3m[BlockchainService] [39m[31mFailed to scan ETH on BASE blocks 46381152-46386152[39m
Error: could not coalesce error (error={ "code": -32016, "message": "over rate limit" }, payload={ "id": 9437, "jsonrpc": "2.0", "method": "eth_getBlockByNumber", "params": [ "0x2c3b861", true ] }, code=UNKNOWN_ERROR, version=6.17.0)
    at makeError (C:\Users\perum\OneDrive\Desktop\sidra\node_modules\ethers\src.ts\utils\errors.ts:698:21)
    at JsonRpcProvider.getRpcError (C:\Users\perum\OneDrive\Desktop\sidra\node_modules\ethers\src.ts\providers\provider-jsonrpc.ts:1086:25)
    at <anonymous> (C:\Users\perum\OneDrive\Desktop\sidra\node_modules\ethers\src.ts\providers\provider-jsonrpc.ts:571:45)
    at process.processTicksAndRejections (node:internal/process/task_queues:104:5)
[31m[Nest] 181104  - [39m04/09/2026, 10:20:07 pm [31m  ERROR[39m [38;5;3m[BlockchainService] [39m[31mFailed to scan ETH on BASE blocks 46381152-46386152[39m
Error: could not coalesce error (error={ "code": -32016, "message": "over rate limit" }, payload={ "id": 9437, "jsonrpc": "2.0", "method": "eth_getBlockByNumber", "params": [ "0x2c3b861", true ] }, code=UNKNOWN_ERROR, version=6.17.0)
    at makeError (C:\Users\perum\OneDrive\Desktop\sidra\node_modules\ethers\src.ts\utils\errors.ts:698:21)
    at JsonRpcProvider.getRpcError (C:\Users\perum\OneDrive\Desktop\sidra\node_modules\ethers\src.ts\providers\provider-jsonrpc.ts:1086:25)
    at <anonymous> (C:\Users\perum\OneDrive\Desktop\sidra\node_modules\ethers\src.ts\providers\provider-jsonrpc.ts:571:45)
    at process.processTicksAndRejections (node:internal/process/task_queues:104:5)
[31m[Nest] 181104  - [39m04/09/2026, 10:20:07 pm [31m  ERROR[39m [38;5;3m[BlockchainService] [39m[31mFailed to scan ETH on BASE blocks 46381152-46386152[39m
Error: could not coalesce error (error={ "code": -32016, "message": "over rate limit" }, payload={ "id": 9437, "jsonrpc": "2.0", "method": "eth_getBlockByNumber", "params": [ "0x2c3b861", true ] }, code=UNKNOWN_ERROR, version=6.17.0)
    at makeError (C:\Users\perum\OneDrive\Desktop\sidra\node_modules\ethers\src.ts\utils\errors.ts:698:21)
    at JsonRpcProvider.getRpcError (C:\Users\perum\OneDrive\Desktop\sidra\node_modules\ethers\src.ts\providers\provider-jsonrpc.ts:1086:25)
    at <anonymous> (C:\Users\perum\OneDrive\Desktop\sidra\node_modules\ethers\src.ts\providers\provider-jsonrpc.ts:571:45)
    at process.processTicksAndRejections (node:internal/process/task_queues:104:5)
[31m[Nest] 181104  - [39m04/09/2026, 10:20:07 pm [31m  ERROR[39m [38;5;3m[BlockchainService] [39m[31mFailed to scan ETH on BASE blocks 46381152-46386152[39m
Error: could not coalesce error (error={ "code": -32016, "message": "over rate limit" }, payload={ "id": 9437, "jsonrpc": "2.0", "method": "eth_getBlockByNumber", "params": [ "0x2c3b861", true ] }, code=UNKNOWN_ERROR, version=6.17.0)
    at makeError (C:\Users\perum\OneDrive\Desktop\sidra\node_modules\ethers\src.ts\utils\errors.ts:698:21)
    at JsonRpcProvider.getRpcError (C:\Users\perum\OneDrive\Desktop\sidra\node_modules\ethers\src.ts\providers\provider-jsonrpc.ts:1086:25)
    at <anonymous> (C:\Users\perum\OneDrive\Desktop\sidra\node_modules\ethers\src.ts\providers\provider-jsonrpc.ts:571:45)
    at process.processTicksAndRejections (node:internal/process/task_queues:104:5)
[31m[Nest] 181104  - [39m04/09/2026, 10:20:07 pm [31m  ERROR[39m [38;5;3m[BlockchainService] [39m[31mFailed to scan ETH on BASE blocks 46381152-46386152[39m
Error: could not coalesce error (error={ "code": -32016, "message": "over rate limit" }, payload={ "id": 9437, "jsonrpc": "2.0", "method": "eth_getBlockByNumber", "params": [ "0x2c3b861", true ] }, code=UNKNOWN_ERROR, version=6.17.0)
    at makeError (C:\Users\perum\OneDrive\Desktop\sidra\node_modules\ethers\src.ts\utils\errors.ts:698:21)
    at JsonRpcProvider.getRpcError (C:\Users\perum\OneDrive\Desktop\sidra\node_modules\ethers\src.ts\providers\provider-jsonrpc.ts:1086:25)
    at <anonymous> (C:\Users\perum\OneDrive\Desktop\sidra\node_modules\ethers\src.ts\providers\provider-jsonrpc.ts:571:45)
    at process.processTicksAndRejections (node:internal/process/task_queues:104:5)
[31m[Nest] 181104  - [39m04/09/2026, 10:20:07 pm [31m  ERROR[39m [38;5;3m[BlockchainService] [39m[31mFailed to scan ETH on BASE blocks 46381152-46386152[39m
Error: could not coalesce error (error={ "code": -32016, "message": "over rate limit" }, payload={ "id": 9437, "jsonrpc": "2.0", "method": "eth_getBlockByNumber", "params": [ "0x2c3b861", true ] }, code=UNKNOWN_ERROR, version=6.17.0)
    at makeError (C:\Users\perum\OneDrive\Desktop\sidra\node_modules\ethers\src.ts\utils\errors.ts:698:21)
    at JsonRpcProvider.getRpcError (C:\Users\perum\OneDrive\Desktop\sidra\node_modules\ethers\src.ts\providers\provider-jsonrpc.ts:1086:25)
    at <anonymous> (C:\Users\perum\OneDrive\Desktop\sidra\node_modules\ethers\src.ts\providers\provider-jsonrpc.ts:571:45)
    at process.processTicksAndRejections (node:internal/process/task_queues:104:5)
[31m[Nest] 181104  - [39m04/09/2026, 10:20:13 pm [31m  ERROR[39m [38;5;3m[BlockchainService] [39m[31mFailed to scan ETH on BASE blocks 46380924-46385924[39m
Error: could not coalesce error (error={ "code": -32016, "message": "over rate limit" }, payload={ "id": 9478, "jsonrpc": "2.0", "method": "eth_getBlockByNumber", "params": [ "0x2c3b7cc", true ] }, code=UNKNOWN_ERROR, version=6.17.0)
    at makeError (C:\Users\perum\OneDrive\Desktop\sidra\node_modules\ethers\src.ts\utils\errors.ts:698:21)
    at JsonRpcProvider.getRpcError (C:\Users\perum\OneDrive\Desktop\sidra\node_modules\ethers\src.ts\providers\provider-jsonrpc.ts:1086:25)
    at <anonymous> (C:\Users\perum\OneDrive\Desktop\sidra\node_modules\ethers\src.ts\providers\provider-jsonrpc.ts:571:45)
    at process.processTicksAndRejections (node:internal/process/task_queues:104:5)
[31m[Nest] 181104  - [39m04/09/2026, 10:20:13 pm [31m  ERROR[39m [38;5;3m[BlockchainService] [39m[31mFailed to scan ETH on BASE blocks 46380924-46385924[39m
Error: could not coalesce error (error={ "code": -32016, "message": "over rate limit" }, payload={ "id": 9478, "jsonrpc": "2.0", "method": "eth_getBlockByNumber", "params": [ "0x2c3b7cc", true ] }, code=UNKNOWN_ERROR, version=6.17.0)
    at makeError (C:\Users\perum\OneDrive\Desktop\sidra\node_modules\ethers\src.ts\utils\errors.ts:698:21)
    at JsonRpcProvider.getRpcError (C:\Users\perum\OneDrive\Desktop\sidra\node_modules\ethers\src.ts\providers\provider-jsonrpc.ts:1086:25)
    at <anonymous> (C:\Users\perum\OneDrive\Desktop\sidra\node_modules\ethers\src.ts\providers\provider-jsonrpc.ts:571:45)
    at process.processTicksAndRejections (node:internal/process/task_queues:104:5)
[31m[Nest] 181104  - [39m04/09/2026, 10:20:13 pm [31m  ERROR[39m [38;5;3m[BlockchainService] [39m[31mFailed to scan ETH on BASE blocks 46380924-46385924[39m
Error: could not coalesce error (error={ "code": -32016, "message": "over rate limit" }, payload={ "id": 9478, "jsonrpc": "2.0", "method": "eth_getBlockByNumber", "params": [ "0x2c3b7cc", true ] }, code=UNKNOWN_ERROR, version=6.17.0)
    at makeError (C:\Users\perum\OneDrive\Desktop\sidra\node_modules\ethers\src.ts\utils\errors.ts:698:21)
    at JsonRpcProvider.getRpcError (C:\Users\perum\OneDrive\Desktop\sidra\node_modules\ethers\src.ts\providers\provider-jsonrpc.ts:1086:25)
    at <anonymous> (C:\Users\perum\OneDrive\Desktop\sidra\node_modules\ethers\src.ts\providers\provider-jsonrpc.ts:571:45)
    at process.processTicksAndRejections (node:internal/process/task_queues:104:5)
[31m[Nest] 181104  - [39m04/09/2026, 10:20:13 pm [31m  ERROR[39m [38;5;3m[BlockchainService] [39m[31mFailed to scan ETH on BASE blocks 46380924-46385924[39m
Error: could not coalesce error (error={ "code": -32016, "message": "over rate limit" }, payload={ "id": 9478, "jsonrpc": "2.0", "method": "eth_getBlockByNumber", "params": [ "0x2c3b7cc", true ] }, code=UNKNOWN_ERROR, version=6.17.0)
    at makeError (C:\Users\perum\OneDrive\Desktop\sidra\node_modules\ethers\src.ts\utils\errors.ts:698:21)
    at JsonRpcProvider.getRpcError (C:\Users\perum\OneDrive\Desktop\sidra\node_modules\ethers\src.ts\providers\provider-jsonrpc.ts:1086:25)
    at <anonymous> (C:\Users\perum\OneDrive\Desktop\sidra\node_modules\ethers\src.ts\providers\provider-jsonrpc.ts:571:45)
    at process.processTicksAndRejections (node:internal/process/task_queues:104:5)
[31m[Nest] 181104  - [39m04/09/2026, 10:20:13 pm [31m  ERROR[39m [38;5;3m[BlockchainService] [39m[31mFailed to scan ETH on BASE blocks 46380924-46385924[39m
Error: could not coalesce error (error={ "code": -32016, "message": "over rate limit" }, payload={ "id": 9478, "jsonrpc": "2.0", "method": "eth_getBlockByNumber", "params": [ "0x2c3b7cc", true ] }, code=UNKNOWN_ERROR, version=6.17.0)
    at makeError (C:\Users\perum\OneDrive\Desktop\sidra\node_modules\ethers\src.ts\utils\errors.ts:698:21)
    at JsonRpcProvider.getRpcError (C:\Users\perum\OneDrive\Desktop\sidra\node_modules\ethers\src.ts\providers\provider-jsonrpc.ts:1086:25)
    at <anonymous> (C:\Users\perum\OneDrive\Desktop\sidra\node_modules\ethers\src.ts\providers\provider-jsonrpc.ts:571:45)
    at process.processTicksAndRejections (node:internal/process/task_queues:104:5)
[31m[Nest] 181104  - [39m04/09/2026, 10:20:13 pm [31m  ERROR[39m [38;5;3m[BlockchainService] [39m[31mFailed to scan ETH on BASE blocks 46380924-46385924[39m
Error: could not coalesce error (error={ "code": -32016, "message": "over rate limit" }, payload={ "id": 9478, "jsonrpc": "2.0", "method": "eth_getBlockByNumber", "params": [ "0x2c3b7cc", true ] }, code=UNKNOWN_ERROR, version=6.17.0)
    at makeError (C:\Users\perum\OneDrive\Desktop\sidra\node_modules\ethers\src.ts\utils\errors.ts:698:21)
    at JsonRpcProvider.getRpcError (C:\Users\perum\OneDrive\Desktop\sidra\node_modules\ethers\src.ts\providers\provider-jsonrpc.ts:1086:25)
    at <anonymous> (C:\Users\perum\OneDrive\Desktop\sidra\node_modules\ethers\src.ts\providers\provider-jsonrpc.ts:571:45)
    at process.processTicksAndRejections (node:internal/process/task_queues:104:5)
[31m[Nest] 181104  - [39m04/09/2026, 10:20:13 pm [31m  ERROR[39m [38;5;3m[BlockchainService] [39m[31mFailed to scan ETH on BASE blocks 46380924-46385924[39m
Error: could not coalesce error (error={ "code": -32016, "message": "over rate limit" }, payload={ "id": 9478, "jsonrpc": "2.0", "method": "eth_getBlockByNumber", "params": [ "0x2c3b7cc", true ] }, code=UNKNOWN_ERROR, version=6.17.0)
    at makeError (C:\Users\perum\OneDrive\Desktop\sidra\node_modules\ethers\src.ts\utils\errors.ts:698:21)
    at JsonRpcProvider.getRpcError (C:\Users\perum\OneDrive\Desktop\sidra\node_modules\ethers\src.ts\providers\provider-jsonrpc.ts:1086:25)
    at <anonymous> (C:\Users\perum\OneDrive\Desktop\sidra\node_modules\ethers\src.ts\providers\provider-jsonrpc.ts:571:45)
    at process.processTicksAndRejections (node:internal/process/task_queues:104:5)
[31m[Nest] 181104  - [39m04/09/2026, 10:20:17 pm [31m  ERROR[39m [38;5;3m[BlockchainService] [39m[31mFailed to scan ETH on BASE blocks 46380909-46385909[39m
Error: could not coalesce error (error={ "code": -32016, "message": "over rate limit" }, payload={ "id": 9519, "jsonrpc": "2.0", "method": "eth_getBlockByNumber", "params": [ "0x2c3b7c4", true ] }, code=UNKNOWN_ERROR, version=6.17.0)
    at makeError (C:\Users\perum\OneDrive\Desktop\sidra\node_modules\ethers\src.ts\utils\errors.ts:698:21)
    at JsonRpcProvider.getRpcError (C:\Users\perum\OneDrive\Desktop\sidra\node_modules\ethers\src.ts\providers\provider-jsonrpc.ts:1086:25)
    at <anonymous> (C:\Users\perum\OneDrive\Desktop\sidra\node_modules\ethers\src.ts\providers\provider-jsonrpc.ts:571:45)
    at process.processTicksAndRejections (node:internal/process/task_queues:104:5)
[31m[Nest] 181104  - [39m04/09/2026, 10:20:17 pm [31m  ERROR[39m [38;5;3m[BlockchainService] [39m[31mFailed to scan ETH on BASE blocks 46380909-46385909[39m
Error: could not coalesce error (error={ "code": -32016, "message": "over rate limit" }, payload={ "id": 9519, "jsonrpc": "2.0", "method": "eth_getBlockByNumber", "params": [ "0x2c3b7c4", true ] }, code=UNKNOWN_ERROR, version=6.17.0)
    at makeError (C:\Users\perum\OneDrive\Desktop\sidra\node_modules\ethers\src.ts\utils\errors.ts:698:21)
    at JsonRpcProvider.getRpcError (C:\Users\perum\OneDrive\Desktop\sidra\node_modules\ethers\src.ts\providers\provider-jsonrpc.ts:1086:25)
    at <anonymous> (C:\Users\perum\OneDrive\Desktop\sidra\node_modules\ethers\src.ts\providers\provider-jsonrpc.ts:571:45)
    at process.processTicksAndRejections (node:internal/process/task_queues:104:5)
[31m[Nest] 181104  - [39m04/09/2026, 10:20:17 pm [31m  ERROR[39m [38;5;3m[BlockchainService] [39m[31mFailed to scan ETH on BASE blocks 46380909-46385909[39m
Error: could not coalesce error (error={ "code": -32016, "message": "over rate limit" }, payload={ "id": 9519, "jsonrpc": "2.0", "method": "eth_getBlockByNumber", "params": [ "0x2c3b7c4", true ] }, code=UNKNOWN_ERROR, version=6.17.0)
    at makeError (C:\Users\perum\OneDrive\Desktop\sidra\node_modules\ethers\src.ts\utils\errors.ts:698:21)
    at JsonRpcProvider.getRpcError (C:\Users\perum\OneDrive\Desktop\sidra\node_modules\ethers\src.ts\providers\provider-jsonrpc.ts:1086:25)
    at <anonymous> (C:\Users\perum\OneDrive\Desktop\sidra\node_modules\ethers\src.ts\providers\provider-jsonrpc.ts:571:45)
    at process.processTicksAndRejections (node:internal/process/task_queues:104:5)
[31m[Nest] 181104  - [39m04/09/2026, 10:20:17 pm [31m  ERROR[39m [38;5;3m[BlockchainService] [39m[31mFailed to scan ETH on BASE blocks 46380909-46385909[39m
Error: could not coalesce error (error={ "code": -32016, "message": "over rate limit" }, payload={ "id": 9519, "jsonrpc": "2.0", "method": "eth_getBlockByNumber", "params": [ "0x2c3b7c4", true ] }, code=UNKNOWN_ERROR, version=6.17.0)
    at makeError (C:\Users\perum\OneDrive\Desktop\sidra\node_modules\ethers\src.ts\utils\errors.ts:698:21)
    at JsonRpcProvider.getRpcError (C:\Users\perum\OneDrive\Desktop\sidra\node_modules\ethers\src.ts\providers\provider-jsonrpc.ts:1086:25)
    at <anonymous> (C:\Users\perum\OneDrive\Desktop\sidra\node_modules\ethers\src.ts\providers\provider-jsonrpc.ts:571:45)
    at process.processTicksAndRejections (node:internal/process/task_queues:104:5)
[31m[Nest] 181104  - [39m04/09/2026, 10:20:17 pm [31m  ERROR[39m [38;5;3m[BlockchainService] [39m[31mFailed to scan ETH on BASE blocks 46380909-46385909[39m
Error: could not coalesce error (error={ "code": -32016, "message": "over rate limit" }, payload={ "id": 9519, "jsonrpc": "2.0", "method": "eth_getBlockByNumber", "params": [ "0x2c3b7c4", true ] }, code=UNKNOWN_ERROR, version=6.17.0)
    at makeError (C:\Users\perum\OneDrive\Desktop\sidra\node_modules\ethers\src.ts\utils\errors.ts:698:21)
    at JsonRpcProvider.getRpcError (C:\Users\perum\OneDrive\Desktop\sidra\node_modules\ethers\src.ts\providers\provider-jsonrpc.ts:1086:25)
    at <anonymous> (C:\Users\perum\OneDrive\Desktop\sidra\node_modules\ethers\src.ts\providers\provider-jsonrpc.ts:571:45)
    at process.processTicksAndRejections (node:internal/process/task_queues:104:5)
[31m[Nest] 181104  - [39m04/09/2026, 10:20:17 pm [31m  ERROR[39m [38;5;3m[BlockchainService] [39m[31mFailed to scan ETH on BASE blocks 46380909-46385909[39m
Error: could not coalesce error (error={ "code": -32016, "message": "over rate limit" }, payload={ "id": 9519, "jsonrpc": "2.0", "method": "eth_getBlockByNumber", "params": [ "0x2c3b7c4", true ] }, code=UNKNOWN_ERROR, version=6.17.0)
    at makeError (C:\Users\perum\OneDrive\Desktop\sidra\node_modules\ethers\src.ts\utils\errors.ts:698:21)
    at JsonRpcProvider.getRpcError (C:\Users\perum\OneDrive\Desktop\sidra\node_modules\ethers\src.ts\providers\provider-jsonrpc.ts:1086:25)
    at <anonymous> (C:\Users\perum\OneDrive\Desktop\sidra\node_modules\ethers\src.ts\providers\provider-jsonrpc.ts:571:45)
    at process.processTicksAndRejections (node:internal/process/task_queues:104:5)
[31m[Nest] 181104  - [39m04/09/2026, 10:20:17 pm [31m  ERROR[39m [38;5;3m[BlockchainService] [39m[31mFailed to scan ETH on BASE blocks 46380909-46385909[39m
Error: could not coalesce error (error={ "code": -32016, "message": "over rate limit" }, payload={ "id": 9519, "jsonrpc": "2.0", "method": "eth_getBlockByNumber", "params": [ "0x2c3b7c4", true ] }, code=UNKNOWN_ERROR, version=6.17.0)
    at makeError (C:\Users\perum\OneDrive\Desktop\sidra\node_modules\ethers\src.ts\utils\errors.ts:698:21)
    at JsonRpcProvider.getRpcError (C:\Users\perum\OneDrive\Desktop\sidra\node_modules\ethers\src.ts\providers\provider-jsonrpc.ts:1086:25)
    at <anonymous> (C:\Users\perum\OneDrive\Desktop\sidra\node_modules\ethers\src.ts\providers\provider-jsonrpc.ts:571:45)
    at process.processTicksAndRejections (node:internal/process/task_queues:104:5)
[31m[Nest] 181104  - [39m04/09/2026, 10:20:21 pm [31m  ERROR[39m [38;5;3m[BlockchainService] [39m[31mFailed to scan ETH on BASE blocks 46380893-46385893[39m
Error: could not coalesce error (error={ "code": -32016, "message": "over rate limit" }, payload={ "id": 9560, "jsonrpc": "2.0", "method": "eth_getBlockByNumber", "params": [ "0x2c3b7bc", true ] }, code=UNKNOWN_ERROR, version=6.17.0)
    at makeError (C:\Users\perum\OneDrive\Desktop\sidra\node_modules\ethers\src.ts\utils\errors.ts:698:21)
    at JsonRpcProvider.getRpcError (C:\Users\perum\OneDrive\Desktop\sidra\node_modules\ethers\src.ts\providers\provider-jsonrpc.ts:1086:25)
    at <anonymous> (C:\Users\perum\OneDrive\Desktop\sidra\node_modules\ethers\src.ts\providers\provider-jsonrpc.ts:571:45)
    at process.processTicksAndRejections (node:internal/process/task_queues:104:5)
[31m[Nest] 181104  - [39m04/09/2026, 10:20:21 pm [31m  ERROR[39m [38;5;3m[BlockchainService] [39m[31mFailed to scan ETH on BASE blocks 46380893-46385893[39m
Error: could not coalesce error (error={ "code": -32016, "message": "over rate limit" }, payload={ "id": 9560, "jsonrpc": "2.0", "method": "eth_getBlockByNumber", "params": [ "0x2c3b7bc", true ] }, code=UNKNOWN_ERROR, version=6.17.0)
    at makeError (C:\Users\perum\OneDrive\Desktop\sidra\node_modules\ethers\src.ts\utils\errors.ts:698:21)
    at JsonRpcProvider.getRpcError (C:\Users\perum\OneDrive\Desktop\sidra\node_modules\ethers\src.ts\providers\provider-jsonrpc.ts:1086:25)
    at <anonymous> (C:\Users\perum\OneDrive\Desktop\sidra\node_modules\ethers\src.ts\providers\provider-jsonrpc.ts:571:45)
    at process.processTicksAndRejections (node:internal/process/task_queues:104:5)
[31m[Nest] 181104  - [39m04/09/2026, 10:20:21 pm [31m  ERROR[39m [38;5;3m[BlockchainService] [39m[31mFailed to scan ETH on BASE blocks 46380893-46385893[39m
Error: could not coalesce error (error={ "code": -32016, "message": "over rate limit" }, payload={ "id": 9560, "jsonrpc": "2.0", "method": "eth_getBlockByNumber", "params": [ "0x2c3b7bc", true ] }, code=UNKNOWN_ERROR, version=6.17.0)
    at makeError (C:\Users\perum\OneDrive\Desktop\sidra\node_modules\ethers\src.ts\utils\errors.ts:698:21)
    at JsonRpcProvider.getRpcError (C:\Users\perum\OneDrive\Desktop\sidra\node_modules\ethers\src.ts\providers\provider-jsonrpc.ts:1086:25)
    at <anonymous> (C:\Users\perum\OneDrive\Desktop\sidra\node_modules\ethers\src.ts\providers\provider-jsonrpc.ts:571:45)
    at process.processTicksAndRejections (node:internal/process/task_queues:104:5)
[31m[Nest] 181104  - [39m04/09/2026, 10:20:21 pm [31m  ERROR[39m [38;5;3m[BlockchainService] [39m[31mFailed to scan ETH on BASE blocks 46380893-46385893[39m
Error: could not coalesce error (error={ "code": -32016, "message": "over rate limit" }, payload={ "id": 9560, "jsonrpc": "2.0", "method": "eth_getBlockByNumber", "params": [ "0x2c3b7bc", true ] }, code=UNKNOWN_ERROR, version=6.17.0)
    at makeError (C:\Users\perum\OneDrive\Desktop\sidra\node_modules\ethers\src.ts\utils\errors.ts:698:21)
    at JsonRpcProvider.getRpcError (C:\Users\perum\OneDrive\Desktop\sidra\node_modules\ethers\src.ts\providers\provider-jsonrpc.ts:1086:25)
    at <anonymous> (C:\Users\perum\OneDrive\Desktop\sidra\node_modules\ethers\src.ts\providers\provider-jsonrpc.ts:571:45)
    at process.processTicksAndRejections (node:internal/process/task_queues:104:5)
[31m[Nest] 181104  - [39m04/09/2026, 10:20:21 pm [31m  ERROR[39m [38;5;3m[BlockchainService] [39m[31mFailed to scan ETH on BASE blocks 46380893-46385893[39m
Error: could not coalesce error (error={ "code": -32016, "message": "over rate limit" }, payload={ "id": 9560, "jsonrpc": "2.0", "method": "eth_getBlockByNumber", "params": [ "0x2c3b7bc", true ] }, code=UNKNOWN_ERROR, version=6.17.0)
    at makeError (C:\Users\perum\OneDrive\Desktop\sidra\node_modules\ethers\src.ts\utils\errors.ts:698:21)
    at JsonRpcProvider.getRpcError (C:\Users\perum\OneDrive\Desktop\sidra\node_modules\ethers\src.ts\providers\provider-jsonrpc.ts:1086:25)
    at <anonymous> (C:\Users\perum\OneDrive\Desktop\sidra\node_modules\ethers\src.ts\providers\provider-jsonrpc.ts:571:45)
    at process.processTicksAndRejections (node:internal/process/task_queues:104:5)
[31m[Nest] 181104  - [39m04/09/2026, 10:20:21 pm [31m  ERROR[39m [38;5;3m[BlockchainService] [39m[31mFailed to scan ETH on BASE blocks 46380893-46385893[39m
Error: could not coalesce error (error={ "code": -32016, "message": "over rate limit" }, payload={ "id": 9560, "jsonrpc": "2.0", "method": "eth_getBlockByNumber", "params": [ "0x2c3b7bc", true ] }, code=UNKNOWN_ERROR, version=6.17.0)
    at makeError (C:\Users\perum\OneDrive\Desktop\sidra\node_modules\ethers\src.ts\utils\errors.ts:698:21)
    at JsonRpcProvider.getRpcError (C:\Users\perum\OneDrive\Desktop\sidra\node_modules\ethers\src.ts\providers\provider-jsonrpc.ts:1086:25)
    at <anonymous> (C:\Users\perum\OneDrive\Desktop\sidra\node_modules\ethers\src.ts\providers\provider-jsonrpc.ts:571:45)
    at process.processTicksAndRejections (node:internal/process/task_queues:104:5)
[31m[Nest] 181104  - [39m04/09/2026, 10:20:21 pm [31m  ERROR[39m [38;5;3m[BlockchainService] [39m[31mFailed to scan ETH on BASE blocks 46380893-46385893[39m
Error: could not coalesce error (error={ "code": -32016, "message": "over rate limit" }, payload={ "id": 9560, "jsonrpc": "2.0", "method": "eth_getBlockByNumber", "params": [ "0x2c3b7bc", true ] }, code=UNKNOWN_ERROR, version=6.17.0)
    at makeError (C:\Users\perum\OneDrive\Desktop\sidra\node_modules\ethers\src.ts\utils\errors.ts:698:21)
    at JsonRpcProvider.getRpcError (C:\Users\perum\OneDrive\Desktop\sidra\node_modules\ethers\src.ts\providers\provider-jsonrpc.ts:1086:25)
    at <anonymous> (C:\Users\perum\OneDrive\Desktop\sidra\node_modules\ethers\src.ts\providers\provider-jsonrpc.ts:571:45)
    at process.processTicksAndRejections (node:internal/process/task_queues:104:5)
[31m[Nest] 181104  - [39m04/09/2026, 10:20:23 pm [31m  ERROR[39m [38;5;3m[DepositsService] [39m[31mDeposit poller error on BASE[39m
Error: could not coalesce error (error={ "code": -32016, "message": "over rate limit" }, payload={ "id": 9602, "jsonrpc": "2.0", "method": "eth_blockNumber", "params": [  ] }, code=UNKNOWN_ERROR, version=6.17.0)
    at makeError (C:\Users\perum\OneDrive\Desktop\sidra\node_modules\ethers\src.ts\utils\errors.ts:698:21)
    at JsonRpcProvider.getRpcError (C:\Users\perum\OneDrive\Desktop\sidra\node_modules\ethers\src.ts\providers\provider-jsonrpc.ts:1086:25)
    at <anonymous> (C:\Users\perum\OneDrive\Desktop\sidra\node_modules\ethers\src.ts\providers\provider-jsonrpc.ts:571:45)
    at process.processTicksAndRejections (node:internal/process/task_queues:104:5)
[31m[Nest] 181104  - [39m04/09/2026, 10:20:24 pm [31m  ERROR[39m [38;5;3m[BlockchainService] [39m[31mFailed to scan ETH on BASE blocks 46380882-46385882[39m
Error: could not coalesce error (error={ "code": -32016, "message": "over rate limit" }, payload={ "id": 9601, "jsonrpc": "2.0", "method": "eth_getBlockByNumber", "params": [ "0x2c3b7ba", true ] }, code=UNKNOWN_ERROR, version=6.17.0)
    at makeError (C:\Users\perum\OneDrive\Desktop\sidra\node_modules\ethers\src.ts\utils\errors.ts:698:21)
    at JsonRpcProvider.getRpcError (C:\Users\perum\OneDrive\Desktop\sidra\node_modules\ethers\src.ts\providers\provider-jsonrpc.ts:1086:25)
    at <anonymous> (C:\Users\perum\OneDrive\Desktop\sidra\node_modules\ethers\src.ts\providers\provider-jsonrpc.ts:571:45)
    at process.processTicksAndRejections (node:internal/process/task_queues:104:5)
[31m[Nest] 181104  - [39m04/09/2026, 10:20:24 pm [31m  ERROR[39m [38;5;3m[BlockchainService] [39m[31mFailed to scan ETH on BASE blocks 46380882-46385882[39m
Error: could not coalesce error (error={ "code": -32016, "message": "over rate limit" }, payload={ "id": 9601, "jsonrpc": "2.0", "method": "eth_getBlockByNumber", "params": [ "0x2c3b7ba", true ] }, code=UNKNOWN_ERROR, version=6.17.0)
    at makeError (C:\Users\perum\OneDrive\Desktop\sidra\node_modules\ethers\src.ts\utils\errors.ts:698:21)
    at JsonRpcProvider.getRpcError (C:\Users\perum\OneDrive\Desktop\sidra\node_modules\ethers\src.ts\providers\provider-jsonrpc.ts:1086:25)
    at <anonymous> (C:\Users\perum\OneDrive\Desktop\sidra\node_modules\ethers\src.ts\providers\provider-jsonrpc.ts:571:45)
    at process.processTicksAndRejections (node:internal/process/task_queues:104:5)
[31m[Nest] 181104  - [39m04/09/2026, 10:20:24 pm [31m  ERROR[39m [38;5;3m[BlockchainService] [39m[31mFailed to scan ETH on BASE blocks 46380882-46385882[39m
Error: could not coalesce error (error={ "code": -32016, "message": "over rate limit" }, payload={ "id": 9601, "jsonrpc": "2.0", "method": "eth_getBlockByNumber", "params": [ "0x2c3b7ba", true ] }, code=UNKNOWN_ERROR, version=6.17.0)
    at makeError (C:\Users\perum\OneDrive\Desktop\sidra\node_modules\ethers\src.ts\utils\errors.ts:698:21)
    at JsonRpcProvider.getRpcError (C:\Users\perum\OneDrive\Desktop\sidra\node_modules\ethers\src.ts\providers\provider-jsonrpc.ts:1086:25)
    at <anonymous> (C:\Users\perum\OneDrive\Desktop\sidra\node_modules\ethers\src.ts\providers\provider-jsonrpc.ts:571:45)
    at process.processTicksAndRejections (node:internal/process/task_queues:104:5)
[31m[Nest] 181104  - [39m04/09/2026, 10:20:24 pm [31m  ERROR[39m [38;5;3m[BlockchainService] [39m[31mFailed to scan ETH on BASE blocks 46380882-46385882[39m
Error: could not coalesce error (error={ "code": -32016, "message": "over rate limit" }, payload={ "id": 9601, "jsonrpc": "2.0", "method": "eth_getBlockByNumber", "params": [ "0x2c3b7ba", true ] }, code=UNKNOWN_ERROR, version=6.17.0)
    at makeError (C:\Users\perum\OneDrive\Desktop\sidra\node_modules\ethers\src.ts\utils\errors.ts:698:21)
    at JsonRpcProvider.getRpcError (C:\Users\perum\OneDrive\Desktop\sidra\node_modules\ethers\src.ts\providers\provider-jsonrpc.ts:1086:25)
    at <anonymous> (C:\Users\perum\OneDrive\Desktop\sidra\node_modules\ethers\src.ts\providers\provider-jsonrpc.ts:571:45)
    at process.processTicksAndRejections (node:internal/process/task_queues:104:5)
[31m[Nest] 181104  - [39m04/09/2026, 10:20:24 pm [31m  ERROR[39m [38;5;3m[BlockchainService] [39m[31mFailed to scan ETH on BASE blocks 46380882-46385882[39m
Error: could not coalesce error (error={ "code": -32016, "message": "over rate limit" }, payload={ "id": 9601, "jsonrpc": "2.0", "method": "eth_getBlockByNumber", "params": [ "0x2c3b7ba", true ] }, code=UNKNOWN_ERROR, version=6.17.0)
    at makeError (C:\Users\perum\OneDrive\Desktop\sidra\node_modules\ethers\src.ts\utils\errors.ts:698:21)
    at JsonRpcProvider.getRpcError (C:\Users\perum\OneDrive\Desktop\sidra\node_modules\ethers\src.ts\providers\provider-jsonrpc.ts:1086:25)
    at <anonymous> (C:\Users\perum\OneDrive\Desktop\sidra\node_modules\ethers\src.ts\providers\provider-jsonrpc.ts:571:45)
    at process.processTicksAndRejections (node:internal/process/task_queues:104:5)
[31m[Nest] 181104  - [39m04/09/2026, 10:20:24 pm [31m  ERROR[39m [38;5;3m[BlockchainService] [39m[31mFailed to scan ETH on BASE blocks 46380882-46385882[39m
Error: could not coalesce error (error={ "code": -32016, "message": "over rate limit" }, payload={ "id": 9601, "jsonrpc": "2.0", "method": "eth_getBlockByNumber", "params": [ "0x2c3b7ba", true ] }, code=UNKNOWN_ERROR, version=6.17.0)
    at makeError (C:\Users\perum\OneDrive\Desktop\sidra\node_modules\ethers\src.ts\utils\errors.ts:698:21)
    at JsonRpcProvider.getRpcError (C:\Users\perum\OneDrive\Desktop\sidra\node_modules\ethers\src.ts\providers\provider-jsonrpc.ts:1086:25)
    at <anonymous> (C:\Users\perum\OneDrive\Desktop\sidra\node_modules\ethers\src.ts\providers\provider-jsonrpc.ts:571:45)
    at process.processTicksAndRejections (node:internal/process/task_queues:104:5)
[31m[Nest] 181104  - [39m04/09/2026, 10:20:24 pm [31m  ERROR[39m [38;5;3m[BlockchainService] [39m[31mFailed to scan ETH on BASE blocks 46380882-46385882[39m
Error: could not coalesce error (error={ "code": -32016, "message": "over rate limit" }, payload={ "id": 9601, "jsonrpc": "2.0", "method": "eth_getBlockByNumber", "params": [ "0x2c3b7ba", true ] }, code=UNKNOWN_ERROR, version=6.17.0)
    at makeError (C:\Users\perum\OneDrive\Desktop\sidra\node_modules\ethers\src.ts\utils\errors.ts:698:21)
    at JsonRpcProvider.getRpcError (C:\Users\perum\OneDrive\Desktop\sidra\node_modules\ethers\src.ts\providers\provider-jsonrpc.ts:1086:25)
    at <anonymous> (C:\Users\perum\OneDrive\Desktop\sidra\node_modules\ethers\src.ts\providers\provider-jsonrpc.ts:571:45)
    at process.processTicksAndRejections (node:internal/process/task_queues:104:5)
[31m[Nest] 181104  - [39m04/09/2026, 10:20:28 pm [31m  ERROR[39m [38;5;3m[BlockchainService] [39m[31mFailed to scan ETH on BASE blocks 46380864-46385864[39m
Error: could not coalesce error (error={ "code": -32016, "message": "over rate limit" }, payload={ "id": 9643, "jsonrpc": "2.0", "method": "eth_getBlockByNumber", "params": [ "0x2c3b7b5", true ] }, code=UNKNOWN_ERROR, version=6.17.0)
    at makeError (C:\Users\perum\OneDrive\Desktop\sidra\node_modules\ethers\src.ts\utils\errors.ts:698:21)
    at JsonRpcProvider.getRpcError (C:\Users\perum\OneDrive\Desktop\sidra\node_modules\ethers\src.ts\providers\provider-jsonrpc.ts:1086:25)
    at <anonymous> (C:\Users\perum\OneDrive\Desktop\sidra\node_modules\ethers\src.ts\providers\provider-jsonrpc.ts:571:45)
    at process.processTicksAndRejections (node:internal/process/task_queues:104:5)
[31m[Nest] 181104  - [39m04/09/2026, 10:20:28 pm [31m  ERROR[39m [38;5;3m[BlockchainService] [39m[31mFailed to scan ETH on BASE blocks 46380864-46385864[39m
Error: could not coalesce error (error={ "code": -32016, "message": "over rate limit" }, payload={ "id": 9643, "jsonrpc": "2.0", "method": "eth_getBlockByNumber", "params": [ "0x2c3b7b5", true ] }, code=UNKNOWN_ERROR, version=6.17.0)
    at makeError (C:\Users\perum\OneDrive\Desktop\sidra\node_modules\ethers\src.ts\utils\errors.ts:698:21)
    at JsonRpcProvider.getRpcError (C:\Users\perum\OneDrive\Desktop\sidra\node_modules\ethers\src.ts\providers\provider-jsonrpc.ts:1086:25)
    at <anonymous> (C:\Users\perum\OneDrive\Desktop\sidra\node_modules\ethers\src.ts\providers\provider-jsonrpc.ts:571:45)
    at process.processTicksAndRejections (node:internal/process/task_queues:104:5)
[31m[Nest] 181104  - [39m04/09/2026, 10:20:28 pm [31m  ERROR[39m [38;5;3m[BlockchainService] [39m[31mFailed to scan ETH on BASE blocks 46380864-46385864[39m
Error: could not coalesce error (error={ "code": -32016, "message": "over rate limit" }, payload={ "id": 9643, "jsonrpc": "2.0", "method": "eth_getBlockByNumber", "params": [ "0x2c3b7b5", true ] }, code=UNKNOWN_ERROR, version=6.17.0)
    at makeError (C:\Users\perum\OneDrive\Desktop\sidra\node_modules\ethers\src.ts\utils\errors.ts:698:21)
    at JsonRpcProvider.getRpcError (C:\Users\perum\OneDrive\Desktop\sidra\node_modules\ethers\src.ts\providers\provider-jsonrpc.ts:1086:25)
    at <anonymous> (C:\Users\perum\OneDrive\Desktop\sidra\node_modules\ethers\src.ts\providers\provider-jsonrpc.ts:571:45)
    at process.processTicksAndRejections (node:internal/process/task_queues:104:5)
[31m[Nest] 181104  - [39m04/09/2026, 10:20:28 pm [31m  ERROR[39m [38;5;3m[BlockchainService] [39m[31mFailed to scan ETH on BASE blocks 46380864-46385864[39m
Error: could not coalesce error (error={ "code": -32016, "message": "over rate limit" }, payload={ "id": 9643, "jsonrpc": "2.0", "method": "eth_getBlockByNumber", "params": [ "0x2c3b7b5", true ] }, code=UNKNOWN_ERROR, version=6.17.0)
    at makeError (C:\Users\perum\OneDrive\Desktop\sidra\node_modules\ethers\src.ts\utils\errors.ts:698:21)
    at JsonRpcProvider.getRpcError (C:\Users\perum\OneDrive\Desktop\sidra\node_modules\ethers\src.ts\providers\provider-jsonrpc.ts:1086:25)
    at <anonymous> (C:\Users\perum\OneDrive\Desktop\sidra\node_modules\ethers\src.ts\providers\provider-jsonrpc.ts:571:45)
    at process.processTicksAndRejections (node:internal/process/task_queues:104:5)
[31m[Nest] 181104  - [39m04/09/2026, 10:20:28 pm [31m  ERROR[39m [38;5;3m[BlockchainService] [39m[31mFailed to scan ETH on BASE blocks 46380864-46385864[39m
Error: could not coalesce error (error={ "code": -32016, "message": "over rate limit" }, payload={ "id": 9643, "jsonrpc": "2.0", "method": "eth_getBlockByNumber", "params": [ "0x2c3b7b5", true ] }, code=UNKNOWN_ERROR, version=6.17.0)
    at makeError (C:\Users\perum\OneDrive\Desktop\sidra\node_modules\ethers\src.ts\utils\errors.ts:698:21)
    at JsonRpcProvider.getRpcError (C:\Users\perum\OneDrive\Desktop\sidra\node_modules\ethers\src.ts\providers\provider-jsonrpc.ts:1086:25)
    at <anonymous> (C:\Users\perum\OneDrive\Desktop\sidra\node_modules\ethers\src.ts\providers\provider-jsonrpc.ts:571:45)
    at process.processTicksAndRejections (node:internal/process/task_queues:104:5)
[31m[Nest] 181104  - [39m04/09/2026, 10:20:28 pm [31m  ERROR[39m [38;5;3m[BlockchainService] [39m[31mFailed to scan ETH on BASE blocks 46380864-46385864[39m
Error: could not coalesce error (error={ "code": -32016, "message": "over rate limit" }, payload={ "id": 9643, "jsonrpc": "2.0", "method": "eth_getBlockByNumber", "params": [ "0x2c3b7b5", true ] }, code=UNKNOWN_ERROR, version=6.17.0)
    at makeError (C:\Users\perum\OneDrive\Desktop\sidra\node_modules\ethers\src.ts\utils\errors.ts:698:21)
    at JsonRpcProvider.getRpcError (C:\Users\perum\OneDrive\Desktop\sidra\node_modules\ethers\src.ts\providers\provider-jsonrpc.ts:1086:25)
    at <anonymous> (C:\Users\perum\OneDrive\Desktop\sidra\node_modules\ethers\src.ts\providers\provider-jsonrpc.ts:571:45)
    at process.processTicksAndRejections (node:internal/process/task_queues:104:5)
[31m[Nest] 181104  - [39m04/09/2026, 10:20:28 pm [31m  ERROR[39m [38;5;3m[BlockchainService] [39m[31mFailed to scan ETH on BASE blocks 46380864-46385864[39m
Error: could not coalesce error (error={ "code": -32016, "message": "over rate limit" }, payload={ "id": 9643, "jsonrpc": "2.0", "method": "eth_getBlockByNumber", "params": [ "0x2c3b7b5", true ] }, code=UNKNOWN_ERROR, version=6.17.0)
    at makeError (C:\Users\perum\OneDrive\Desktop\sidra\node_modules\ethers\src.ts\utils\errors.ts:698:21)
    at JsonRpcProvider.getRpcError (C:\Users\perum\OneDrive\Desktop\sidra\node_modules\ethers\src.ts\providers\provider-jsonrpc.ts:1086:25)
    at <anonymous> (C:\Users\perum\OneDrive\Desktop\sidra\node_modules\ethers\src.ts\providers\provider-jsonrpc.ts:571:45)
    at process.processTicksAndRejections (node:internal/process/task_queues:104:5)
[31m[Nest] 181104  - [39m04/09/2026, 10:20:53 pm [31m  ERROR[39m [38;5;3m[DepositsService] [39m[31mDeposit poller error on BASE[39m
Error: could not coalesce error (error={ "code": -32016, "message": "over rate limit" }, payload={ "id": 9844, "jsonrpc": "2.0", "method": "eth_blockNumber", "params": [  ] }, code=UNKNOWN_ERROR, version=6.17.0)
    at makeError (C:\Users\perum\OneDrive\Desktop\sidra\node_modules\ethers\src.ts\utils\errors.ts:698:21)
    at JsonRpcProvider.getRpcError (C:\Users\perum\OneDrive\Desktop\sidra\node_modules\ethers\src.ts\providers\provider-jsonrpc.ts:1086:25)
    at <anonymous> (C:\Users\perum\OneDrive\Desktop\sidra\node_modules\ethers\src.ts\providers\provider-jsonrpc.ts:571:45)
    at process.processTicksAndRejections (node:internal/process/task_queues:104:5)
[31m[Nest] 181104  - [39m04/09/2026, 10:21:23 pm [31m  ERROR[39m [38;5;3m[DepositsService] [39m[31mDeposit poller error on BASE[39m
Error: could not coalesce error (error={ "code": -32016, "message": "over rate limit" }, payload={ "id": 10205, "jsonrpc": "2.0", "method": "eth_blockNumber", "params": [  ] }, code=UNKNOWN_ERROR, version=6.17.0)
    at makeError (C:\Users\perum\OneDrive\Desktop\sidra\node_modules\ethers\src.ts\utils\errors.ts:698:21)
    at JsonRpcProvider.getRpcError (C:\Users\perum\OneDrive\Desktop\sidra\node_modules\ethers\src.ts\providers\provider-jsonrpc.ts:1086:25)
    at <anonymous> (C:\Users\perum\OneDrive\Desktop\sidra\node_modules\ethers\src.ts\providers\provider-jsonrpc.ts:571:45)
    at process.processTicksAndRejections (node:internal/process/task_queues:104:5)
[31m[Nest] 181104  - [39m04/09/2026, 10:21:59 pm [31m  ERROR[39m [38;5;3m[BlockchainService] [39m[31mFailed to scan ETH on BASE blocks 46380848-46385848[39m
Error: could not coalesce error (error={ "code": -32016, "message": "over rate limit" }, payload={ "id": 10446, "jsonrpc": "2.0", "method": "eth_getBlockByNumber", "params": [ "0x2c3b7c1", true ] }, code=UNKNOWN_ERROR, version=6.17.0)
    at makeError (C:\Users\perum\OneDrive\Desktop\sidra\node_modules\ethers\src.ts\utils\errors.ts:698:21)
    at JsonRpcProvider.getRpcError (C:\Users\perum\OneDrive\Desktop\sidra\node_modules\ethers\src.ts\providers\provider-jsonrpc.ts:1086:25)
    at <anonymous> (C:\Users\perum\OneDrive\Desktop\sidra\node_modules\ethers\src.ts\providers\provider-jsonrpc.ts:571:45)
    at process.processTicksAndRejections (node:internal/process/task_queues:104:5)
[31m[Nest] 181104  - [39m04/09/2026, 10:21:59 pm [31m  ERROR[39m [38;5;3m[BlockchainService] [39m[31mFailed to scan ETH on BASE blocks 46380848-46385848[39m
Error: could not coalesce error (error={ "code": -32016, "message": "over rate limit" }, payload={ "id": 10446, "jsonrpc": "2.0", "method": "eth_getBlockByNumber", "params": [ "0x2c3b7c1", true ] }, code=UNKNOWN_ERROR, version=6.17.0)
    at makeError (C:\Users\perum\OneDrive\Desktop\sidra\node_modules\ethers\src.ts\utils\errors.ts:698:21)
    at JsonRpcProvider.getRpcError (C:\Users\perum\OneDrive\Desktop\sidra\node_modules\ethers\src.ts\providers\provider-jsonrpc.ts:1086:25)
    at <anonymous> (C:\Users\perum\OneDrive\Desktop\sidra\node_modules\ethers\src.ts\providers\provider-jsonrpc.ts:571:45)
    at process.processTicksAndRejections (node:internal/process/task_queues:104:5)
[31m[Nest] 181104  - [39m04/09/2026, 10:21:59 pm [31m  ERROR[39m [38;5;3m[BlockchainService] [39m[31mFailed to scan ETH on BASE blocks 46380848-46385848[39m
Error: could not coalesce error (error={ "code": -32016, "message": "over rate limit" }, payload={ "id": 10446, "jsonrpc": "2.0", "method": "eth_getBlockByNumber", "params": [ "0x2c3b7c1", true ] }, code=UNKNOWN_ERROR, version=6.17.0)
    at makeError (C:\Users\perum\OneDrive\Desktop\sidra\node_modules\ethers\src.ts\utils\errors.ts:698:21)
    at JsonRpcProvider.getRpcError (C:\Users\perum\OneDrive\Desktop\sidra\node_modules\ethers\src.ts\providers\provider-jsonrpc.ts:1086:25)
    at <anonymous> (C:\Users\perum\OneDrive\Desktop\sidra\node_modules\ethers\src.ts\providers\provider-jsonrpc.ts:571:45)
    at process.processTicksAndRejections (node:internal/process/task_queues:104:5)
[31m[Nest] 181104  - [39m04/09/2026, 10:21:59 pm [31m  ERROR[39m [38;5;3m[BlockchainService] [39m[31mFailed to scan ETH on BASE blocks 46380848-46385848[39m
Error: could not coalesce error (error={ "code": -32016, "message": "over rate limit" }, payload={ "id": 10446, "jsonrpc": "2.0", "method": "eth_getBlockByNumber", "params": [ "0x2c3b7c1", true ] }, code=UNKNOWN_ERROR, version=6.17.0)
    at makeError (C:\Users\perum\OneDrive\Desktop\sidra\node_modules\ethers\src.ts\utils\errors.ts:698:21)
    at JsonRpcProvider.getRpcError (C:\Users\perum\OneDrive\Desktop\sidra\node_modules\ethers\src.ts\providers\provider-jsonrpc.ts:1086:25)
    at <anonymous> (C:\Users\perum\OneDrive\Desktop\sidra\node_modules\ethers\src.ts\providers\provider-jsonrpc.ts:571:45)
    at process.processTicksAndRejections (node:internal/process/task_queues:104:5)
[31m[Nest] 181104  - [39m04/09/2026, 10:21:59 pm [31m  ERROR[39m [38;5;3m[BlockchainService] [39m[31mFailed to scan ETH on BASE blocks 46380848-46385848[39m
Error: could not coalesce error (error={ "code": -32016, "message": "over rate limit" }, payload={ "id": 10446, "jsonrpc": "2.0", "method": "eth_getBlockByNumber", "params": [ "0x2c3b7c1", true ] }, code=UNKNOWN_ERROR, version=6.17.0)
    at makeError (C:\Users\perum\OneDrive\Desktop\sidra\node_modules\ethers\src.ts\utils\errors.ts:698:21)
    at JsonRpcProvider.getRpcError (C:\Users\perum\OneDrive\Desktop\sidra\node_modules\ethers\src.ts\providers\provider-jsonrpc.ts:1086:25)
    at <anonymous> (C:\Users\perum\OneDrive\Desktop\sidra\node_modules\ethers\src.ts\providers\provider-jsonrpc.ts:571:45)
    at process.processTicksAndRejections (node:internal/process/task_queues:104:5)
[31m[Nest] 181104  - [39m04/09/2026, 10:21:59 pm [31m  ERROR[39m [38;5;3m[BlockchainService] [39m[31mFailed to scan ETH on BASE blocks 46380848-46385848[39m
Error: could not coalesce error (error={ "code": -32016, "message": "over rate limit" }, payload={ "id": 10446, "jsonrpc": "2.0", "method": "eth_getBlockByNumber", "params": [ "0x2c3b7c1", true ] }, code=UNKNOWN_ERROR, version=6.17.0)
    at makeError (C:\Users\perum\OneDrive\Desktop\sidra\node_modules\ethers\src.ts\utils\errors.ts:698:21)
    at JsonRpcProvider.getRpcError (C:\Users\perum\OneDrive\Desktop\sidra\node_modules\ethers\src.ts\providers\provider-jsonrpc.ts:1086:25)
    at <anonymous> (C:\Users\perum\OneDrive\Desktop\sidra\node_modules\ethers\src.ts\providers\provider-jsonrpc.ts:571:45)
    at process.processTicksAndRejections (node:internal/process/task_queues:104:5)
[31m[Nest] 181104  - [39m04/09/2026, 10:21:59 pm [31m  ERROR[39m [38;5;3m[BlockchainService] [39m[31mFailed to scan ETH on BASE blocks 46380848-46385848[39m
Error: could not coalesce error (error={ "code": -32016, "message": "over rate limit" }, payload={ "id": 10446, "jsonrpc": "2.0", "method": "eth_getBlockByNumber", "params": [ "0x2c3b7c1", true ] }, code=UNKNOWN_ERROR, version=6.17.0)
    at makeError (C:\Users\perum\OneDrive\Desktop\sidra\node_modules\ethers\src.ts\utils\errors.ts:698:21)
    at JsonRpcProvider.getRpcError (C:\Users\perum\OneDrive\Desktop\sidra\node_modules\ethers\src.ts\providers\provider-jsonrpc.ts:1086:25)
    at <anonymous> (C:\Users\perum\OneDrive\Desktop\sidra\node_modules\ethers\src.ts\providers\provider-jsonrpc.ts:571:45)
    at process.processTicksAndRejections (node:internal/process/task_queues:104:5)
[31m[Nest] 181104  - [39m04/09/2026, 10:22:14 pm [31m  ERROR[39m [38;5;3m[BlockchainService] [39m[31mFailed to scan ETH on BASE blocks 46381214-46386214[39m
Error: could not coalesce error (error={ "code": -32016, "message": "over rate limit" }, payload={ "id": 10607, "jsonrpc": "2.0", "method": "eth_getBlockByNumber", "params": [ "0x2c3b89e", true ] }, code=UNKNOWN_ERROR, version=6.17.0)
    at makeError (C:\Users\perum\OneDrive\Desktop\sidra\node_modules\ethers\src.ts\utils\errors.ts:698:21)
    at JsonRpcProvider.getRpcError (C:\Users\perum\OneDrive\Desktop\sidra\node_modules\ethers\src.ts\providers\provider-jsonrpc.ts:1086:25)
    at <anonymous> (C:\Users\perum\OneDrive\Desktop\sidra\node_modules\ethers\src.ts\providers\provider-jsonrpc.ts:571:45)
    at process.processTicksAndRejections (node:internal/process/task_queues:104:5)
[31m[Nest] 181104  - [39m04/09/2026, 10:22:14 pm [31m  ERROR[39m [38;5;3m[BlockchainService] [39m[31mFailed to scan ETH on BASE blocks 46381214-46386214[39m
Error: could not coalesce error (error={ "code": -32016, "message": "over rate limit" }, payload={ "id": 10607, "jsonrpc": "2.0", "method": "eth_getBlockByNumber", "params": [ "0x2c3b89e", true ] }, code=UNKNOWN_ERROR, version=6.17.0)
    at makeError (C:\Users\perum\OneDrive\Desktop\sidra\node_modules\ethers\src.ts\utils\errors.ts:698:21)
    at JsonRpcProvider.getRpcError (C:\Users\perum\OneDrive\Desktop\sidra\node_modules\ethers\src.ts\providers\provider-jsonrpc.ts:1086:25)
    at <anonymous> (C:\Users\perum\OneDrive\Desktop\sidra\node_modules\ethers\src.ts\providers\provider-jsonrpc.ts:571:45)
    at process.processTicksAndRejections (node:internal/process/task_queues:104:5)
[31m[Nest] 181104  - [39m04/09/2026, 10:22:14 pm [31m  ERROR[39m [38;5;3m[BlockchainService] [39m[31mFailed to scan ETH on BASE blocks 46381214-46386214[39m
Error: could not coalesce error (error={ "code": -32016, "message": "over rate limit" }, payload={ "id": 10607, "jsonrpc": "2.0", "method": "eth_getBlockByNumber", "params": [ "0x2c3b89e", true ] }, code=UNKNOWN_ERROR, version=6.17.0)
    at makeError (C:\Users\perum\OneDrive\Desktop\sidra\node_modules\ethers\src.ts\utils\errors.ts:698:21)
    at JsonRpcProvider.getRpcError (C:\Users\perum\OneDrive\Desktop\sidra\node_modules\ethers\src.ts\providers\provider-jsonrpc.ts:1086:25)
    at <anonymous> (C:\Users\perum\OneDrive\Desktop\sidra\node_modules\ethers\src.ts\providers\provider-jsonrpc.ts:571:45)
    at process.processTicksAndRejections (node:internal/process/task_queues:104:5)
[31m[Nest] 181104  - [39m04/09/2026, 10:22:14 pm [31m  ERROR[39m [38;5;3m[BlockchainService] [39m[31mFailed to scan ETH on BASE blocks 46381214-46386214[39m
Error: could not coalesce error (error={ "code": -32016, "message": "over rate limit" }, payload={ "id": 10607, "jsonrpc": "2.0", "method": "eth_getBlockByNumber", "params": [ "0x2c3b89e", true ] }, code=UNKNOWN_ERROR, version=6.17.0)
    at makeError (C:\Users\perum\OneDrive\Desktop\sidra\node_modules\ethers\src.ts\utils\errors.ts:698:21)
    at JsonRpcProvider.getRpcError (C:\Users\perum\OneDrive\Desktop\sidra\node_modules\ethers\src.ts\providers\provider-jsonrpc.ts:1086:25)
    at <anonymous> (C:\Users\perum\OneDrive\Desktop\sidra\node_modules\ethers\src.ts\providers\provider-jsonrpc.ts:571:45)
    at process.processTicksAndRejections (node:internal/process/task_queues:104:5)
[31m[Nest] 181104  - [39m04/09/2026, 10:22:14 pm [31m  ERROR[39m [38;5;3m[BlockchainService] [39m[31mFailed to scan ETH on BASE blocks 46381214-46386214[39m
Error: could not coalesce error (error={ "code": -32016, "message": "over rate limit" }, payload={ "id": 10607, "jsonrpc": "2.0", "method": "eth_getBlockByNumber", "params": [ "0x2c3b89e", true ] }, code=UNKNOWN_ERROR, version=6.17.0)
    at makeError (C:\Users\perum\OneDrive\Desktop\sidra\node_modules\ethers\src.ts\utils\errors.ts:698:21)
    at JsonRpcProvider.getRpcError (C:\Users\perum\OneDrive\Desktop\sidra\node_modules\ethers\src.ts\providers\provider-jsonrpc.ts:1086:25)
    at <anonymous> (C:\Users\perum\OneDrive\Desktop\sidra\node_modules\ethers\src.ts\providers\provider-jsonrpc.ts:571:45)
    at process.processTicksAndRejections (node:internal/process/task_queues:104:5)
[31m[Nest] 181104  - [39m04/09/2026, 10:22:14 pm [31m  ERROR[39m [38;5;3m[BlockchainService] [39m[31mFailed to scan ETH on BASE blocks 46381214-46386214[39m
Error: could not coalesce error (error={ "code": -32016, "message": "over rate limit" }, payload={ "id": 10607, "jsonrpc": "2.0", "method": "eth_getBlockByNumber", "params": [ "0x2c3b89e", true ] }, code=UNKNOWN_ERROR, version=6.17.0)
    at makeError (C:\Users\perum\OneDrive\Desktop\sidra\node_modules\ethers\src.ts\utils\errors.ts:698:21)
    at JsonRpcProvider.getRpcError (C:\Users\perum\OneDrive\Desktop\sidra\node_modules\ethers\src.ts\providers\provider-jsonrpc.ts:1086:25)
    at <anonymous> (C:\Users\perum\OneDrive\Desktop\sidra\node_modules\ethers\src.ts\providers\provider-jsonrpc.ts:571:45)
    at process.processTicksAndRejections (node:internal/process/task_queues:104:5)
[31m[Nest] 181104  - [39m04/09/2026, 10:22:14 pm [31m  ERROR[39m [38;5;3m[BlockchainService] [39m[31mFailed to scan ETH on BASE blocks 46381214-46386214[39m
Error: could not coalesce error (error={ "code": -32016, "message": "over rate limit" }, payload={ "id": 10607, "jsonrpc": "2.0", "method": "eth_getBlockByNumber", "params": [ "0x2c3b89e", true ] }, code=UNKNOWN_ERROR, version=6.17.0)
    at makeError (C:\Users\perum\OneDrive\Desktop\sidra\node_modules\ethers\src.ts\utils\errors.ts:698:21)
    at JsonRpcProvider.getRpcError (C:\Users\perum\OneDrive\Desktop\sidra\node_modules\ethers\src.ts\providers\provider-jsonrpc.ts:1086:25)
    at <anonymous> (C:\Users\perum\OneDrive\Desktop\sidra\node_modules\ethers\src.ts\providers\provider-jsonrpc.ts:571:45)
    at process.processTicksAndRejections (node:internal/process/task_queues:104:5)
[31m[Nest] 181104  - [39m04/09/2026, 10:22:17 pm [31m  ERROR[39m [38;5;3m[BlockchainService] [39m[31mFailed to scan ETH on BASE blocks 46380819-46385819[39m
Error: could not coalesce error (error={ "code": -32016, "message": "over rate limit" }, payload={ "id": 10648, "jsonrpc": "2.0", "method": "eth_getBlockByNumber", "params": [ "0x2c3b7b6", true ] }, code=UNKNOWN_ERROR, version=6.17.0)
    at makeError (C:\Users\perum\OneDrive\Desktop\sidra\node_modules\ethers\src.ts\utils\errors.ts:698:21)
    at JsonRpcProvider.getRpcError (C:\Users\perum\OneDrive\Desktop\sidra\node_modules\ethers\src.ts\providers\provider-jsonrpc.ts:1086:25)
    at <anonymous> (C:\Users\perum\OneDrive\Desktop\sidra\node_modules\ethers\src.ts\providers\provider-jsonrpc.ts:571:45)
    at process.processTicksAndRejections (node:internal/process/task_queues:104:5)
[31m[Nest] 181104  - [39m04/09/2026, 10:22:17 pm [31m  ERROR[39m [38;5;3m[BlockchainService] [39m[31mFailed to scan ETH on BASE blocks 46380819-46385819[39m
Error: could not coalesce error (error={ "code": -32016, "message": "over rate limit" }, payload={ "id": 10648, "jsonrpc": "2.0", "method": "eth_getBlockByNumber", "params": [ "0x2c3b7b6", true ] }, code=UNKNOWN_ERROR, version=6.17.0)
    at makeError (C:\Users\perum\OneDrive\Desktop\sidra\node_modules\ethers\src.ts\utils\errors.ts:698:21)
    at JsonRpcProvider.getRpcError (C:\Users\perum\OneDrive\Desktop\sidra\node_modules\ethers\src.ts\providers\provider-jsonrpc.ts:1086:25)
    at <anonymous> (C:\Users\perum\OneDrive\Desktop\sidra\node_modules\ethers\src.ts\providers\provider-jsonrpc.ts:571:45)
    at process.processTicksAndRejections (node:internal/process/task_queues:104:5)
[31m[Nest] 181104  - [39m04/09/2026, 10:22:17 pm [31m  ERROR[39m [38;5;3m[BlockchainService] [39m[31mFailed to scan ETH on BASE blocks 46380819-46385819[39m
Error: could not coalesce error (error={ "code": -32016, "message": "over rate limit" }, payload={ "id": 10648, "jsonrpc": "2.0", "method": "eth_getBlockByNumber", "params": [ "0x2c3b7b6", true ] }, code=UNKNOWN_ERROR, version=6.17.0)
    at makeError (C:\Users\perum\OneDrive\Desktop\sidra\node_modules\ethers\src.ts\utils\errors.ts:698:21)
    at JsonRpcProvider.getRpcError (C:\Users\perum\OneDrive\Desktop\sidra\node_modules\ethers\src.ts\providers\provider-jsonrpc.ts:1086:25)
    at <anonymous> (C:\Users\perum\OneDrive\Desktop\sidra\node_modules\ethers\src.ts\providers\provider-jsonrpc.ts:571:45)
    at process.processTicksAndRejections (node:internal/process/task_queues:104:5)
[31m[Nest] 181104  - [39m04/09/2026, 10:22:17 pm [31m  ERROR[39m [38;5;3m[BlockchainService] [39m[31mFailed to scan ETH on BASE blocks 46380819-46385819[39m
Error: could not coalesce error (error={ "code": -32016, "message": "over rate limit" }, payload={ "id": 10648, "jsonrpc": "2.0", "method": "eth_getBlockByNumber", "params": [ "0x2c3b7b6", true ] }, code=UNKNOWN_ERROR, version=6.17.0)
    at makeError (C:\Users\perum\OneDrive\Desktop\sidra\node_modules\ethers\src.ts\utils\errors.ts:698:21)
    at JsonRpcProvider.getRpcError (C:\Users\perum\OneDrive\Desktop\sidra\node_modules\ethers\src.ts\providers\provider-jsonrpc.ts:1086:25)
    at <anonymous> (C:\Users\perum\OneDrive\Desktop\sidra\node_modules\ethers\src.ts\providers\provider-jsonrpc.ts:571:45)
    at process.processTicksAndRejections (node:internal/process/task_queues:104:5)
[31m[Nest] 181104  - [39m04/09/2026, 10:22:17 pm [31m  ERROR[39m [38;5;3m[BlockchainService] [39m[31mFailed to scan ETH on BASE blocks 46380819-46385819[39m
Error: could not coalesce error (error={ "code": -32016, "message": "over rate limit" }, payload={ "id": 10648, "jsonrpc": "2.0", "method": "eth_getBlockByNumber", "params": [ "0x2c3b7b6", true ] }, code=UNKNOWN_ERROR, version=6.17.0)
    at makeError (C:\Users\perum\OneDrive\Desktop\sidra\node_modules\ethers\src.ts\utils\errors.ts:698:21)
    at JsonRpcProvider.getRpcError (C:\Users\perum\OneDrive\Desktop\sidra\node_modules\ethers\src.ts\providers\provider-jsonrpc.ts:1086:25)
    at <anonymous> (C:\Users\perum\OneDrive\Desktop\sidra\node_modules\ethers\src.ts\providers\provider-jsonrpc.ts:571:45)
    at process.processTicksAndRejections (node:internal/process/task_queues:104:5)
[31m[Nest] 181104  - [39m04/09/2026, 10:22:17 pm [31m  ERROR[39m [38;5;3m[BlockchainService] [39m[31mFailed to scan ETH on BASE blocks 46380819-46385819[39m
Error: could not coalesce error (error={ "code": -32016, "message": "over rate limit" }, payload={ "id": 10648, "jsonrpc": "2.0", "method": "eth_getBlockByNumber", "params": [ "0x2c3b7b6", true ] }, code=UNKNOWN_ERROR, version=6.17.0)
    at makeError (C:\Users\perum\OneDrive\Desktop\sidra\node_modules\ethers\src.ts\utils\errors.ts:698:21)
    at JsonRpcProvider.getRpcError (C:\Users\perum\OneDrive\Desktop\sidra\node_modules\ethers\src.ts\providers\provider-jsonrpc.ts:1086:25)
    at <anonymous> (C:\Users\perum\OneDrive\Desktop\sidra\node_modules\ethers\src.ts\providers\provider-jsonrpc.ts:571:45)
    at process.processTicksAndRejections (node:internal/process/task_queues:104:5)
[31m[Nest] 181104  - [39m04/09/2026, 10:22:17 pm [31m  ERROR[39m [38;5;3m[BlockchainService] [39m[31mFailed to scan ETH on BASE blocks 46380819-46385819[39m
Error: could not coalesce error (error={ "code": -32016, "message": "over rate limit" }, payload={ "id": 10648, "jsonrpc": "2.0", "method": "eth_getBlockByNumber", "params": [ "0x2c3b7b6", true ] }, code=UNKNOWN_ERROR, version=6.17.0)
    at makeError (C:\Users\perum\OneDrive\Desktop\sidra\node_modules\ethers\src.ts\utils\errors.ts:698:21)
    at JsonRpcProvider.getRpcError (C:\Users\perum\OneDrive\Desktop\sidra\node_modules\ethers\src.ts\providers\provider-jsonrpc.ts:1086:25)
    at <anonymous> (C:\Users\perum\OneDrive\Desktop\sidra\node_modules\ethers\src.ts\providers\provider-jsonrpc.ts:571:45)
    at process.processTicksAndRejections (node:internal/process/task_queues:104:5)
[31m[Nest] 181104  - [39m04/09/2026, 10:22:21 pm [31m  ERROR[39m [38;5;3m[BlockchainService] [39m[31mFailed to scan ETH on BASE blocks 46380786-46385786[39m
Error: could not coalesce error (error={ "code": -32016, "message": "over rate limit" }, payload={ "id": 10689, "jsonrpc": "2.0", "method": "eth_getBlockByNumber", "params": [ "0x2c3b7a0", true ] }, code=UNKNOWN_ERROR, version=6.17.0)
    at makeError (C:\Users\perum\OneDrive\Desktop\sidra\node_modules\ethers\src.ts\utils\errors.ts:698:21)
    at JsonRpcProvider.getRpcError (C:\Users\perum\OneDrive\Desktop\sidra\node_modules\ethers\src.ts\providers\provider-jsonrpc.ts:1086:25)
    at <anonymous> (C:\Users\perum\OneDrive\Desktop\sidra\node_modules\ethers\src.ts\providers\provider-jsonrpc.ts:571:45)
    at process.processTicksAndRejections (node:internal/process/task_queues:104:5)
[31m[Nest] 181104  - [39m04/09/2026, 10:22:21 pm [31m  ERROR[39m [38;5;3m[BlockchainService] [39m[31mFailed to scan ETH on BASE blocks 46380786-46385786[39m
Error: could not coalesce error (error={ "code": -32016, "message": "over rate limit" }, payload={ "id": 10689, "jsonrpc": "2.0", "method": "eth_getBlockByNumber", "params": [ "0x2c3b7a0", true ] }, code=UNKNOWN_ERROR, version=6.17.0)
    at makeError (C:\Users\perum\OneDrive\Desktop\sidra\node_modules\ethers\src.ts\utils\errors.ts:698:21)
    at JsonRpcProvider.getRpcError (C:\Users\perum\OneDrive\Desktop\sidra\node_modules\ethers\src.ts\providers\provider-jsonrpc.ts:1086:25)
    at <anonymous> (C:\Users\perum\OneDrive\Desktop\sidra\node_modules\ethers\src.ts\providers\provider-jsonrpc.ts:571:45)
    at process.processTicksAndRejections (node:internal/process/task_queues:104:5)
[31m[Nest] 181104  - [39m04/09/2026, 10:22:21 pm [31m  ERROR[39m [38;5;3m[BlockchainService] [39m[31mFailed to scan ETH on BASE blocks 46380786-46385786[39m
Error: could not coalesce error (error={ "code": -32016, "message": "over rate limit" }, payload={ "id": 10689, "jsonrpc": "2.0", "method": "eth_getBlockByNumber", "params": [ "0x2c3b7a0", true ] }, code=UNKNOWN_ERROR, version=6.17.0)
    at makeError (C:\Users\perum\OneDrive\Desktop\sidra\node_modules\ethers\src.ts\utils\errors.ts:698:21)
    at JsonRpcProvider.getRpcError (C:\Users\perum\OneDrive\Desktop\sidra\node_modules\ethers\src.ts\providers\provider-jsonrpc.ts:1086:25)
    at <anonymous> (C:\Users\perum\OneDrive\Desktop\sidra\node_modules\ethers\src.ts\providers\provider-jsonrpc.ts:571:45)
    at process.processTicksAndRejections (node:internal/process/task_queues:104:5)
[31m[Nest] 181104  - [39m04/09/2026, 10:22:21 pm [31m  ERROR[39m [38;5;3m[BlockchainService] [39m[31mFailed to scan ETH on BASE blocks 46380786-46385786[39m
Error: could not coalesce error (error={ "code": -32016, "message": "over rate limit" }, payload={ "id": 10689, "jsonrpc": "2.0", "method": "eth_getBlockByNumber", "params": [ "0x2c3b7a0", true ] }, code=UNKNOWN_ERROR, version=6.17.0)
    at makeError (C:\Users\perum\OneDrive\Desktop\sidra\node_modules\ethers\src.ts\utils\errors.ts:698:21)
    at JsonRpcProvider.getRpcError (C:\Users\perum\OneDrive\Desktop\sidra\node_modules\ethers\src.ts\providers\provider-jsonrpc.ts:1086:25)
    at <anonymous> (C:\Users\perum\OneDrive\Desktop\sidra\node_modules\ethers\src.ts\providers\provider-jsonrpc.ts:571:45)
    at process.processTicksAndRejections (node:internal/process/task_queues:104:5)
[31m[Nest] 181104  - [39m04/09/2026, 10:22:21 pm [31m  ERROR[39m [38;5;3m[BlockchainService] [39m[31mFailed to scan ETH on BASE blocks 46380786-46385786[39m
Error: could not coalesce error (error={ "code": -32016, "message": "over rate limit" }, payload={ "id": 10689, "jsonrpc": "2.0", "method": "eth_getBlockByNumber", "params": [ "0x2c3b7a0", true ] }, code=UNKNOWN_ERROR, version=6.17.0)
    at makeError (C:\Users\perum\OneDrive\Desktop\sidra\node_modules\ethers\src.ts\utils\errors.ts:698:21)
    at JsonRpcProvider.getRpcError (C:\Users\perum\OneDrive\Desktop\sidra\node_modules\ethers\src.ts\providers\provider-jsonrpc.ts:1086:25)
    at <anonymous> (C:\Users\perum\OneDrive\Desktop\sidra\node_modules\ethers\src.ts\providers\provider-jsonrpc.ts:571:45)
    at process.processTicksAndRejections (node:internal/process/task_queues:104:5)
[31m[Nest] 181104  - [39m04/09/2026, 10:22:21 pm [31m  ERROR[39m [38;5;3m[BlockchainService] [39m[31mFailed to scan ETH on BASE blocks 46380786-46385786[39m
Error: could not coalesce error (error={ "code": -32016, "message": "over rate limit" }, payload={ "id": 10689, "jsonrpc": "2.0", "method": "eth_getBlockByNumber", "params": [ "0x2c3b7a0", true ] }, code=UNKNOWN_ERROR, version=6.17.0)
    at makeError (C:\Users\perum\OneDrive\Desktop\sidra\node_modules\ethers\src.ts\utils\errors.ts:698:21)
    at JsonRpcProvider.getRpcError (C:\Users\perum\OneDrive\Desktop\sidra\node_modules\ethers\src.ts\providers\provider-jsonrpc.ts:1086:25)
    at <anonymous> (C:\Users\perum\OneDrive\Desktop\sidra\node_modules\ethers\src.ts\providers\provider-jsonrpc.ts:571:45)
    at process.processTicksAndRejections (node:internal/process/task_queues:104:5)
[31m[Nest] 181104  - [39m04/09/2026, 10:22:21 pm [31m  ERROR[39m [38;5;3m[BlockchainService] [39m[31mFailed to scan ETH on BASE blocks 46380786-46385786[39m
Error: could not coalesce error (error={ "code": -32016, "message": "over rate limit" }, payload={ "id": 10689, "jsonrpc": "2.0", "method": "eth_getBlockByNumber", "params": [ "0x2c3b7a0", true ] }, code=UNKNOWN_ERROR, version=6.17.0)
    at makeError (C:\Users\perum\OneDrive\Desktop\sidra\node_modules\ethers\src.ts\utils\errors.ts:698:21)
    at JsonRpcProvider.getRpcError (C:\Users\perum\OneDrive\Desktop\sidra\node_modules\ethers\src.ts\providers\provider-jsonrpc.ts:1086:25)
    at <anonymous> (C:\Users\perum\OneDrive\Desktop\sidra\node_modules\ethers\src.ts\providers\provider-jsonrpc.ts:571:45)
    at process.processTicksAndRejections (node:internal/process/task_queues:104:5)
[31m[Nest] 181104  - [39m04/09/2026, 10:22:30 pm [31m  ERROR[39m [38;5;3m[BlockchainService] [39m[31mFailed to scan ETH on BASE blocks 46380771-46385771[39m
Error: could not coalesce error (error={ "code": -32016, "message": "over rate limit" }, payload={ "id": 10730, "jsonrpc": "2.0", "method": "eth_getBlockByNumber", "params": [ "0x2c3b797", true ] }, code=UNKNOWN_ERROR, version=6.17.0)
    at makeError (C:\Users\perum\OneDrive\Desktop\sidra\node_modules\ethers\src.ts\utils\errors.ts:698:21)
    at JsonRpcProvider.getRpcError (C:\Users\perum\OneDrive\Desktop\sidra\node_modules\ethers\src.ts\providers\provider-jsonrpc.ts:1086:25)
    at <anonymous> (C:\Users\perum\OneDrive\Desktop\sidra\node_modules\ethers\src.ts\providers\provider-jsonrpc.ts:571:45)
    at process.processTicksAndRejections (node:internal/process/task_queues:104:5)
[31m[Nest] 181104  - [39m04/09/2026, 10:22:30 pm [31m  ERROR[39m [38;5;3m[BlockchainService] [39m[31mFailed to scan ETH on BASE blocks 46380771-46385771[39m
Error: could not coalesce error (error={ "code": -32016, "message": "over rate limit" }, payload={ "id": 10730, "jsonrpc": "2.0", "method": "eth_getBlockByNumber", "params": [ "0x2c3b797", true ] }, code=UNKNOWN_ERROR, version=6.17.0)
    at makeError (C:\Users\perum\OneDrive\Desktop\sidra\node_modules\ethers\src.ts\utils\errors.ts:698:21)
    at JsonRpcProvider.getRpcError (C:\Users\perum\OneDrive\Desktop\sidra\node_modules\ethers\src.ts\providers\provider-jsonrpc.ts:1086:25)
    at <anonymous> (C:\Users\perum\OneDrive\Desktop\sidra\node_modules\ethers\src.ts\providers\provider-jsonrpc.ts:571:45)
    at process.processTicksAndRejections (node:internal/process/task_queues:104:5)
[31m[Nest] 181104  - [39m04/09/2026, 10:22:30 pm [31m  ERROR[39m [38;5;3m[BlockchainService] [39m[31mFailed to scan ETH on BASE blocks 46380771-46385771[39m
Error: could not coalesce error (error={ "code": -32016, "message": "over rate limit" }, payload={ "id": 10730, "jsonrpc": "2.0", "method": "eth_getBlockByNumber", "params": [ "0x2c3b797", true ] }, code=UNKNOWN_ERROR, version=6.17.0)
    at makeError (C:\Users\perum\OneDrive\Desktop\sidra\node_modules\ethers\src.ts\utils\errors.ts:698:21)
    at JsonRpcProvider.getRpcError (C:\Users\perum\OneDrive\Desktop\sidra\node_modules\ethers\src.ts\providers\provider-jsonrpc.ts:1086:25)
    at <anonymous> (C:\Users\perum\OneDrive\Desktop\sidra\node_modules\ethers\src.ts\providers\provider-jsonrpc.ts:571:45)
    at process.processTicksAndRejections (node:internal/process/task_queues:104:5)
[31m[Nest] 181104  - [39m04/09/2026, 10:22:30 pm [31m  ERROR[39m [38;5;3m[BlockchainService] [39m[31mFailed to scan ETH on BASE blocks 46380771-46385771[39m
Error: could not coalesce error (error={ "code": -32016, "message": "over rate limit" }, payload={ "id": 10730, "jsonrpc": "2.0", "method": "eth_getBlockByNumber", "params": [ "0x2c3b797", true ] }, code=UNKNOWN_ERROR, version=6.17.0)
    at makeError (C:\Users\perum\OneDrive\Desktop\sidra\node_modules\ethers\src.ts\utils\errors.ts:698:21)
    at JsonRpcProvider.getRpcError (C:\Users\perum\OneDrive\Desktop\sidra\node_modules\ethers\src.ts\providers\provider-jsonrpc.ts:1086:25)
    at <anonymous> (C:\Users\perum\OneDrive\Desktop\sidra\node_modules\ethers\src.ts\providers\provider-jsonrpc.ts:571:45)
    at process.processTicksAndRejections (node:internal/process/task_queues:104:5)
[31m[Nest] 181104  - [39m04/09/2026, 10:22:30 pm [31m  ERROR[39m [38;5;3m[BlockchainService] [39m[31mFailed to scan ETH on BASE blocks 46380771-46385771[39m
Error: could not coalesce error (error={ "code": -32016, "message": "over rate limit" }, payload={ "id": 10730, "jsonrpc": "2.0", "method": "eth_getBlockByNumber", "params": [ "0x2c3b797", true ] }, code=UNKNOWN_ERROR, version=6.17.0)
    at makeError (C:\Users\perum\OneDrive\Desktop\sidra\node_modules\ethers\src.ts\utils\errors.ts:698:21)
    at JsonRpcProvider.getRpcError (C:\Users\perum\OneDrive\Desktop\sidra\node_modules\ethers\src.ts\providers\provider-jsonrpc.ts:1086:25)
    at <anonymous> (C:\Users\perum\OneDrive\Desktop\sidra\node_modules\ethers\src.ts\providers\provider-jsonrpc.ts:571:45)
    at process.processTicksAndRejections (node:internal/process/task_queues:104:5)
[31m[Nest] 181104  - [39m04/09/2026, 10:22:30 pm [31m  ERROR[39m [38;5;3m[BlockchainService] [39m[31mFailed to scan ETH on BASE blocks 46380771-46385771[39m
Error: could not coalesce error (error={ "code": -32016, "message": "over rate limit" }, payload={ "id": 10730, "jsonrpc": "2.0", "method": "eth_getBlockByNumber", "params": [ "0x2c3b797", true ] }, code=UNKNOWN_ERROR, version=6.17.0)
    at makeError (C:\Users\perum\OneDrive\Desktop\sidra\node_modules\ethers\src.ts\utils\errors.ts:698:21)
    at JsonRpcProvider.getRpcError (C:\Users\perum\OneDrive\Desktop\sidra\node_modules\ethers\src.ts\providers\provider-jsonrpc.ts:1086:25)
    at <anonymous> (C:\Users\perum\OneDrive\Desktop\sidra\node_modules\ethers\src.ts\providers\provider-jsonrpc.ts:571:45)
    at process.processTicksAndRejections (node:internal/process/task_queues:104:5)
[31m[Nest] 181104  - [39m04/09/2026, 10:22:30 pm [31m  ERROR[39m [38;5;3m[BlockchainService] [39m[31mFailed to scan ETH on BASE blocks 46380771-46385771[39m
Error: could not coalesce error (error={ "code": -32016, "message": "over rate limit" }, payload={ "id": 10730, "jsonrpc": "2.0", "method": "eth_getBlockByNumber", "params": [ "0x2c3b797", true ] }, code=UNKNOWN_ERROR, version=6.17.0)
    at makeError (C:\Users\perum\OneDrive\Desktop\sidra\node_modules\ethers\src.ts\utils\errors.ts:698:21)
    at JsonRpcProvider.getRpcError (C:\Users\perum\OneDrive\Desktop\sidra\node_modules\ethers\src.ts\providers\provider-jsonrpc.ts:1086:25)
    at <anonymous> (C:\Users\perum\OneDrive\Desktop\sidra\node_modules\ethers\src.ts\providers\provider-jsonrpc.ts:571:45)
    at process.processTicksAndRejections (node:internal/process/task_queues:104:5)
[31m[Nest] 181104  - [39m04/09/2026, 10:22:37 pm [31m  ERROR[39m [38;5;3m[BlockchainService] [39m[31mFailed to scan ETH on BASE blocks 46380756-46385756[39m
Error: could not coalesce error (error={ "code": -32016, "message": "over rate limit" }, payload={ "id": 10772, "jsonrpc": "2.0", "method": "eth_getBlockByNumber", "params": [ "0x2c3b78f", true ] }, code=UNKNOWN_ERROR, version=6.17.0)
    at makeError (C:\Users\perum\OneDrive\Desktop\sidra\node_modules\ethers\src.ts\utils\errors.ts:698:21)
    at JsonRpcProvider.getRpcError (C:\Users\perum\OneDrive\Desktop\sidra\node_modules\ethers\src.ts\providers\provider-jsonrpc.ts:1086:25)
    at <anonymous> (C:\Users\perum\OneDrive\Desktop\sidra\node_modules\ethers\src.ts\providers\provider-jsonrpc.ts:571:45)
    at process.processTicksAndRejections (node:internal/process/task_queues:104:5)
[31m[Nest] 181104  - [39m04/09/2026, 10:22:37 pm [31m  ERROR[39m [38;5;3m[BlockchainService] [39m[31mFailed to scan ETH on BASE blocks 46380756-46385756[39m
Error: could not coalesce error (error={ "code": -32016, "message": "over rate limit" }, payload={ "id": 10772, "jsonrpc": "2.0", "method": "eth_getBlockByNumber", "params": [ "0x2c3b78f", true ] }, code=UNKNOWN_ERROR, version=6.17.0)
    at makeError (C:\Users\perum\OneDrive\Desktop\sidra\node_modules\ethers\src.ts\utils\errors.ts:698:21)
    at JsonRpcProvider.getRpcError (C:\Users\perum\OneDrive\Desktop\sidra\node_modules\ethers\src.ts\providers\provider-jsonrpc.ts:1086:25)
    at <anonymous> (C:\Users\perum\OneDrive\Desktop\sidra\node_modules\ethers\src.ts\providers\provider-jsonrpc.ts:571:45)
    at process.processTicksAndRejections (node:internal/process/task_queues:104:5)
[31m[Nest] 181104  - [39m04/09/2026, 10:22:37 pm [31m  ERROR[39m [38;5;3m[BlockchainService] [39m[31mFailed to scan ETH on BASE blocks 46380756-46385756[39m
Error: could not coalesce error (error={ "code": -32016, "message": "over rate limit" }, payload={ "id": 10772, "jsonrpc": "2.0", "method": "eth_getBlockByNumber", "params": [ "0x2c3b78f", true ] }, code=UNKNOWN_ERROR, version=6.17.0)
    at makeError (C:\Users\perum\OneDrive\Desktop\sidra\node_modules\ethers\src.ts\utils\errors.ts:698:21)
    at JsonRpcProvider.getRpcError (C:\Users\perum\OneDrive\Desktop\sidra\node_modules\ethers\src.ts\providers\provider-jsonrpc.ts:1086:25)
    at <anonymous> (C:\Users\perum\OneDrive\Desktop\sidra\node_modules\ethers\src.ts\providers\provider-jsonrpc.ts:571:45)
    at process.processTicksAndRejections (node:internal/process/task_queues:104:5)
[31m[Nest] 181104  - [39m04/09/2026, 10:22:37 pm [31m  ERROR[39m [38;5;3m[BlockchainService] [39m[31mFailed to scan ETH on BASE blocks 46380756-46385756[39m
Error: could not coalesce error (error={ "code": -32016, "message": "over rate limit" }, payload={ "id": 10772, "jsonrpc": "2.0", "method": "eth_getBlockByNumber", "params": [ "0x2c3b78f", true ] }, code=UNKNOWN_ERROR, version=6.17.0)
    at makeError (C:\Users\perum\OneDrive\Desktop\sidra\node_modules\ethers\src.ts\utils\errors.ts:698:21)
    at JsonRpcProvider.getRpcError (C:\Users\perum\OneDrive\Desktop\sidra\node_modules\ethers\src.ts\providers\provider-jsonrpc.ts:1086:25)
    at <anonymous> (C:\Users\perum\OneDrive\Desktop\sidra\node_modules\ethers\src.ts\providers\provider-jsonrpc.ts:571:45)
    at process.processTicksAndRejections (node:internal/process/task_queues:104:5)
[31m[Nest] 181104  - [39m04/09/2026, 10:22:37 pm [31m  ERROR[39m [38;5;3m[BlockchainService] [39m[31mFailed to scan ETH on BASE blocks 46380756-46385756[39m
Error: could not coalesce error (error={ "code": -32016, "message": "over rate limit" }, payload={ "id": 10772, "jsonrpc": "2.0", "method": "eth_getBlockByNumber", "params": [ "0x2c3b78f", true ] }, code=UNKNOWN_ERROR, version=6.17.0)
    at makeError (C:\Users\perum\OneDrive\Desktop\sidra\node_modules\ethers\src.ts\utils\errors.ts:698:21)
    at JsonRpcProvider.getRpcError (C:\Users\perum\OneDrive\Desktop\sidra\node_modules\ethers\src.ts\providers\provider-jsonrpc.ts:1086:25)
    at <anonymous> (C:\Users\perum\OneDrive\Desktop\sidra\node_modules\ethers\src.ts\providers\provider-jsonrpc.ts:571:45)
    at process.processTicksAndRejections (node:internal/process/task_queues:104:5)
[31m[Nest] 181104  - [39m04/09/2026, 10:22:37 pm [31m  ERROR[39m [38;5;3m[BlockchainService] [39m[31mFailed to scan ETH on BASE blocks 46380756-46385756[39m
Error: could not coalesce error (error={ "code": -32016, "message": "over rate limit" }, payload={ "id": 10772, "jsonrpc": "2.0", "method": "eth_getBlockByNumber", "params": [ "0x2c3b78f", true ] }, code=UNKNOWN_ERROR, version=6.17.0)
    at makeError (C:\Users\perum\OneDrive\Desktop\sidra\node_modules\ethers\src.ts\utils\errors.ts:698:21)
    at JsonRpcProvider.getRpcError (C:\Users\perum\OneDrive\Desktop\sidra\node_modules\ethers\src.ts\providers\provider-jsonrpc.ts:1086:25)
    at <anonymous> (C:\Users\perum\OneDrive\Desktop\sidra\node_modules\ethers\src.ts\providers\provider-jsonrpc.ts:571:45)
    at process.processTicksAndRejections (node:internal/process/task_queues:104:5)
[31m[Nest] 181104  - [39m04/09/2026, 10:22:37 pm [31m  ERROR[39m [38;5;3m[BlockchainService] [39m[31mFailed to scan ETH on BASE blocks 46380756-46385756[39m
Error: could not coalesce error (error={ "code": -32016, "message": "over rate limit" }, payload={ "id": 10772, "jsonrpc": "2.0", "method": "eth_getBlockByNumber", "params": [ "0x2c3b78f", true ] }, code=UNKNOWN_ERROR, version=6.17.0)
    at makeError (C:\Users\perum\OneDrive\Desktop\sidra\node_modules\ethers\src.ts\utils\errors.ts:698:21)
    at JsonRpcProvider.getRpcError (C:\Users\perum\OneDrive\Desktop\sidra\node_modules\ethers\src.ts\providers\provider-jsonrpc.ts:1086:25)
    at <anonymous> (C:\Users\perum\OneDrive\Desktop\sidra\node_modules\ethers\src.ts\providers\provider-jsonrpc.ts:571:45)
    at process.processTicksAndRejections (node:internal/process/task_queues:104:5)
[31m[Nest] 181104  - [39m04/09/2026, 10:22:42 pm [31m  ERROR[39m [38;5;3m[BlockchainService] [39m[31mFailed to scan ETH on BASE blocks 46380741-46385741[39m
Error: could not coalesce error (error={ "code": -32016, "message": "over rate limit" }, payload={ "id": 10814, "jsonrpc": "2.0", "method": "eth_getBlockByNumber", "params": [ "0x2c3b789", true ] }, code=UNKNOWN_ERROR, version=6.17.0)
    at makeError (C:\Users\perum\OneDrive\Desktop\sidra\node_modules\ethers\src.ts\utils\errors.ts:698:21)
    at JsonRpcProvider.getRpcError (C:\Users\perum\OneDrive\Desktop\sidra\node_modules\ethers\src.ts\providers\provider-jsonrpc.ts:1086:25)
    at <anonymous> (C:\Users\perum\OneDrive\Desktop\sidra\node_modules\ethers\src.ts\providers\provider-jsonrpc.ts:571:45)
    at process.processTicksAndRejections (node:internal/process/task_queues:104:5)
[31m[Nest] 181104  - [39m04/09/2026, 10:22:42 pm [31m  ERROR[39m [38;5;3m[BlockchainService] [39m[31mFailed to scan ETH on BASE blocks 46380741-46385741[39m
Error: could not coalesce error (error={ "code": -32016, "message": "over rate limit" }, payload={ "id": 10814, "jsonrpc": "2.0", "method": "eth_getBlockByNumber", "params": [ "0x2c3b789", true ] }, code=UNKNOWN_ERROR, version=6.17.0)
    at makeError (C:\Users\perum\OneDrive\Desktop\sidra\node_modules\ethers\src.ts\utils\errors.ts:698:21)
    at JsonRpcProvider.getRpcError (C:\Users\perum\OneDrive\Desktop\sidra\node_modules\ethers\src.ts\providers\provider-jsonrpc.ts:1086:25)
    at <anonymous> (C:\Users\perum\OneDrive\Desktop\sidra\node_modules\ethers\src.ts\providers\provider-jsonrpc.ts:571:45)
    at process.processTicksAndRejections (node:internal/process/task_queues:104:5)
[31m[Nest] 181104  - [39m04/09/2026, 10:22:42 pm [31m  ERROR[39m [38;5;3m[BlockchainService] [39m[31mFailed to scan ETH on BASE blocks 46380741-46385741[39m
Error: could not coalesce error (error={ "code": -32016, "message": "over rate limit" }, payload={ "id": 10814, "jsonrpc": "2.0", "method": "eth_getBlockByNumber", "params": [ "0x2c3b789", true ] }, code=UNKNOWN_ERROR, version=6.17.0)
    at makeError (C:\Users\perum\OneDrive\Desktop\sidra\node_modules\ethers\src.ts\utils\errors.ts:698:21)
    at JsonRpcProvider.getRpcError (C:\Users\perum\OneDrive\Desktop\sidra\node_modules\ethers\src.ts\providers\provider-jsonrpc.ts:1086:25)
    at <anonymous> (C:\Users\perum\OneDrive\Desktop\sidra\node_modules\ethers\src.ts\providers\provider-jsonrpc.ts:571:45)
    at process.processTicksAndRejections (node:internal/process/task_queues:104:5)
[31m[Nest] 181104  - [39m04/09/2026, 10:22:42 pm [31m  ERROR[39m [38;5;3m[BlockchainService] [39m[31mFailed to scan ETH on BASE blocks 46380741-46385741[39m
Error: could not coalesce error (error={ "code": -32016, "message": "over rate limit" }, payload={ "id": 10814, "jsonrpc": "2.0", "method": "eth_getBlockByNumber", "params": [ "0x2c3b789", true ] }, code=UNKNOWN_ERROR, version=6.17.0)
    at makeError (C:\Users\perum\OneDrive\Desktop\sidra\node_modules\ethers\src.ts\utils\errors.ts:698:21)
    at JsonRpcProvider.getRpcError (C:\Users\perum\OneDrive\Desktop\sidra\node_modules\ethers\src.ts\providers\provider-jsonrpc.ts:1086:25)
    at <anonymous> (C:\Users\perum\OneDrive\Desktop\sidra\node_modules\ethers\src.ts\providers\provider-jsonrpc.ts:571:45)
    at process.processTicksAndRejections (node:internal/process/task_queues:104:5)
[31m[Nest] 181104  - [39m04/09/2026, 10:22:42 pm [31m  ERROR[39m [38;5;3m[BlockchainService] [39m[31mFailed to scan ETH on BASE blocks 46380741-46385741[39m
Error: could not coalesce error (error={ "code": -32016, "message": "over rate limit" }, payload={ "id": 10814, "jsonrpc": "2.0", "method": "eth_getBlockByNumber", "params": [ "0x2c3b789", true ] }, code=UNKNOWN_ERROR, version=6.17.0)
    at makeError (C:\Users\perum\OneDrive\Desktop\sidra\node_modules\ethers\src.ts\utils\errors.ts:698:21)
    at JsonRpcProvider.getRpcError (C:\Users\perum\OneDrive\Desktop\sidra\node_modules\ethers\src.ts\providers\provider-jsonrpc.ts:1086:25)
    at <anonymous> (C:\Users\perum\OneDrive\Desktop\sidra\node_modules\ethers\src.ts\providers\provider-jsonrpc.ts:571:45)
    at process.processTicksAndRejections (node:internal/process/task_queues:104:5)
[31m[Nest] 181104  - [39m04/09/2026, 10:22:42 pm [31m  ERROR[39m [38;5;3m[BlockchainService] [39m[31mFailed to scan ETH on BASE blocks 46380741-46385741[39m
Error: could not coalesce error (error={ "code": -32016, "message": "over rate limit" }, payload={ "id": 10814, "jsonrpc": "2.0", "method": "eth_getBlockByNumber", "params": [ "0x2c3b789", true ] }, code=UNKNOWN_ERROR, version=6.17.0)
    at makeError (C:\Users\perum\OneDrive\Desktop\sidra\node_modules\ethers\src.ts\utils\errors.ts:698:21)
    at JsonRpcProvider.getRpcError (C:\Users\perum\OneDrive\Desktop\sidra\node_modules\ethers\src.ts\providers\provider-jsonrpc.ts:1086:25)
    at <anonymous> (C:\Users\perum\OneDrive\Desktop\sidra\node_modules\ethers\src.ts\providers\provider-jsonrpc.ts:571:45)
    at process.processTicksAndRejections (node:internal/process/task_queues:104:5)
[31m[Nest] 181104  - [39m04/09/2026, 10:22:42 pm [31m  ERROR[39m [38;5;3m[BlockchainService] [39m[31mFailed to scan ETH on BASE blocks 46380741-46385741[39m
Error: could not coalesce error (error={ "code": -32016, "message": "over rate limit" }, payload={ "id": 10814, "jsonrpc": "2.0", "method": "eth_getBlockByNumber", "params": [ "0x2c3b789", true ] }, code=UNKNOWN_ERROR, version=6.17.0)
    at makeError (C:\Users\perum\OneDrive\Desktop\sidra\node_modules\ethers\src.ts\utils\errors.ts:698:21)
    at JsonRpcProvider.getRpcError (C:\Users\perum\OneDrive\Desktop\sidra\node_modules\ethers\src.ts\providers\provider-jsonrpc.ts:1086:25)
    at <anonymous> (C:\Users\perum\OneDrive\Desktop\sidra\node_modules\ethers\src.ts\providers\provider-jsonrpc.ts:571:45)
    at process.processTicksAndRejections (node:internal/process/task_queues:104:5)
[31m[Nest] 181104  - [39m04/09/2026, 10:22:42 pm [31m  ERROR[39m [38;5;3m[BlockchainService] [39m[31mFailed to scan ETH on BASE blocks 46381228-46386228[39m
Error: could not coalesce error (error={ "code": -32016, "message": "over rate limit" }, payload={ "id": 10815, "jsonrpc": "2.0", "method": "eth_getBlockByNumber", "params": [ "0x2c3b8ad", true ] }, code=UNKNOWN_ERROR, version=6.17.0)
    at makeError (C:\Users\perum\OneDrive\Desktop\sidra\node_modules\ethers\src.ts\utils\errors.ts:698:21)
    at JsonRpcProvider.getRpcError (C:\Users\perum\OneDrive\Desktop\sidra\node_modules\ethers\src.ts\providers\provider-jsonrpc.ts:1086:25)
    at <anonymous> (C:\Users\perum\OneDrive\Desktop\sidra\node_modules\ethers\src.ts\providers\provider-jsonrpc.ts:571:45)
    at process.processTicksAndRejections (node:internal/process/task_queues:104:5)
[31m[Nest] 181104  - [39m04/09/2026, 10:22:42 pm [31m  ERROR[39m [38;5;3m[BlockchainService] [39m[31mFailed to scan ETH on BASE blocks 46381228-46386228[39m
Error: could not coalesce error (error={ "code": -32016, "message": "over rate limit" }, payload={ "id": 10815, "jsonrpc": "2.0", "method": "eth_getBlockByNumber", "params": [ "0x2c3b8ad", true ] }, code=UNKNOWN_ERROR, version=6.17.0)
    at makeError (C:\Users\perum\OneDrive\Desktop\sidra\node_modules\ethers\src.ts\utils\errors.ts:698:21)
    at JsonRpcProvider.getRpcError (C:\Users\perum\OneDrive\Desktop\sidra\node_modules\ethers\src.ts\providers\provider-jsonrpc.ts:1086:25)
    at <anonymous> (C:\Users\perum\OneDrive\Desktop\sidra\node_modules\ethers\src.ts\providers\provider-jsonrpc.ts:571:45)
    at process.processTicksAndRejections (node:internal/process/task_queues:104:5)
[31m[Nest] 181104  - [39m04/09/2026, 10:22:42 pm [31m  ERROR[39m [38;5;3m[BlockchainService] [39m[31mFailed to scan ETH on BASE blocks 46381228-46386228[39m
Error: could not coalesce error (error={ "code": -32016, "message": "over rate limit" }, payload={ "id": 10815, "jsonrpc": "2.0", "method": "eth_getBlockByNumber", "params": [ "0x2c3b8ad", true ] }, code=UNKNOWN_ERROR, version=6.17.0)
    at makeError (C:\Users\perum\OneDrive\Desktop\sidra\node_modules\ethers\src.ts\utils\errors.ts:698:21)
    at JsonRpcProvider.getRpcError (C:\Users\perum\OneDrive\Desktop\sidra\node_modules\ethers\src.ts\providers\provider-jsonrpc.ts:1086:25)
    at <anonymous> (C:\Users\perum\OneDrive\Desktop\sidra\node_modules\ethers\src.ts\providers\provider-jsonrpc.ts:571:45)
    at process.processTicksAndRejections (node:internal/process/task_queues:104:5)
[31m[Nest] 181104  - [39m04/09/2026, 10:22:42 pm [31m  ERROR[39m [38;5;3m[BlockchainService] [39m[31mFailed to scan ETH on BASE blocks 46381228-46386228[39m
Error: could not coalesce error (error={ "code": -32016, "message": "over rate limit" }, payload={ "id": 10815, "jsonrpc": "2.0", "method": "eth_getBlockByNumber", "params": [ "0x2c3b8ad", true ] }, code=UNKNOWN_ERROR, version=6.17.0)
    at makeError (C:\Users\perum\OneDrive\Desktop\sidra\node_modules\ethers\src.ts\utils\errors.ts:698:21)
    at JsonRpcProvider.getRpcError (C:\Users\perum\OneDrive\Desktop\sidra\node_modules\ethers\src.ts\providers\provider-jsonrpc.ts:1086:25)
    at <anonymous> (C:\Users\perum\OneDrive\Desktop\sidra\node_modules\ethers\src.ts\providers\provider-jsonrpc.ts:571:45)
    at process.processTicksAndRejections (node:internal/process/task_queues:104:5)
[31m[Nest] 181104  - [39m04/09/2026, 10:22:42 pm [31m  ERROR[39m [38;5;3m[BlockchainService] [39m[31mFailed to scan ETH on BASE blocks 46381228-46386228[39m
Error: could not coalesce error (error={ "code": -32016, "message": "over rate limit" }, payload={ "id": 10815, "jsonrpc": "2.0", "method": "eth_getBlockByNumber", "params": [ "0x2c3b8ad", true ] }, code=UNKNOWN_ERROR, version=6.17.0)
    at makeError (C:\Users\perum\OneDrive\Desktop\sidra\node_modules\ethers\src.ts\utils\errors.ts:698:21)
    at JsonRpcProvider.getRpcError (C:\Users\perum\OneDrive\Desktop\sidra\node_modules\ethers\src.ts\providers\provider-jsonrpc.ts:1086:25)
    at <anonymous> (C:\Users\perum\OneDrive\Desktop\sidra\node_modules\ethers\src.ts\providers\provider-jsonrpc.ts:571:45)
    at process.processTicksAndRejections (node:internal/process/task_queues:104:5)
[31m[Nest] 181104  - [39m04/09/2026, 10:22:42 pm [31m  ERROR[39m [38;5;3m[BlockchainService] [39m[31mFailed to scan ETH on BASE blocks 46381228-46386228[39m
Error: could not coalesce error (error={ "code": -32016, "message": "over rate limit" }, payload={ "id": 10815, "jsonrpc": "2.0", "method": "eth_getBlockByNumber", "params": [ "0x2c3b8ad", true ] }, code=UNKNOWN_ERROR, version=6.17.0)
    at makeError (C:\Users\perum\OneDrive\Desktop\sidra\node_modules\ethers\src.ts\utils\errors.ts:698:21)
    at JsonRpcProvider.getRpcError (C:\Users\perum\OneDrive\Desktop\sidra\node_modules\ethers\src.ts\providers\provider-jsonrpc.ts:1086:25)
    at <anonymous> (C:\Users\perum\OneDrive\Desktop\sidra\node_modules\ethers\src.ts\providers\provider-jsonrpc.ts:571:45)
    at process.processTicksAndRejections (node:internal/process/task_queues:104:5)
[31m[Nest] 181104  - [39m04/09/2026, 10:22:42 pm [31m  ERROR[39m [38;5;3m[BlockchainService] [39m[31mFailed to scan ETH on BASE blocks 46381228-46386228[39m
Error: could not coalesce error (error={ "code": -32016, "message": "over rate limit" }, payload={ "id": 10815, "jsonrpc": "2.0", "method": "eth_getBlockByNumber", "params": [ "0x2c3b8ad", true ] }, code=UNKNOWN_ERROR, version=6.17.0)
    at makeError (C:\Users\perum\OneDrive\Desktop\sidra\node_modules\ethers\src.ts\utils\errors.ts:698:21)
    at JsonRpcProvider.getRpcError (C:\Users\perum\OneDrive\Desktop\sidra\node_modules\ethers\src.ts\providers\provider-jsonrpc.ts:1086:25)
    at <anonymous> (C:\Users\perum\OneDrive\Desktop\sidra\node_modules\ethers\src.ts\providers\provider-jsonrpc.ts:571:45)
    at process.processTicksAndRejections (node:internal/process/task_queues:104:5)
[31m[Nest] 181104  - [39m04/09/2026, 10:22:45 pm [31m  ERROR[39m [38;5;3m[BlockchainService] [39m[31mFailed to scan ETH on BASE blocks 46380711-46385711[39m
Error: could not coalesce error (error={ "code": -32016, "message": "over rate limit" }, payload={ "id": 10856, "jsonrpc": "2.0", "method": "eth_getBlockByNumber", "params": [ "0x2c3b77f", true ] }, code=UNKNOWN_ERROR, version=6.17.0)
    at makeError (C:\Users\perum\OneDrive\Desktop\sidra\node_modules\ethers\src.ts\utils\errors.ts:698:21)
    at JsonRpcProvider.getRpcError (C:\Users\perum\OneDrive\Desktop\sidra\node_modules\ethers\src.ts\providers\provider-jsonrpc.ts:1086:25)
    at <anonymous> (C:\Users\perum\OneDrive\Desktop\sidra\node_modules\ethers\src.ts\providers\provider-jsonrpc.ts:571:45)
    at process.processTicksAndRejections (node:internal/process/task_queues:104:5)
[31m[Nest] 181104  - [39m04/09/2026, 10:22:46 pm [31m  ERROR[39m [38;5;3m[BlockchainService] [39m[31mFailed to scan ETH on BASE blocks 46380711-46385711[39m
Error: could not coalesce error (error={ "code": -32016, "message": "over rate limit" }, payload={ "id": 10856, "jsonrpc": "2.0", "method": "eth_getBlockByNumber", "params": [ "0x2c3b77f", true ] }, code=UNKNOWN_ERROR, version=6.17.0)
    at makeError (C:\Users\perum\OneDrive\Desktop\sidra\node_modules\ethers\src.ts\utils\errors.ts:698:21)
    at JsonRpcProvider.getRpcError (C:\Users\perum\OneDrive\Desktop\sidra\node_modules\ethers\src.ts\providers\provider-jsonrpc.ts:1086:25)
    at <anonymous> (C:\Users\perum\OneDrive\Desktop\sidra\node_modules\ethers\src.ts\providers\provider-jsonrpc.ts:571:45)
    at process.processTicksAndRejections (node:internal/process/task_queues:104:5)
[31m[Nest] 181104  - [39m04/09/2026, 10:22:46 pm [31m  ERROR[39m [38;5;3m[BlockchainService] [39m[31mFailed to scan ETH on BASE blocks 46380711-46385711[39m
Error: could not coalesce error (error={ "code": -32016, "message": "over rate limit" }, payload={ "id": 10856, "jsonrpc": "2.0", "method": "eth_getBlockByNumber", "params": [ "0x2c3b77f", true ] }, code=UNKNOWN_ERROR, version=6.17.0)
    at makeError (C:\Users\perum\OneDrive\Desktop\sidra\node_modules\ethers\src.ts\utils\errors.ts:698:21)
    at JsonRpcProvider.getRpcError (C:\Users\perum\OneDrive\Desktop\sidra\node_modules\ethers\src.ts\providers\provider-jsonrpc.ts:1086:25)
    at <anonymous> (C:\Users\perum\OneDrive\Desktop\sidra\node_modules\ethers\src.ts\providers\provider-jsonrpc.ts:571:45)
    at process.processTicksAndRejections (node:internal/process/task_queues:104:5)
[31m[Nest] 181104  - [39m04/09/2026, 10:22:46 pm [31m  ERROR[39m [38;5;3m[BlockchainService] [39m[31mFailed to scan ETH on BASE blocks 46380711-46385711[39m
Error: could not coalesce error (error={ "code": -32016, "message": "over rate limit" }, payload={ "id": 10856, "jsonrpc": "2.0", "method": "eth_getBlockByNumber", "params": [ "0x2c3b77f", true ] }, code=UNKNOWN_ERROR, version=6.17.0)
    at makeError (C:\Users\perum\OneDrive\Desktop\sidra\node_modules\ethers\src.ts\utils\errors.ts:698:21)
    at JsonRpcProvider.getRpcError (C:\Users\perum\OneDrive\Desktop\sidra\node_modules\ethers\src.ts\providers\provider-jsonrpc.ts:1086:25)
    at <anonymous> (C:\Users\perum\OneDrive\Desktop\sidra\node_modules\ethers\src.ts\providers\provider-jsonrpc.ts:571:45)
    at process.processTicksAndRejections (node:internal/process/task_queues:104:5)
[31m[Nest] 181104  - [39m04/09/2026, 10:22:46 pm [31m  ERROR[39m [38;5;3m[BlockchainService] [39m[31mFailed to scan ETH on BASE blocks 46380711-46385711[39m
Error: could not coalesce error (error={ "code": -32016, "message": "over rate limit" }, payload={ "id": 10856, "jsonrpc": "2.0", "method": "eth_getBlockByNumber", "params": [ "0x2c3b77f", true ] }, code=UNKNOWN_ERROR, version=6.17.0)
    at makeError (C:\Users\perum\OneDrive\Desktop\sidra\node_modules\ethers\src.ts\utils\errors.ts:698:21)
    at JsonRpcProvider.getRpcError (C:\Users\perum\OneDrive\Desktop\sidra\node_modules\ethers\src.ts\providers\provider-jsonrpc.ts:1086:25)
    at <anonymous> (C:\Users\perum\OneDrive\Desktop\sidra\node_modules\ethers\src.ts\providers\provider-jsonrpc.ts:571:45)
    at process.processTicksAndRejections (node:internal/process/task_queues:104:5)
[31m[Nest] 181104  - [39m04/09/2026, 10:22:46 pm [31m  ERROR[39m [38;5;3m[BlockchainService] [39m[31mFailed to scan ETH on BASE blocks 46380711-46385711[39m
Error: could not coalesce error (error={ "code": -32016, "message": "over rate limit" }, payload={ "id": 10856, "jsonrpc": "2.0", "method": "eth_getBlockByNumber", "params": [ "0x2c3b77f", true ] }, code=UNKNOWN_ERROR, version=6.17.0)
    at makeError (C:\Users\perum\OneDrive\Desktop\sidra\node_modules\ethers\src.ts\utils\errors.ts:698:21)
    at JsonRpcProvider.getRpcError (C:\Users\perum\OneDrive\Desktop\sidra\node_modules\ethers\src.ts\providers\provider-jsonrpc.ts:1086:25)
    at <anonymous> (C:\Users\perum\OneDrive\Desktop\sidra\node_modules\ethers\src.ts\providers\provider-jsonrpc.ts:571:45)
    at process.processTicksAndRejections (node:internal/process/task_queues:104:5)
[31m[Nest] 181104  - [39m04/09/2026, 10:22:46 pm [31m  ERROR[39m [38;5;3m[BlockchainService] [39m[31mFailed to scan ETH on BASE blocks 46380711-46385711[39m
Error: could not coalesce error (error={ "code": -32016, "message": "over rate limit" }, payload={ "id": 10856, "jsonrpc": "2.0", "method": "eth_getBlockByNumber", "params": [ "0x2c3b77f", true ] }, code=UNKNOWN_ERROR, version=6.17.0)
    at makeError (C:\Users\perum\OneDrive\Desktop\sidra\node_modules\ethers\src.ts\utils\errors.ts:698:21)
    at JsonRpcProvider.getRpcError (C:\Users\perum\OneDrive\Desktop\sidra\node_modules\ethers\src.ts\providers\provider-jsonrpc.ts:1086:25)
    at <anonymous> (C:\Users\perum\OneDrive\Desktop\sidra\node_modules\ethers\src.ts\providers\provider-jsonrpc.ts:571:45)
    at process.processTicksAndRejections (node:internal/process/task_queues:104:5)
[31m[Nest] 181104  - [39m04/09/2026, 10:22:46 pm [31m  ERROR[39m [38;5;3m[BlockchainService] [39m[31mFailed to scan ETH on BASE blocks 46380696-46385696[39m
Error: could not coalesce error (error={ "code": -32016, "message": "over rate limit" }, payload={ "id": 10856, "jsonrpc": "2.0", "method": "eth_getBlockByNumber", "params": [ "0x2c3b77f", true ] }, code=UNKNOWN_ERROR, version=6.17.0)
    at makeError (C:\Users\perum\OneDrive\Desktop\sidra\node_modules\ethers\src.ts\utils\errors.ts:698:21)
    at JsonRpcProvider.getRpcError (C:\Users\perum\OneDrive\Desktop\sidra\node_modules\ethers\src.ts\providers\provider-jsonrpc.ts:1086:25)
    at <anonymous> (C:\Users\perum\OneDrive\Desktop\sidra\node_modules\ethers\src.ts\providers\provider-jsonrpc.ts:571:45)
    at process.processTicksAndRejections (node:internal/process/task_queues:104:5)
[31m[Nest] 181104  - [39m04/09/2026, 10:22:46 pm [31m  ERROR[39m [38;5;3m[BlockchainService] [39m[31mFailed to scan ETH on BASE blocks 46380696-46385696[39m
Error: could not coalesce error (error={ "code": -32016, "message": "over rate limit" }, payload={ "id": 10856, "jsonrpc": "2.0", "method": "eth_getBlockByNumber", "params": [ "0x2c3b77f", true ] }, code=UNKNOWN_ERROR, version=6.17.0)
    at makeError (C:\Users\perum\OneDrive\Desktop\sidra\node_modules\ethers\src.ts\utils\errors.ts:698:21)
    at JsonRpcProvider.getRpcError (C:\Users\perum\OneDrive\Desktop\sidra\node_modules\ethers\src.ts\providers\provider-jsonrpc.ts:1086:25)
    at <anonymous> (C:\Users\perum\OneDrive\Desktop\sidra\node_modules\ethers\src.ts\providers\provider-jsonrpc.ts:571:45)
    at process.processTicksAndRejections (node:internal/process/task_queues:104:5)
[31m[Nest] 181104  - [39m04/09/2026, 10:22:46 pm [31m  ERROR[39m [38;5;3m[BlockchainService] [39m[31mFailed to scan ETH on BASE blocks 46380696-46385696[39m
Error: could not coalesce error (error={ "code": -32016, "message": "over rate limit" }, payload={ "id": 10856, "jsonrpc": "2.0", "method": "eth_getBlockByNumber", "params": [ "0x2c3b77f", true ] }, code=UNKNOWN_ERROR, version=6.17.0)
    at makeError (C:\Users\perum\OneDrive\Desktop\sidra\node_modules\ethers\src.ts\utils\errors.ts:698:21)
    at JsonRpcProvider.getRpcError (C:\Users\perum\OneDrive\Desktop\sidra\node_modules\ethers\src.ts\providers\provider-jsonrpc.ts:1086:25)
    at <anonymous> (C:\Users\perum\OneDrive\Desktop\sidra\node_modules\ethers\src.ts\providers\provider-jsonrpc.ts:571:45)
    at process.processTicksAndRejections (node:internal/process/task_queues:104:5)
[31m[Nest] 181104  - [39m04/09/2026, 10:22:46 pm [31m  ERROR[39m [38;5;3m[BlockchainService] [39m[31mFailed to scan ETH on BASE blocks 46380696-46385696[39m
Error: could not coalesce error (error={ "code": -32016, "message": "over rate limit" }, payload={ "id": 10856, "jsonrpc": "2.0", "method": "eth_getBlockByNumber", "params": [ "0x2c3b77f", true ] }, code=UNKNOWN_ERROR, version=6.17.0)
    at makeError (C:\Users\perum\OneDrive\Desktop\sidra\node_modules\ethers\src.ts\utils\errors.ts:698:21)
    at JsonRpcProvider.getRpcError (C:\Users\perum\OneDrive\Desktop\sidra\node_modules\ethers\src.ts\providers\provider-jsonrpc.ts:1086:25)
    at <anonymous> (C:\Users\perum\OneDrive\Desktop\sidra\node_modules\ethers\src.ts\providers\provider-jsonrpc.ts:571:45)
    at process.processTicksAndRejections (node:internal/process/task_queues:104:5)
[31m[Nest] 181104  - [39m04/09/2026, 10:22:46 pm [31m  ERROR[39m [38;5;3m[BlockchainService] [39m[31mFailed to scan ETH on BASE blocks 46380696-46385696[39m
Error: could not coalesce error (error={ "code": -32016, "message": "over rate limit" }, payload={ "id": 10856, "jsonrpc": "2.0", "method": "eth_getBlockByNumber", "params": [ "0x2c3b77f", true ] }, code=UNKNOWN_ERROR, version=6.17.0)
    at makeError (C:\Users\perum\OneDrive\Desktop\sidra\node_modules\ethers\src.ts\utils\errors.ts:698:21)
    at JsonRpcProvider.getRpcError (C:\Users\perum\OneDrive\Desktop\sidra\node_modules\ethers\src.ts\providers\provider-jsonrpc.ts:1086:25)
    at <anonymous> (C:\Users\perum\OneDrive\Desktop\sidra\node_modules\ethers\src.ts\providers\provider-jsonrpc.ts:571:45)
    at process.processTicksAndRejections (node:internal/process/task_queues:104:5)
[31m[Nest] 181104  - [39m04/09/2026, 10:22:46 pm [31m  ERROR[39m [38;5;3m[BlockchainService] [39m[31mFailed to scan ETH on BASE blocks 46380696-46385696[39m
Error: could not coalesce error (error={ "code": -32016, "message": "over rate limit" }, payload={ "id": 10856, "jsonrpc": "2.0", "method": "eth_getBlockByNumber", "params": [ "0x2c3b77f", true ] }, code=UNKNOWN_ERROR, version=6.17.0)
    at makeError (C:\Users\perum\OneDrive\Desktop\sidra\node_modules\ethers\src.ts\utils\errors.ts:698:21)
    at JsonRpcProvider.getRpcError (C:\Users\perum\OneDrive\Desktop\sidra\node_modules\ethers\src.ts\providers\provider-jsonrpc.ts:1086:25)
    at <anonymous> (C:\Users\perum\OneDrive\Desktop\sidra\node_modules\ethers\src.ts\providers\provider-jsonrpc.ts:571:45)
    at process.processTicksAndRejections (node:internal/process/task_queues:104:5)
[31m[Nest] 181104  - [39m04/09/2026, 10:22:46 pm [31m  ERROR[39m [38;5;3m[BlockchainService] [39m[31mFailed to scan ETH on BASE blocks 46380696-46385696[39m
Error: could not coalesce error (error={ "code": -32016, "message": "over rate limit" }, payload={ "id": 10856, "jsonrpc": "2.0", "method": "eth_getBlockByNumber", "params": [ "0x2c3b77f", true ] }, code=UNKNOWN_ERROR, version=6.17.0)
    at makeError (C:\Users\perum\OneDrive\Desktop\sidra\node_modules\ethers\src.ts\utils\errors.ts:698:21)
    at JsonRpcProvider.getRpcError (C:\Users\perum\OneDrive\Desktop\sidra\node_modules\ethers\src.ts\providers\provider-jsonrpc.ts:1086:25)
    at <anonymous> (C:\Users\perum\OneDrive\Desktop\sidra\node_modules\ethers\src.ts\providers\provider-jsonrpc.ts:571:45)
    at process.processTicksAndRejections (node:internal/process/task_queues:104:5)
[31m[Nest] 181104  - [39m04/09/2026, 10:22:46 pm [31m  ERROR[39m [38;5;3m[BlockchainService] [39m[31mFailed to scan ETH on BASE blocks 46380726-46385726[39m
Error: could not coalesce error (error={ "code": -32016, "message": "over rate limit" }, payload={ "id": 10857, "jsonrpc": "2.0", "method": "eth_getBlockByNumber", "params": [ "0x2c3b784", true ] }, code=UNKNOWN_ERROR, version=6.17.0)
    at makeError (C:\Users\perum\OneDrive\Desktop\sidra\node_modules\ethers\src.ts\utils\errors.ts:698:21)
    at JsonRpcProvider.getRpcError (C:\Users\perum\OneDrive\Desktop\sidra\node_modules\ethers\src.ts\providers\provider-jsonrpc.ts:1086:25)
    at <anonymous> (C:\Users\perum\OneDrive\Desktop\sidra\node_modules\ethers\src.ts\providers\provider-jsonrpc.ts:571:45)
    at process.processTicksAndRejections (node:internal/process/task_queues:104:5)
[31m[Nest] 181104  - [39m04/09/2026, 10:22:46 pm [31m  ERROR[39m [38;5;3m[BlockchainService] [39m[31mFailed to scan ETH on BASE blocks 46380726-46385726[39m
Error: could not coalesce error (error={ "code": -32016, "message": "over rate limit" }, payload={ "id": 10857, "jsonrpc": "2.0", "method": "eth_getBlockByNumber", "params": [ "0x2c3b784", true ] }, code=UNKNOWN_ERROR, version=6.17.0)
    at makeError (C:\Users\perum\OneDrive\Desktop\sidra\node_modules\ethers\src.ts\utils\errors.ts:698:21)
    at JsonRpcProvider.getRpcError (C:\Users\perum\OneDrive\Desktop\sidra\node_modules\ethers\src.ts\providers\provider-jsonrpc.ts:1086:25)
    at <anonymous> (C:\Users\perum\OneDrive\Desktop\sidra\node_modules\ethers\src.ts\providers\provider-jsonrpc.ts:571:45)
    at process.processTicksAndRejections (node:internal/process/task_queues:104:5)
[31m[Nest] 181104  - [39m04/09/2026, 10:22:46 pm [31m  ERROR[39m [38;5;3m[BlockchainService] [39m[31mFailed to scan ETH on BASE blocks 46380726-46385726[39m
Error: could not coalesce error (error={ "code": -32016, "message": "over rate limit" }, payload={ "id": 10857, "jsonrpc": "2.0", "method": "eth_getBlockByNumber", "params": [ "0x2c3b784", true ] }, code=UNKNOWN_ERROR, version=6.17.0)
    at makeError (C:\Users\perum\OneDrive\Desktop\sidra\node_modules\ethers\src.ts\utils\errors.ts:698:21)
    at JsonRpcProvider.getRpcError (C:\Users\perum\OneDrive\Desktop\sidra\node_modules\ethers\src.ts\providers\provider-jsonrpc.ts:1086:25)
    at <anonymous> (C:\Users\perum\OneDrive\Desktop\sidra\node_modules\ethers\src.ts\providers\provider-jsonrpc.ts:571:45)
    at process.processTicksAndRejections (node:internal/process/task_queues:104:5)
[31m[Nest] 181104  - [39m04/09/2026, 10:22:46 pm [31m  ERROR[39m [38;5;3m[BlockchainService] [39m[31mFailed to scan ETH on BASE blocks 46380726-46385726[39m
Error: could not coalesce error (error={ "code": -32016, "message": "over rate limit" }, payload={ "id": 10857, "jsonrpc": "2.0", "method": "eth_getBlockByNumber", "params": [ "0x2c3b784", true ] }, code=UNKNOWN_ERROR, version=6.17.0)
    at makeError (C:\Users\perum\OneDrive\Desktop\sidra\node_modules\ethers\src.ts\utils\errors.ts:698:21)
    at JsonRpcProvider.getRpcError (C:\Users\perum\OneDrive\Desktop\sidra\node_modules\ethers\src.ts\providers\provider-jsonrpc.ts:1086:25)
    at <anonymous> (C:\Users\perum\OneDrive\Desktop\sidra\node_modules\ethers\src.ts\providers\provider-jsonrpc.ts:571:45)
    at process.processTicksAndRejections (node:internal/process/task_queues:104:5)
[31m[Nest] 181104  - [39m04/09/2026, 10:22:46 pm [31m  ERROR[39m [38;5;3m[BlockchainService] [39m[31mFailed to scan ETH on BASE blocks 46380726-46385726[39m
Error: could not coalesce error (error={ "code": -32016, "message": "over rate limit" }, payload={ "id": 10857, "jsonrpc": "2.0", "method": "eth_getBlockByNumber", "params": [ "0x2c3b784", true ] }, code=UNKNOWN_ERROR, version=6.17.0)
    at makeError (C:\Users\perum\OneDrive\Desktop\sidra\node_modules\ethers\src.ts\utils\errors.ts:698:21)
    at JsonRpcProvider.getRpcError (C:\Users\perum\OneDrive\Desktop\sidra\node_modules\ethers\src.ts\providers\provider-jsonrpc.ts:1086:25)
    at <anonymous> (C:\Users\perum\OneDrive\Desktop\sidra\node_modules\ethers\src.ts\providers\provider-jsonrpc.ts:571:45)
    at process.processTicksAndRejections (node:internal/process/task_queues:104:5)
[31m[Nest] 181104  - [39m04/09/2026, 10:22:46 pm [31m  ERROR[39m [38;5;3m[BlockchainService] [39m[31mFailed to scan ETH on BASE blocks 46380726-46385726[39m
Error: could not coalesce error (error={ "code": -32016, "message": "over rate limit" }, payload={ "id": 10857, "jsonrpc": "2.0", "method": "eth_getBlockByNumber", "params": [ "0x2c3b784", true ] }, code=UNKNOWN_ERROR, version=6.17.0)
    at makeError (C:\Users\perum\OneDrive\Desktop\sidra\node_modules\ethers\src.ts\utils\errors.ts:698:21)
    at JsonRpcProvider.getRpcError (C:\Users\perum\OneDrive\Desktop\sidra\node_modules\ethers\src.ts\providers\provider-jsonrpc.ts:1086:25)
    at <anonymous> (C:\Users\perum\OneDrive\Desktop\sidra\node_modules\ethers\src.ts\providers\provider-jsonrpc.ts:571:45)
    at process.processTicksAndRejections (node:internal/process/task_queues:104:5)
[31m[Nest] 181104  - [39m04/09/2026, 10:22:46 pm [31m  ERROR[39m [38;5;3m[BlockchainService] [39m[31mFailed to scan ETH on BASE blocks 46380726-46385726[39m
Error: could not coalesce error (error={ "code": -32016, "message": "over rate limit" }, payload={ "id": 10857, "jsonrpc": "2.0", "method": "eth_getBlockByNumber", "params": [ "0x2c3b784", true ] }, code=UNKNOWN_ERROR, version=6.17.0)
    at makeError (C:\Users\perum\OneDrive\Desktop\sidra\node_modules\ethers\src.ts\utils\errors.ts:698:21)
    at JsonRpcProvider.getRpcError (C:\Users\perum\OneDrive\Desktop\sidra\node_modules\ethers\src.ts\providers\provider-jsonrpc.ts:1086:25)
    at <anonymous> (C:\Users\perum\OneDrive\Desktop\sidra\node_modules\ethers\src.ts\providers\provider-jsonrpc.ts:571:45)
    at process.processTicksAndRejections (node:internal/process/task_queues:104:5)
[31m[Nest] 181104  - [39m04/09/2026, 10:22:49 pm [31m  ERROR[39m [38;5;3m[BlockchainService] [39m[31mFailed to scan ETH on BASE blocks 46380648-46385648[39m
Error: could not coalesce error (error={ "code": -32016, "message": "over rate limit" }, payload={ "id": 10898, "jsonrpc": "2.0", "method": "eth_getBlockByNumber", "params": [ "0x2c3b76f", true ] }, code=UNKNOWN_ERROR, version=6.17.0)
    at makeError (C:\Users\perum\OneDrive\Desktop\sidra\node_modules\ethers\src.ts\utils\errors.ts:698:21)
    at JsonRpcProvider.getRpcError (C:\Users\perum\OneDrive\Desktop\sidra\node_modules\ethers\src.ts\providers\provider-jsonrpc.ts:1086:25)
    at <anonymous> (C:\Users\perum\OneDrive\Desktop\sidra\node_modules\ethers\src.ts\providers\provider-jsonrpc.ts:571:45)
    at process.processTicksAndRejections (node:internal/process/task_queues:104:5)
[31m[Nest] 181104  - [39m04/09/2026, 10:22:49 pm [31m  ERROR[39m [38;5;3m[BlockchainService] [39m[31mFailed to scan ETH on BASE blocks 46380648-46385648[39m
Error: could not coalesce error (error={ "code": -32016, "message": "over rate limit" }, payload={ "id": 10898, "jsonrpc": "2.0", "method": "eth_getBlockByNumber", "params": [ "0x2c3b76f", true ] }, code=UNKNOWN_ERROR, version=6.17.0)
    at makeError (C:\Users\perum\OneDrive\Desktop\sidra\node_modules\ethers\src.ts\utils\errors.ts:698:21)
    at JsonRpcProvider.getRpcError (C:\Users\perum\OneDrive\Desktop\sidra\node_modules\ethers\src.ts\providers\provider-jsonrpc.ts:1086:25)
    at <anonymous> (C:\Users\perum\OneDrive\Desktop\sidra\node_modules\ethers\src.ts\providers\provider-jsonrpc.ts:571:45)
    at process.processTicksAndRejections (node:internal/process/task_queues:104:5)
[31m[Nest] 181104  - [39m04/09/2026, 10:22:49 pm [31m  ERROR[39m [38;5;3m[BlockchainService] [39m[31mFailed to scan ETH on BASE blocks 46380648-46385648[39m
Error: could not coalesce error (error={ "code": -32016, "message": "over rate limit" }, payload={ "id": 10898, "jsonrpc": "2.0", "method": "eth_getBlockByNumber", "params": [ "0x2c3b76f", true ] }, code=UNKNOWN_ERROR, version=6.17.0)
    at makeError (C:\Users\perum\OneDrive\Desktop\sidra\node_modules\ethers\src.ts\utils\errors.ts:698:21)
    at JsonRpcProvider.getRpcError (C:\Users\perum\OneDrive\Desktop\sidra\node_modules\ethers\src.ts\providers\provider-jsonrpc.ts:1086:25)
    at <anonymous> (C:\Users\perum\OneDrive\Desktop\sidra\node_modules\ethers\src.ts\providers\provider-jsonrpc.ts:571:45)
    at process.processTicksAndRejections (node:internal/process/task_queues:104:5)
[31m[Nest] 181104  - [39m04/09/2026, 10:22:49 pm [31m  ERROR[39m [38;5;3m[BlockchainService] [39m[31mFailed to scan ETH on BASE blocks 46380648-46385648[39m
Error: could not coalesce error (error={ "code": -32016, "message": "over rate limit" }, payload={ "id": 10898, "jsonrpc": "2.0", "method": "eth_getBlockByNumber", "params": [ "0x2c3b76f", true ] }, code=UNKNOWN_ERROR, version=6.17.0)
    at makeError (C:\Users\perum\OneDrive\Desktop\sidra\node_modules\ethers\src.ts\utils\errors.ts:698:21)
    at JsonRpcProvider.getRpcError (C:\Users\perum\OneDrive\Desktop\sidra\node_modules\ethers\src.ts\providers\provider-jsonrpc.ts:1086:25)
    at <anonymous> (C:\Users\perum\OneDrive\Desktop\sidra\node_modules\ethers\src.ts\providers\provider-jsonrpc.ts:571:45)
    at process.processTicksAndRejections (node:internal/process/task_queues:104:5)
[31m[Nest] 181104  - [39m04/09/2026, 10:22:49 pm [31m  ERROR[39m [38;5;3m[BlockchainService] [39m[31mFailed to scan ETH on BASE blocks 46380648-46385648[39m
Error: could not coalesce error (error={ "code": -32016, "message": "over rate limit" }, payload={ "id": 10898, "jsonrpc": "2.0", "method": "eth_getBlockByNumber", "params": [ "0x2c3b76f", true ] }, code=UNKNOWN_ERROR, version=6.17.0)
    at makeError (C:\Users\perum\OneDrive\Desktop\sidra\node_modules\ethers\src.ts\utils\errors.ts:698:21)
    at JsonRpcProvider.getRpcError (C:\Users\perum\OneDrive\Desktop\sidra\node_modules\ethers\src.ts\providers\provider-jsonrpc.ts:1086:25)
    at <anonymous> (C:\Users\perum\OneDrive\Desktop\sidra\node_modules\ethers\src.ts\providers\provider-jsonrpc.ts:571:45)
    at process.processTicksAndRejections (node:internal/process/task_queues:104:5)
[31m[Nest] 181104  - [39m04/09/2026, 10:22:49 pm [31m  ERROR[39m [38;5;3m[BlockchainService] [39m[31mFailed to scan ETH on BASE blocks 46380648-46385648[39m
Error: could not coalesce error (error={ "code": -32016, "message": "over rate limit" }, payload={ "id": 10898, "jsonrpc": "2.0", "method": "eth_getBlockByNumber", "params": [ "0x2c3b76f", true ] }, code=UNKNOWN_ERROR, version=6.17.0)
    at makeError (C:\Users\perum\OneDrive\Desktop\sidra\node_modules\ethers\src.ts\utils\errors.ts:698:21)
    at JsonRpcProvider.getRpcError (C:\Users\perum\OneDrive\Desktop\sidra\node_modules\ethers\src.ts\providers\provider-jsonrpc.ts:1086:25)
    at <anonymous> (C:\Users\perum\OneDrive\Desktop\sidra\node_modules\ethers\src.ts\providers\provider-jsonrpc.ts:571:45)
    at process.processTicksAndRejections (node:internal/process/task_queues:104:5)
[31m[Nest] 181104  - [39m04/09/2026, 10:22:49 pm [31m  ERROR[39m [38;5;3m[BlockchainService] [39m[31mFailed to scan ETH on BASE blocks 46380648-46385648[39m
Error: could not coalesce error (error={ "code": -32016, "message": "over rate limit" }, payload={ "id": 10898, "jsonrpc": "2.0", "method": "eth_getBlockByNumber", "params": [ "0x2c3b76f", true ] }, code=UNKNOWN_ERROR, version=6.17.0)
    at makeError (C:\Users\perum\OneDrive\Desktop\sidra\node_modules\ethers\src.ts\utils\errors.ts:698:21)
    at JsonRpcProvider.getRpcError (C:\Users\perum\OneDrive\Desktop\sidra\node_modules\ethers\src.ts\providers\provider-jsonrpc.ts:1086:25)
    at <anonymous> (C:\Users\perum\OneDrive\Desktop\sidra\node_modules\ethers\src.ts\providers\provider-jsonrpc.ts:571:45)
    at process.processTicksAndRejections (node:internal/process/task_queues:104:5)
[31m[Nest] 181104  - [39m04/09/2026, 10:22:49 pm [31m  ERROR[39m [38;5;3m[BlockchainService] [39m[31mFailed to scan ETH on BASE blocks 46380664-46385664[39m
Error: could not coalesce error (error={ "code": -32016, "message": "over rate limit" }, payload={ "id": 10899, "jsonrpc": "2.0", "method": "eth_getBlockByNumber", "params": [ "0x2c3b773", true ] }, code=UNKNOWN_ERROR, version=6.17.0)
    at makeError (C:\Users\perum\OneDrive\Desktop\sidra\node_modules\ethers\src.ts\utils\errors.ts:698:21)
    at JsonRpcProvider.getRpcError (C:\Users\perum\OneDrive\Desktop\sidra\node_modules\ethers\src.ts\providers\provider-jsonrpc.ts:1086:25)
    at <anonymous> (C:\Users\perum\OneDrive\Desktop\sidra\node_modules\ethers\src.ts\providers\provider-jsonrpc.ts:571:45)
    at process.processTicksAndRejections (node:internal/process/task_queues:104:5)
[31m[Nest] 181104  - [39m04/09/2026, 10:22:49 pm [31m  ERROR[39m [38;5;3m[BlockchainService] [39m[31mFailed to scan ETH on BASE blocks 46380664-46385664[39m
Error: could not coalesce error (error={ "code": -32016, "message": "over rate limit" }, payload={ "id": 10899, "jsonrpc": "2.0", "method": "eth_getBlockByNumber", "params": [ "0x2c3b773", true ] }, code=UNKNOWN_ERROR, version=6.17.0)
    at makeError (C:\Users\perum\OneDrive\Desktop\sidra\node_modules\ethers\src.ts\utils\errors.ts:698:21)
    at JsonRpcProvider.getRpcError (C:\Users\perum\OneDrive\Desktop\sidra\node_modules\ethers\src.ts\providers\provider-jsonrpc.ts:1086:25)
    at <anonymous> (C:\Users\perum\OneDrive\Desktop\sidra\node_modules\ethers\src.ts\providers\provider-jsonrpc.ts:571:45)
    at process.processTicksAndRejections (node:internal/process/task_queues:104:5)
[31m[Nest] 181104  - [39m04/09/2026, 10:22:49 pm [31m  ERROR[39m [38;5;3m[BlockchainService] [39m[31mFailed to scan ETH on BASE blocks 46380664-46385664[39m
Error: could not coalesce error (error={ "code": -32016, "message": "over rate limit" }, payload={ "id": 10899, "jsonrpc": "2.0", "method": "eth_getBlockByNumber", "params": [ "0x2c3b773", true ] }, code=UNKNOWN_ERROR, version=6.17.0)
    at makeError (C:\Users\perum\OneDrive\Desktop\sidra\node_modules\ethers\src.ts\utils\errors.ts:698:21)
    at JsonRpcProvider.getRpcError (C:\Users\perum\OneDrive\Desktop\sidra\node_modules\ethers\src.ts\providers\provider-jsonrpc.ts:1086:25)
    at <anonymous> (C:\Users\perum\OneDrive\Desktop\sidra\node_modules\ethers\src.ts\providers\provider-jsonrpc.ts:571:45)
    at process.processTicksAndRejections (node:internal/process/task_queues:104:5)
[31m[Nest] 181104  - [39m04/09/2026, 10:22:49 pm [31m  ERROR[39m [38;5;3m[BlockchainService] [39m[31mFailed to scan ETH on BASE blocks 46380664-46385664[39m
Error: could not coalesce error (error={ "code": -32016, "message": "over rate limit" }, payload={ "id": 10899, "jsonrpc": "2.0", "method": "eth_getBlockByNumber", "params": [ "0x2c3b773", true ] }, code=UNKNOWN_ERROR, version=6.17.0)
    at makeError (C:\Users\perum\OneDrive\Desktop\sidra\node_modules\ethers\src.ts\utils\errors.ts:698:21)
    at JsonRpcProvider.getRpcError (C:\Users\perum\OneDrive\Desktop\sidra\node_modules\ethers\src.ts\providers\provider-jsonrpc.ts:1086:25)
    at <anonymous> (C:\Users\perum\OneDrive\Desktop\sidra\node_modules\ethers\src.ts\providers\provider-jsonrpc.ts:571:45)
    at process.processTicksAndRejections (node:internal/process/task_queues:104:5)
[31m[Nest] 181104  - [39m04/09/2026, 10:22:49 pm [31m  ERROR[39m [38;5;3m[BlockchainService] [39m[31mFailed to scan ETH on BASE blocks 46380664-46385664[39m
Error: could not coalesce error (error={ "code": -32016, "message": "over rate limit" }, payload={ "id": 10899, "jsonrpc": "2.0", "method": "eth_getBlockByNumber", "params": [ "0x2c3b773", true ] }, code=UNKNOWN_ERROR, version=6.17.0)
    at makeError (C:\Users\perum\OneDrive\Desktop\sidra\node_modules\ethers\src.ts\utils\errors.ts:698:21)
    at JsonRpcProvider.getRpcError (C:\Users\perum\OneDrive\Desktop\sidra\node_modules\ethers\src.ts\providers\provider-jsonrpc.ts:1086:25)
    at <anonymous> (C:\Users\perum\OneDrive\Desktop\sidra\node_modules\ethers\src.ts\providers\provider-jsonrpc.ts:571:45)
    at process.processTicksAndRejections (node:internal/process/task_queues:104:5)
[31m[Nest] 181104  - [39m04/09/2026, 10:22:49 pm [31m  ERROR[39m [38;5;3m[BlockchainService] [39m[31mFailed to scan ETH on BASE blocks 46380664-46385664[39m
Error: could not coalesce error (error={ "code": -32016, "message": "over rate limit" }, payload={ "id": 10899, "jsonrpc": "2.0", "method": "eth_getBlockByNumber", "params": [ "0x2c3b773", true ] }, code=UNKNOWN_ERROR, version=6.17.0)
    at makeError (C:\Users\perum\OneDrive\Desktop\sidra\node_modules\ethers\src.ts\utils\errors.ts:698:21)
    at JsonRpcProvider.getRpcError (C:\Users\perum\OneDrive\Desktop\sidra\node_modules\ethers\src.ts\providers\provider-jsonrpc.ts:1086:25)
    at <anonymous> (C:\Users\perum\OneDrive\Desktop\sidra\node_modules\ethers\src.ts\providers\provider-jsonrpc.ts:571:45)
    at process.processTicksAndRejections (node:internal/process/task_queues:104:5)
[31m[Nest] 181104  - [39m04/09/2026, 10:22:49 pm [31m  ERROR[39m [38;5;3m[BlockchainService] [39m[31mFailed to scan ETH on BASE blocks 46380664-46385664[39m
Error: could not coalesce error (error={ "code": -32016, "message": "over rate limit" }, payload={ "id": 10899, "jsonrpc": "2.0", "method": "eth_getBlockByNumber", "params": [ "0x2c3b773", true ] }, code=UNKNOWN_ERROR, version=6.17.0)
    at makeError (C:\Users\perum\OneDrive\Desktop\sidra\node_modules\ethers\src.ts\utils\errors.ts:698:21)
    at JsonRpcProvider.getRpcError (C:\Users\perum\OneDrive\Desktop\sidra\node_modules\ethers\src.ts\providers\provider-jsonrpc.ts:1086:25)
    at <anonymous> (C:\Users\perum\OneDrive\Desktop\sidra\node_modules\ethers\src.ts\providers\provider-jsonrpc.ts:571:45)
    at process.processTicksAndRejections (node:internal/process/task_queues:104:5)
[31m[Nest] 181104  - [39m04/09/2026, 10:22:49 pm [31m  ERROR[39m [38;5;3m[BlockchainService] [39m[31mFailed to scan ETH on BASE blocks 46380679-46385679[39m
Error: could not coalesce error (error={ "code": -32016, "message": "over rate limit" }, payload={ "id": 10900, "jsonrpc": "2.0", "method": "eth_getBlockByNumber", "params": [ "0x2c3b776", true ] }, code=UNKNOWN_ERROR, version=6.17.0)
    at makeError (C:\Users\perum\OneDrive\Desktop\sidra\node_modules\ethers\src.ts\utils\errors.ts:698:21)
    at JsonRpcProvider.getRpcError (C:\Users\perum\OneDrive\Desktop\sidra\node_modules\ethers\src.ts\providers\provider-jsonrpc.ts:1086:25)
    at <anonymous> (C:\Users\perum\OneDrive\Desktop\sidra\node_modules\ethers\src.ts\providers\provider-jsonrpc.ts:571:45)
    at process.processTicksAndRejections (node:internal/process/task_queues:104:5)
[31m[Nest] 181104  - [39m04/09/2026, 10:22:49 pm [31m  ERROR[39m [38;5;3m[BlockchainService] [39m[31mFailed to scan ETH on BASE blocks 46380679-46385679[39m
Error: could not coalesce error (error={ "code": -32016, "message": "over rate limit" }, payload={ "id": 10900, "jsonrpc": "2.0", "method": "eth_getBlockByNumber", "params": [ "0x2c3b776", true ] }, code=UNKNOWN_ERROR, version=6.17.0)
    at makeError (C:\Users\perum\OneDrive\Desktop\sidra\node_modules\ethers\src.ts\utils\errors.ts:698:21)
    at JsonRpcProvider.getRpcError (C:\Users\perum\OneDrive\Desktop\sidra\node_modules\ethers\src.ts\providers\provider-jsonrpc.ts:1086:25)
    at <anonymous> (C:\Users\perum\OneDrive\Desktop\sidra\node_modules\ethers\src.ts\providers\provider-jsonrpc.ts:571:45)
    at process.processTicksAndRejections (node:internal/process/task_queues:104:5)
[31m[Nest] 181104  - [39m04/09/2026, 10:22:49 pm [31m  ERROR[39m [38;5;3m[BlockchainService] [39m[31mFailed to scan ETH on BASE blocks 46380679-46385679[39m
Error: could not coalesce error (error={ "code": -32016, "message": "over rate limit" }, payload={ "id": 10900, "jsonrpc": "2.0", "method": "eth_getBlockByNumber", "params": [ "0x2c3b776", true ] }, code=UNKNOWN_ERROR, version=6.17.0)
    at makeError (C:\Users\perum\OneDrive\Desktop\sidra\node_modules\ethers\src.ts\utils\errors.ts:698:21)
    at JsonRpcProvider.getRpcError (C:\Users\perum\OneDrive\Desktop\sidra\node_modules\ethers\src.ts\providers\provider-jsonrpc.ts:1086:25)
    at <anonymous> (C:\Users\perum\OneDrive\Desktop\sidra\node_modules\ethers\src.ts\providers\provider-jsonrpc.ts:571:45)
    at process.processTicksAndRejections (node:internal/process/task_queues:104:5)
[31m[Nest] 181104  - [39m04/09/2026, 10:22:49 pm [31m  ERROR[39m [38;5;3m[BlockchainService] [39m[31mFailed to scan ETH on BASE blocks 46380679-46385679[39m
Error: could not coalesce error (error={ "code": -32016, "message": "over rate limit" }, payload={ "id": 10900, "jsonrpc": "2.0", "method": "eth_getBlockByNumber", "params": [ "0x2c3b776", true ] }, code=UNKNOWN_ERROR, version=6.17.0)
    at makeError (C:\Users\perum\OneDrive\Desktop\sidra\node_modules\ethers\src.ts\utils\errors.ts:698:21)
    at JsonRpcProvider.getRpcError (C:\Users\perum\OneDrive\Desktop\sidra\node_modules\ethers\src.ts\providers\provider-jsonrpc.ts:1086:25)
    at <anonymous> (C:\Users\perum\OneDrive\Desktop\sidra\node_modules\ethers\src.ts\providers\provider-jsonrpc.ts:571:45)
    at process.processTicksAndRejections (node:internal/process/task_queues:104:5)
[31m[Nest] 181104  - [39m04/09/2026, 10:22:49 pm [31m  ERROR[39m [38;5;3m[BlockchainService] [39m[31mFailed to scan ETH on BASE blocks 46380679-46385679[39m
Error: could not coalesce error (error={ "code": -32016, "message": "over rate limit" }, payload={ "id": 10900, "jsonrpc": "2.0", "method": "eth_getBlockByNumber", "params": [ "0x2c3b776", true ] }, code=UNKNOWN_ERROR, version=6.17.0)
    at makeError (C:\Users\perum\OneDrive\Desktop\sidra\node_modules\ethers\src.ts\utils\errors.ts:698:21)
    at JsonRpcProvider.getRpcError (C:\Users\perum\OneDrive\Desktop\sidra\node_modules\ethers\src.ts\providers\provider-jsonrpc.ts:1086:25)
    at <anonymous> (C:\Users\perum\OneDrive\Desktop\sidra\node_modules\ethers\src.ts\providers\provider-jsonrpc.ts:571:45)
    at process.processTicksAndRejections (node:internal/process/task_queues:104:5)
[31m[Nest] 181104  - [39m04/09/2026, 10:22:49 pm [31m  ERROR[39m [38;5;3m[BlockchainService] [39m[31mFailed to scan ETH on BASE blocks 46380679-46385679[39m
Error: could not coalesce error (error={ "code": -32016, "message": "over rate limit" }, payload={ "id": 10900, "jsonrpc": "2.0", "method": "eth_getBlockByNumber", "params": [ "0x2c3b776", true ] }, code=UNKNOWN_ERROR, version=6.17.0)
    at makeError (C:\Users\perum\OneDrive\Desktop\sidra\node_modules\ethers\src.ts\utils\errors.ts:698:21)
    at JsonRpcProvider.getRpcError (C:\Users\perum\OneDrive\Desktop\sidra\node_modules\ethers\src.ts\providers\provider-jsonrpc.ts:1086:25)
    at <anonymous> (C:\Users\perum\OneDrive\Desktop\sidra\node_modules\ethers\src.ts\providers\provider-jsonrpc.ts:571:45)
    at process.processTicksAndRejections (node:internal/process/task_queues:104:5)
[31m[Nest] 181104  - [39m04/09/2026, 10:22:49 pm [31m  ERROR[39m [38;5;3m[BlockchainService] [39m[31mFailed to scan ETH on BASE blocks 46380679-46385679[39m
Error: could not coalesce error (error={ "code": -32016, "message": "over rate limit" }, payload={ "id": 10900, "jsonrpc": "2.0", "method": "eth_getBlockByNumber", "params": [ "0x2c3b776", true ] }, code=UNKNOWN_ERROR, version=6.17.0)
    at makeError (C:\Users\perum\OneDrive\Desktop\sidra\node_modules\ethers\src.ts\utils\errors.ts:698:21)
    at JsonRpcProvider.getRpcError (C:\Users\perum\OneDrive\Desktop\sidra\node_modules\ethers\src.ts\providers\provider-jsonrpc.ts:1086:25)
    at <anonymous> (C:\Users\perum\OneDrive\Desktop\sidra\node_modules\ethers\src.ts\providers\provider-jsonrpc.ts:571:45)
    at process.processTicksAndRejections (node:internal/process/task_queues:104:5)
[31m[Nest] 181104  - [39m04/09/2026, 10:22:53 pm [31m  ERROR[39m [38;5;3m[BlockchainService] [39m[31mFailed to scan ETH on BASE blocks 46380603-46385603[39m
Error: could not coalesce error (error={ "code": -32016, "message": "over rate limit" }, payload={ "id": 10941, "jsonrpc": "2.0", "method": "eth_getBlockByNumber", "params": [ "0x2c3b761", true ] }, code=UNKNOWN_ERROR, version=6.17.0)
    at makeError (C:\Users\perum\OneDrive\Desktop\sidra\node_modules\ethers\src.ts\utils\errors.ts:698:21)
    at JsonRpcProvider.getRpcError (C:\Users\perum\OneDrive\Desktop\sidra\node_modules\ethers\src.ts\providers\provider-jsonrpc.ts:1086:25)
    at <anonymous> (C:\Users\perum\OneDrive\Desktop\sidra\node_modules\ethers\src.ts\providers\provider-jsonrpc.ts:571:45)
    at process.processTicksAndRejections (node:internal/process/task_queues:104:5)
[31m[Nest] 181104  - [39m04/09/2026, 10:22:53 pm [31m  ERROR[39m [38;5;3m[BlockchainService] [39m[31mFailed to scan ETH on BASE blocks 46380603-46385603[39m
Error: could not coalesce error (error={ "code": -32016, "message": "over rate limit" }, payload={ "id": 10941, "jsonrpc": "2.0", "method": "eth_getBlockByNumber", "params": [ "0x2c3b761", true ] }, code=UNKNOWN_ERROR, version=6.17.0)
    at makeError (C:\Users\perum\OneDrive\Desktop\sidra\node_modules\ethers\src.ts\utils\errors.ts:698:21)
    at JsonRpcProvider.getRpcError (C:\Users\perum\OneDrive\Desktop\sidra\node_modules\ethers\src.ts\providers\provider-jsonrpc.ts:1086:25)
    at <anonymous> (C:\Users\perum\OneDrive\Desktop\sidra\node_modules\ethers\src.ts\providers\provider-jsonrpc.ts:571:45)
    at process.processTicksAndRejections (node:internal/process/task_queues:104:5)
[31m[Nest] 181104  - [39m04/09/2026, 10:22:53 pm [31m  ERROR[39m [38;5;3m[BlockchainService] [39m[31mFailed to scan ETH on BASE blocks 46380603-46385603[39m
Error: could not coalesce error (error={ "code": -32016, "message": "over rate limit" }, payload={ "id": 10941, "jsonrpc": "2.0", "method": "eth_getBlockByNumber", "params": [ "0x2c3b761", true ] }, code=UNKNOWN_ERROR, version=6.17.0)
    at makeError (C:\Users\perum\OneDrive\Desktop\sidra\node_modules\ethers\src.ts\utils\errors.ts:698:21)
    at JsonRpcProvider.getRpcError (C:\Users\perum\OneDrive\Desktop\sidra\node_modules\ethers\src.ts\providers\provider-jsonrpc.ts:1086:25)
    at <anonymous> (C:\Users\perum\OneDrive\Desktop\sidra\node_modules\ethers\src.ts\providers\provider-jsonrpc.ts:571:45)
    at process.processTicksAndRejections (node:internal/process/task_queues:104:5)
[31m[Nest] 181104  - [39m04/09/2026, 10:22:53 pm [31m  ERROR[39m [38;5;3m[BlockchainService] [39m[31mFailed to scan ETH on BASE blocks 46380603-46385603[39m
Error: could not coalesce error (error={ "code": -32016, "message": "over rate limit" }, payload={ "id": 10941, "jsonrpc": "2.0", "method": "eth_getBlockByNumber", "params": [ "0x2c3b761", true ] }, code=UNKNOWN_ERROR, version=6.17.0)
    at makeError (C:\Users\perum\OneDrive\Desktop\sidra\node_modules\ethers\src.ts\utils\errors.ts:698:21)
    at JsonRpcProvider.getRpcError (C:\Users\perum\OneDrive\Desktop\sidra\node_modules\ethers\src.ts\providers\provider-jsonrpc.ts:1086:25)
    at <anonymous> (C:\Users\perum\OneDrive\Desktop\sidra\node_modules\ethers\src.ts\providers\provider-jsonrpc.ts:571:45)
    at process.processTicksAndRejections (node:internal/process/task_queues:104:5)
[31m[Nest] 181104  - [39m04/09/2026, 10:22:53 pm [31m  ERROR[39m [38;5;3m[BlockchainService] [39m[31mFailed to scan ETH on BASE blocks 46380603-46385603[39m
Error: could not coalesce error (error={ "code": -32016, "message": "over rate limit" }, payload={ "id": 10941, "jsonrpc": "2.0", "method": "eth_getBlockByNumber", "params": [ "0x2c3b761", true ] }, code=UNKNOWN_ERROR, version=6.17.0)
    at makeError (C:\Users\perum\OneDrive\Desktop\sidra\node_modules\ethers\src.ts\utils\errors.ts:698:21)
    at JsonRpcProvider.getRpcError (C:\Users\perum\OneDrive\Desktop\sidra\node_modules\ethers\src.ts\providers\provider-jsonrpc.ts:1086:25)
    at <anonymous> (C:\Users\perum\OneDrive\Desktop\sidra\node_modules\ethers\src.ts\providers\provider-jsonrpc.ts:571:45)
    at process.processTicksAndRejections (node:internal/process/task_queues:104:5)
[31m[Nest] 181104  - [39m04/09/2026, 10:22:53 pm [31m  ERROR[39m [38;5;3m[BlockchainService] [39m[31mFailed to scan ETH on BASE blocks 46380603-46385603[39m
Error: could not coalesce error (error={ "code": -32016, "message": "over rate limit" }, payload={ "id": 10941, "jsonrpc": "2.0", "method": "eth_getBlockByNumber", "params": [ "0x2c3b761", true ] }, code=UNKNOWN_ERROR, version=6.17.0)
    at makeError (C:\Users\perum\OneDrive\Desktop\sidra\node_modules\ethers\src.ts\utils\errors.ts:698:21)
    at JsonRpcProvider.getRpcError (C:\Users\perum\OneDrive\Desktop\sidra\node_modules\ethers\src.ts\providers\provider-jsonrpc.ts:1086:25)
    at <anonymous> (C:\Users\perum\OneDrive\Desktop\sidra\node_modules\ethers\src.ts\providers\provider-jsonrpc.ts:571:45)
    at process.processTicksAndRejections (node:internal/process/task_queues:104:5)
[31m[Nest] 181104  - [39m04/09/2026, 10:22:53 pm [31m  ERROR[39m [38;5;3m[BlockchainService] [39m[31mFailed to scan ETH on BASE blocks 46380603-46385603[39m
Error: could not coalesce error (error={ "code": -32016, "message": "over rate limit" }, payload={ "id": 10941, "jsonrpc": "2.0", "method": "eth_getBlockByNumber", "params": [ "0x2c3b761", true ] }, code=UNKNOWN_ERROR, version=6.17.0)
    at makeError (C:\Users\perum\OneDrive\Desktop\sidra\node_modules\ethers\src.ts\utils\errors.ts:698:21)
    at JsonRpcProvider.getRpcError (C:\Users\perum\OneDrive\Desktop\sidra\node_modules\ethers\src.ts\providers\provider-jsonrpc.ts:1086:25)
    at <anonymous> (C:\Users\perum\OneDrive\Desktop\sidra\node_modules\ethers\src.ts\providers\provider-jsonrpc.ts:571:45)
    at process.processTicksAndRejections (node:internal/process/task_queues:104:5)
[31m[Nest] 181104  - [39m04/09/2026, 10:22:53 pm [31m  ERROR[39m [38;5;3m[BlockchainService] [39m[31mFailed to scan ETH on BASE blocks 46380620-46385620[39m
Error: could not coalesce error (error={ "code": -32016, "message": "over rate limit" }, payload={ "id": 10942, "jsonrpc": "2.0", "method": "eth_getBlockByNumber", "params": [ "0x2c3b767", true ] }, code=UNKNOWN_ERROR, version=6.17.0)
    at makeError (C:\Users\perum\OneDrive\Desktop\sidra\node_modules\ethers\src.ts\utils\errors.ts:698:21)
    at JsonRpcProvider.getRpcError (C:\Users\perum\OneDrive\Desktop\sidra\node_modules\ethers\src.ts\providers\provider-jsonrpc.ts:1086:25)
    at <anonymous> (C:\Users\perum\OneDrive\Desktop\sidra\node_modules\ethers\src.ts\providers\provider-jsonrpc.ts:571:45)
    at process.processTicksAndRejections (node:internal/process/task_queues:104:5)
[31m[Nest] 181104  - [39m04/09/2026, 10:22:53 pm [31m  ERROR[39m [38;5;3m[BlockchainService] [39m[31mFailed to scan ETH on BASE blocks 46380620-46385620[39m
Error: could not coalesce error (error={ "code": -32016, "message": "over rate limit" }, payload={ "id": 10942, "jsonrpc": "2.0", "method": "eth_getBlockByNumber", "params": [ "0x2c3b767", true ] }, code=UNKNOWN_ERROR, version=6.17.0)
    at makeError (C:\Users\perum\OneDrive\Desktop\sidra\node_modules\ethers\src.ts\utils\errors.ts:698:21)
    at JsonRpcProvider.getRpcError (C:\Users\perum\OneDrive\Desktop\sidra\node_modules\ethers\src.ts\providers\provider-jsonrpc.ts:1086:25)
    at <anonymous> (C:\Users\perum\OneDrive\Desktop\sidra\node_modules\ethers\src.ts\providers\provider-jsonrpc.ts:571:45)
    at process.processTicksAndRejections (node:internal/process/task_queues:104:5)
[31m[Nest] 181104  - [39m04/09/2026, 10:22:53 pm [31m  ERROR[39m [38;5;3m[BlockchainService] [39m[31mFailed to scan ETH on BASE blocks 46380620-46385620[39m
Error: could not coalesce error (error={ "code": -32016, "message": "over rate limit" }, payload={ "id": 10942, "jsonrpc": "2.0", "method": "eth_getBlockByNumber", "params": [ "0x2c3b767", true ] }, code=UNKNOWN_ERROR, version=6.17.0)
    at makeError (C:\Users\perum\OneDrive\Desktop\sidra\node_modules\ethers\src.ts\utils\errors.ts:698:21)
    at JsonRpcProvider.getRpcError (C:\Users\perum\OneDrive\Desktop\sidra\node_modules\ethers\src.ts\providers\provider-jsonrpc.ts:1086:25)
    at <anonymous> (C:\Users\perum\OneDrive\Desktop\sidra\node_modules\ethers\src.ts\providers\provider-jsonrpc.ts:571:45)
    at process.processTicksAndRejections (node:internal/process/task_queues:104:5)
[31m[Nest] 181104  - [39m04/09/2026, 10:22:53 pm [31m  ERROR[39m [38;5;3m[BlockchainService] [39m[31mFailed to scan ETH on BASE blocks 46380620-46385620[39m
Error: could not coalesce error (error={ "code": -32016, "message": "over rate limit" }, payload={ "id": 10942, "jsonrpc": "2.0", "method": "eth_getBlockByNumber", "params": [ "0x2c3b767", true ] }, code=UNKNOWN_ERROR, version=6.17.0)
    at makeError (C:\Users\perum\OneDrive\Desktop\sidra\node_modules\ethers\src.ts\utils\errors.ts:698:21)
    at JsonRpcProvider.getRpcError (C:\Users\perum\OneDrive\Desktop\sidra\node_modules\ethers\src.ts\providers\provider-jsonrpc.ts:1086:25)
    at <anonymous> (C:\Users\perum\OneDrive\Desktop\sidra\node_modules\ethers\src.ts\providers\provider-jsonrpc.ts:571:45)
    at process.processTicksAndRejections (node:internal/process/task_queues:104:5)
[31m[Nest] 181104  - [39m04/09/2026, 10:22:53 pm [31m  ERROR[39m [38;5;3m[BlockchainService] [39m[31mFailed to scan ETH on BASE blocks 46380620-46385620[39m
Error: could not coalesce error (error={ "code": -32016, "message": "over rate limit" }, payload={ "id": 10942, "jsonrpc": "2.0", "method": "eth_getBlockByNumber", "params": [ "0x2c3b767", true ] }, code=UNKNOWN_ERROR, version=6.17.0)
    at makeError (C:\Users\perum\OneDrive\Desktop\sidra\node_modules\ethers\src.ts\utils\errors.ts:698:21)
    at JsonRpcProvider.getRpcError (C:\Users\perum\OneDrive\Desktop\sidra\node_modules\ethers\src.ts\providers\provider-jsonrpc.ts:1086:25)
    at <anonymous> (C:\Users\perum\OneDrive\Desktop\sidra\node_modules\ethers\src.ts\providers\provider-jsonrpc.ts:571:45)
    at process.processTicksAndRejections (node:internal/process/task_queues:104:5)
[31m[Nest] 181104  - [39m04/09/2026, 10:22:53 pm [31m  ERROR[39m [38;5;3m[BlockchainService] [39m[31mFailed to scan ETH on BASE blocks 46380620-46385620[39m
Error: could not coalesce error (error={ "code": -32016, "message": "over rate limit" }, payload={ "id": 10942, "jsonrpc": "2.0", "method": "eth_getBlockByNumber", "params": [ "0x2c3b767", true ] }, code=UNKNOWN_ERROR, version=6.17.0)
    at makeError (C:\Users\perum\OneDrive\Desktop\sidra\node_modules\ethers\src.ts\utils\errors.ts:698:21)
    at JsonRpcProvider.getRpcError (C:\Users\perum\OneDrive\Desktop\sidra\node_modules\ethers\src.ts\providers\provider-jsonrpc.ts:1086:25)
    at <anonymous> (C:\Users\perum\OneDrive\Desktop\sidra\node_modules\ethers\src.ts\providers\provider-jsonrpc.ts:571:45)
    at process.processTicksAndRejections (node:internal/process/task_queues:104:5)
[31m[Nest] 181104  - [39m04/09/2026, 10:22:53 pm [31m  ERROR[39m [38;5;3m[BlockchainService] [39m[31mFailed to scan ETH on BASE blocks 46380620-46385620[39m
Error: could not coalesce error (error={ "code": -32016, "message": "over rate limit" }, payload={ "id": 10942, "jsonrpc": "2.0", "method": "eth_getBlockByNumber", "params": [ "0x2c3b767", true ] }, code=UNKNOWN_ERROR, version=6.17.0)
    at makeError (C:\Users\perum\OneDrive\Desktop\sidra\node_modules\ethers\src.ts\utils\errors.ts:698:21)
    at JsonRpcProvider.getRpcError (C:\Users\perum\OneDrive\Desktop\sidra\node_modules\ethers\src.ts\providers\provider-jsonrpc.ts:1086:25)
    at <anonymous> (C:\Users\perum\OneDrive\Desktop\sidra\node_modules\ethers\src.ts\providers\provider-jsonrpc.ts:571:45)
    at process.processTicksAndRejections (node:internal/process/task_queues:104:5)
[31m[Nest] 181104  - [39m04/09/2026, 10:22:53 pm [31m  ERROR[39m [38;5;3m[BlockchainService] [39m[31mFailed to scan ETH on BASE blocks 46380634-46385634[39m
Error: could not coalesce error (error={ "code": -32016, "message": "over rate limit" }, payload={ "id": 10943, "jsonrpc": "2.0", "method": "eth_getBlockByNumber", "params": [ "0x2c3b76c", true ] }, code=UNKNOWN_ERROR, version=6.17.0)
    at makeError (C:\Users\perum\OneDrive\Desktop\sidra\node_modules\ethers\src.ts\utils\errors.ts:698:21)
    at JsonRpcProvider.getRpcError (C:\Users\perum\OneDrive\Desktop\sidra\node_modules\ethers\src.ts\providers\provider-jsonrpc.ts:1086:25)
    at <anonymous> (C:\Users\perum\OneDrive\Desktop\sidra\node_modules\ethers\src.ts\providers\provider-jsonrpc.ts:571:45)
    at process.processTicksAndRejections (node:internal/process/task_queues:104:5)
[31m[Nest] 181104  - [39m04/09/2026, 10:22:53 pm [31m  ERROR[39m [38;5;3m[BlockchainService] [39m[31mFailed to scan ETH on BASE blocks 46380634-46385634[39m
Error: could not coalesce error (error={ "code": -32016, "message": "over rate limit" }, payload={ "id": 10943, "jsonrpc": "2.0", "method": "eth_getBlockByNumber", "params": [ "0x2c3b76c", true ] }, code=UNKNOWN_ERROR, version=6.17.0)
    at makeError (C:\Users\perum\OneDrive\Desktop\sidra\node_modules\ethers\src.ts\utils\errors.ts:698:21)
    at JsonRpcProvider.getRpcError (C:\Users\perum\OneDrive\Desktop\sidra\node_modules\ethers\src.ts\providers\provider-jsonrpc.ts:1086:25)
    at <anonymous> (C:\Users\perum\OneDrive\Desktop\sidra\node_modules\ethers\src.ts\providers\provider-jsonrpc.ts:571:45)
    at process.processTicksAndRejections (node:internal/process/task_queues:104:5)
[31m[Nest] 181104  - [39m04/09/2026, 10:22:53 pm [31m  ERROR[39m [38;5;3m[BlockchainService] [39m[31mFailed to scan ETH on BASE blocks 46380634-46385634[39m
Error: could not coalesce error (error={ "code": -32016, "message": "over rate limit" }, payload={ "id": 10943, "jsonrpc": "2.0", "method": "eth_getBlockByNumber", "params": [ "0x2c3b76c", true ] }, code=UNKNOWN_ERROR, version=6.17.0)
    at makeError (C:\Users\perum\OneDrive\Desktop\sidra\node_modules\ethers\src.ts\utils\errors.ts:698:21)
    at JsonRpcProvider.getRpcError (C:\Users\perum\OneDrive\Desktop\sidra\node_modules\ethers\src.ts\providers\provider-jsonrpc.ts:1086:25)
    at <anonymous> (C:\Users\perum\OneDrive\Desktop\sidra\node_modules\ethers\src.ts\providers\provider-jsonrpc.ts:571:45)
    at process.processTicksAndRejections (node:internal/process/task_queues:104:5)
[31m[Nest] 181104  - [39m04/09/2026, 10:22:53 pm [31m  ERROR[39m [38;5;3m[BlockchainService] [39m[31mFailed to scan ETH on BASE blocks 46380634-46385634[39m
Error: could not coalesce error (error={ "code": -32016, "message": "over rate limit" }, payload={ "id": 10943, "jsonrpc": "2.0", "method": "eth_getBlockByNumber", "params": [ "0x2c3b76c", true ] }, code=UNKNOWN_ERROR, version=6.17.0)
    at makeError (C:\Users\perum\OneDrive\Desktop\sidra\node_modules\ethers\src.ts\utils\errors.ts:698:21)
    at JsonRpcProvider.getRpcError (C:\Users\perum\OneDrive\Desktop\sidra\node_modules\ethers\src.ts\providers\provider-jsonrpc.ts:1086:25)
    at <anonymous> (C:\Users\perum\OneDrive\Desktop\sidra\node_modules\ethers\src.ts\providers\provider-jsonrpc.ts:571:45)
    at process.processTicksAndRejections (node:internal/process/task_queues:104:5)
[31m[Nest] 181104  - [39m04/09/2026, 10:22:53 pm [31m  ERROR[39m [38;5;3m[BlockchainService] [39m[31mFailed to scan ETH on BASE blocks 46380634-46385634[39m
Error: could not coalesce error (error={ "code": -32016, "message": "over rate limit" }, payload={ "id": 10943, "jsonrpc": "2.0", "method": "eth_getBlockByNumber", "params": [ "0x2c3b76c", true ] }, code=UNKNOWN_ERROR, version=6.17.0)
    at makeError (C:\Users\perum\OneDrive\Desktop\sidra\node_modules\ethers\src.ts\utils\errors.ts:698:21)
    at JsonRpcProvider.getRpcError (C:\Users\perum\OneDrive\Desktop\sidra\node_modules\ethers\src.ts\providers\provider-jsonrpc.ts:1086:25)
    at <anonymous> (C:\Users\perum\OneDrive\Desktop\sidra\node_modules\ethers\src.ts\providers\provider-jsonrpc.ts:571:45)
    at process.processTicksAndRejections (node:internal/process/task_queues:104:5)
[31m[Nest] 181104  - [39m04/09/2026, 10:22:53 pm [31m  ERROR[39m [38;5;3m[BlockchainService] [39m[31mFailed to scan ETH on BASE blocks 46380634-46385634[39m
Error: could not coalesce error (error={ "code": -32016, "message": "over rate limit" }, payload={ "id": 10943, "jsonrpc": "2.0", "method": "eth_getBlockByNumber", "params": [ "0x2c3b76c", true ] }, code=UNKNOWN_ERROR, version=6.17.0)
    at makeError (C:\Users\perum\OneDrive\Desktop\sidra\node_modules\ethers\src.ts\utils\errors.ts:698:21)
    at JsonRpcProvider.getRpcError (C:\Users\perum\OneDrive\Desktop\sidra\node_modules\ethers\src.ts\providers\provider-jsonrpc.ts:1086:25)
    at <anonymous> (C:\Users\perum\OneDrive\Desktop\sidra\node_modules\ethers\src.ts\providers\provider-jsonrpc.ts:571:45)
    at process.processTicksAndRejections (node:internal/process/task_queues:104:5)
[31m[Nest] 181104  - [39m04/09/2026, 10:22:53 pm [31m  ERROR[39m [38;5;3m[BlockchainService] [39m[31mFailed to scan ETH on BASE blocks 46380634-46385634[39m
Error: could not coalesce error (error={ "code": -32016, "message": "over rate limit" }, payload={ "id": 10943, "jsonrpc": "2.0", "method": "eth_getBlockByNumber", "params": [ "0x2c3b76c", true ] }, code=UNKNOWN_ERROR, version=6.17.0)
    at makeError (C:\Users\perum\OneDrive\Desktop\sidra\node_modules\ethers\src.ts\utils\errors.ts:698:21)
    at JsonRpcProvider.getRpcError (C:\Users\perum\OneDrive\Desktop\sidra\node_modules\ethers\src.ts\providers\provider-jsonrpc.ts:1086:25)
    at <anonymous> (C:\Users\perum\OneDrive\Desktop\sidra\node_modules\ethers\src.ts\providers\provider-jsonrpc.ts:571:45)
    at process.processTicksAndRejections (node:internal/process/task_queues:104:5)
[31m[Nest] 181104  - [39m04/09/2026, 10:22:57 pm [31m  ERROR[39m [38;5;3m[BlockchainService] [39m[31mFailed to scan USDT on BASE blocks 46379899-46384899[39m
Error: could not coalesce error (error={ "code": -32016, "message": "over rate limit" }, payload={ "id": 10984, "jsonrpc": "2.0", "method": "eth_getBlockByNumber", "params": [ "0x2c3b4de", true ] }, code=UNKNOWN_ERROR, version=6.17.0)
    at makeError (C:\Users\perum\OneDrive\Desktop\sidra\node_modules\ethers\src.ts\utils\errors.ts:698:21)
    at JsonRpcProvider.getRpcError (C:\Users\perum\OneDrive\Desktop\sidra\node_modules\ethers\src.ts\providers\provider-jsonrpc.ts:1086:25)
    at <anonymous> (C:\Users\perum\OneDrive\Desktop\sidra\node_modules\ethers\src.ts\providers\provider-jsonrpc.ts:571:45)
    at process.processTicksAndRejections (node:internal/process/task_queues:104:5)
[31m[Nest] 181104  - [39m04/09/2026, 10:22:57 pm [31m  ERROR[39m [38;5;3m[BlockchainService] [39m[31mFailed to scan USDT on BASE blocks 46379899-46384899[39m
Error: could not coalesce error (error={ "code": -32016, "message": "over rate limit" }, payload={ "id": 10984, "jsonrpc": "2.0", "method": "eth_getBlockByNumber", "params": [ "0x2c3b4de", true ] }, code=UNKNOWN_ERROR, version=6.17.0)
    at makeError (C:\Users\perum\OneDrive\Desktop\sidra\node_modules\ethers\src.ts\utils\errors.ts:698:21)
    at JsonRpcProvider.getRpcError (C:\Users\perum\OneDrive\Desktop\sidra\node_modules\ethers\src.ts\providers\provider-jsonrpc.ts:1086:25)
    at <anonymous> (C:\Users\perum\OneDrive\Desktop\sidra\node_modules\ethers\src.ts\providers\provider-jsonrpc.ts:571:45)
    at process.processTicksAndRejections (node:internal/process/task_queues:104:5)
[31m[Nest] 181104  - [39m04/09/2026, 10:22:57 pm [31m  ERROR[39m [38;5;3m[BlockchainService] [39m[31mFailed to scan USDT on BASE blocks 46379899-46384899[39m
Error: could not coalesce error (error={ "code": -32016, "message": "over rate limit" }, payload={ "id": 10984, "jsonrpc": "2.0", "method": "eth_getBlockByNumber", "params": [ "0x2c3b4de", true ] }, code=UNKNOWN_ERROR, version=6.17.0)
    at makeError (C:\Users\perum\OneDrive\Desktop\sidra\node_modules\ethers\src.ts\utils\errors.ts:698:21)
    at JsonRpcProvider.getRpcError (C:\Users\perum\OneDrive\Desktop\sidra\node_modules\ethers\src.ts\providers\provider-jsonrpc.ts:1086:25)
    at <anonymous> (C:\Users\perum\OneDrive\Desktop\sidra\node_modules\ethers\src.ts\providers\provider-jsonrpc.ts:571:45)
    at process.processTicksAndRejections (node:internal/process/task_queues:104:5)
[31m[Nest] 181104  - [39m04/09/2026, 10:22:57 pm [31m  ERROR[39m [38;5;3m[BlockchainService] [39m[31mFailed to scan USDT on BASE blocks 46379899-46384899[39m
Error: could not coalesce error (error={ "code": -32016, "message": "over rate limit" }, payload={ "id": 10984, "jsonrpc": "2.0", "method": "eth_getBlockByNumber", "params": [ "0x2c3b4de", true ] }, code=UNKNOWN_ERROR, version=6.17.0)
    at makeError (C:\Users\perum\OneDrive\Desktop\sidra\node_modules\ethers\src.ts\utils\errors.ts:698:21)
    at JsonRpcProvider.getRpcError (C:\Users\perum\OneDrive\Desktop\sidra\node_modules\ethers\src.ts\providers\provider-jsonrpc.ts:1086:25)
    at <anonymous> (C:\Users\perum\OneDrive\Desktop\sidra\node_modules\ethers\src.ts\providers\provider-jsonrpc.ts:571:45)
    at process.processTicksAndRejections (node:internal/process/task_queues:104:5)
[31m[Nest] 181104  - [39m04/09/2026, 10:22:57 pm [31m  ERROR[39m [38;5;3m[BlockchainService] [39m[31mFailed to scan USDT on BASE blocks 46379899-46384899[39m
Error: could not coalesce error (error={ "code": -32016, "message": "over rate limit" }, payload={ "id": 10984, "jsonrpc": "2.0", "method": "eth_getBlockByNumber", "params": [ "0x2c3b4de", true ] }, code=UNKNOWN_ERROR, version=6.17.0)
    at makeError (C:\Users\perum\OneDrive\Desktop\sidra\node_modules\ethers\src.ts\utils\errors.ts:698:21)
    at JsonRpcProvider.getRpcError (C:\Users\perum\OneDrive\Desktop\sidra\node_modules\ethers\src.ts\providers\provider-jsonrpc.ts:1086:25)
    at <anonymous> (C:\Users\perum\OneDrive\Desktop\sidra\node_modules\ethers\src.ts\providers\provider-jsonrpc.ts:571:45)
    at process.processTicksAndRejections (node:internal/process/task_queues:104:5)
[31m[Nest] 181104  - [39m04/09/2026, 10:22:57 pm [31m  ERROR[39m [38;5;3m[BlockchainService] [39m[31mFailed to scan USDT on BASE blocks 46379899-46384899[39m
Error: could not coalesce error (error={ "code": -32016, "message": "over rate limit" }, payload={ "id": 10984, "jsonrpc": "2.0", "method": "eth_getBlockByNumber", "params": [ "0x2c3b4de", true ] }, code=UNKNOWN_ERROR, version=6.17.0)
    at makeError (C:\Users\perum\OneDrive\Desktop\sidra\node_modules\ethers\src.ts\utils\errors.ts:698:21)
    at JsonRpcProvider.getRpcError (C:\Users\perum\OneDrive\Desktop\sidra\node_modules\ethers\src.ts\providers\provider-jsonrpc.ts:1086:25)
    at <anonymous> (C:\Users\perum\OneDrive\Desktop\sidra\node_modules\ethers\src.ts\providers\provider-jsonrpc.ts:571:45)
    at process.processTicksAndRejections (node:internal/process/task_queues:104:5)
[31m[Nest] 181104  - [39m04/09/2026, 10:22:57 pm [31m  ERROR[39m [38;5;3m[BlockchainService] [39m[31mFailed to scan USDT on BASE blocks 46379899-46384899[39m
Error: could not coalesce error (error={ "code": -32016, "message": "over rate limit" }, payload={ "id": 10984, "jsonrpc": "2.0", "method": "eth_getBlockByNumber", "params": [ "0x2c3b4de", true ] }, code=UNKNOWN_ERROR, version=6.17.0)
    at makeError (C:\Users\perum\OneDrive\Desktop\sidra\node_modules\ethers\src.ts\utils\errors.ts:698:21)
    at JsonRpcProvider.getRpcError (C:\Users\perum\OneDrive\Desktop\sidra\node_modules\ethers\src.ts\providers\provider-jsonrpc.ts:1086:25)
    at <anonymous> (C:\Users\perum\OneDrive\Desktop\sidra\node_modules\ethers\src.ts\providers\provider-jsonrpc.ts:571:45)
    at process.processTicksAndRejections (node:internal/process/task_queues:104:5)
[31m[Nest] 181104  - [39m04/09/2026, 10:22:57 pm [31m  ERROR[39m [38;5;3m[BlockchainService] [39m[31mFailed to scan USDT on BASE blocks 46379915-46384915[39m
Error: could not coalesce error (error={ "code": -32016, "message": "over rate limit" }, payload={ "id": 10985, "jsonrpc": "2.0", "method": "eth_getBlockByNumber", "params": [ "0x2c3b4ee", true ] }, code=UNKNOWN_ERROR, version=6.17.0)
    at makeError (C:\Users\perum\OneDrive\Desktop\sidra\node_modules\ethers\src.ts\utils\errors.ts:698:21)
    at JsonRpcProvider.getRpcError (C:\Users\perum\OneDrive\Desktop\sidra\node_modules\ethers\src.ts\providers\provider-jsonrpc.ts:1086:25)
    at <anonymous> (C:\Users\perum\OneDrive\Desktop\sidra\node_modules\ethers\src.ts\providers\provider-jsonrpc.ts:571:45)
    at process.processTicksAndRejections (node:internal/process/task_queues:104:5)
[31m[Nest] 181104  - [39m04/09/2026, 10:22:57 pm [31m  ERROR[39m [38;5;3m[BlockchainService] [39m[31mFailed to scan USDT on BASE blocks 46379915-46384915[39m
Error: could not coalesce error (error={ "code": -32016, "message": "over rate limit" }, payload={ "id": 10985, "jsonrpc": "2.0", "method": "eth_getBlockByNumber", "params": [ "0x2c3b4ee", true ] }, code=UNKNOWN_ERROR, version=6.17.0)
    at makeError (C:\Users\perum\OneDrive\Desktop\sidra\node_modules\ethers\src.ts\utils\errors.ts:698:21)
    at JsonRpcProvider.getRpcError (C:\Users\perum\OneDrive\Desktop\sidra\node_modules\ethers\src.ts\providers\provider-jsonrpc.ts:1086:25)
    at <anonymous> (C:\Users\perum\OneDrive\Desktop\sidra\node_modules\ethers\src.ts\providers\provider-jsonrpc.ts:571:45)
    at process.processTicksAndRejections (node:internal/process/task_queues:104:5)
[31m[Nest] 181104  - [39m04/09/2026, 10:22:57 pm [31m  ERROR[39m [38;5;3m[BlockchainService] [39m[31mFailed to scan USDT on BASE blocks 46379915-46384915[39m
Error: could not coalesce error (error={ "code": -32016, "message": "over rate limit" }, payload={ "id": 10985, "jsonrpc": "2.0", "method": "eth_getBlockByNumber", "params": [ "0x2c3b4ee", true ] }, code=UNKNOWN_ERROR, version=6.17.0)
    at makeError (C:\Users\perum\OneDrive\Desktop\sidra\node_modules\ethers\src.ts\utils\errors.ts:698:21)
    at JsonRpcProvider.getRpcError (C:\Users\perum\OneDrive\Desktop\sidra\node_modules\ethers\src.ts\providers\provider-jsonrpc.ts:1086:25)
    at <anonymous> (C:\Users\perum\OneDrive\Desktop\sidra\node_modules\ethers\src.ts\providers\provider-jsonrpc.ts:571:45)
    at process.processTicksAndRejections (node:internal/process/task_queues:104:5)
[31m[Nest] 181104  - [39m04/09/2026, 10:22:57 pm [31m  ERROR[39m [38;5;3m[BlockchainService] [39m[31mFailed to scan USDT on BASE blocks 46379915-46384915[39m
Error: could not coalesce error (error={ "code": -32016, "message": "over rate limit" }, payload={ "id": 10985, "jsonrpc": "2.0", "method": "eth_getBlockByNumber", "params": [ "0x2c3b4ee", true ] }, code=UNKNOWN_ERROR, version=6.17.0)
    at makeError (C:\Users\perum\OneDrive\Desktop\sidra\node_modules\ethers\src.ts\utils\errors.ts:698:21)
    at JsonRpcProvider.getRpcError (C:\Users\perum\OneDrive\Desktop\sidra\node_modules\ethers\src.ts\providers\provider-jsonrpc.ts:1086:25)
    at <anonymous> (C:\Users\perum\OneDrive\Desktop\sidra\node_modules\ethers\src.ts\providers\provider-jsonrpc.ts:571:45)
    at process.processTicksAndRejections (node:internal/process/task_queues:104:5)
[31m[Nest] 181104  - [39m04/09/2026, 10:22:57 pm [31m  ERROR[39m [38;5;3m[BlockchainService] [39m[31mFailed to scan USDT on BASE blocks 46379915-46384915[39m
Error: could not coalesce error (error={ "code": -32016, "message": "over rate limit" }, payload={ "id": 10985, "jsonrpc": "2.0", "method": "eth_getBlockByNumber", "params": [ "0x2c3b4ee", true ] }, code=UNKNOWN_ERROR, version=6.17.0)
    at makeError (C:\Users\perum\OneDrive\Desktop\sidra\node_modules\ethers\src.ts\utils\errors.ts:698:21)
    at JsonRpcProvider.getRpcError (C:\Users\perum\OneDrive\Desktop\sidra\node_modules\ethers\src.ts\providers\provider-jsonrpc.ts:1086:25)
    at <anonymous> (C:\Users\perum\OneDrive\Desktop\sidra\node_modules\ethers\src.ts\providers\provider-jsonrpc.ts:571:45)
    at process.processTicksAndRejections (node:internal/process/task_queues:104:5)
[31m[Nest] 181104  - [39m04/09/2026, 10:22:57 pm [31m  ERROR[39m [38;5;3m[BlockchainService] [39m[31mFailed to scan USDT on BASE blocks 46379915-46384915[39m
Error: could not coalesce error (error={ "code": -32016, "message": "over rate limit" }, payload={ "id": 10985, "jsonrpc": "2.0", "method": "eth_getBlockByNumber", "params": [ "0x2c3b4ee", true ] }, code=UNKNOWN_ERROR, version=6.17.0)
    at makeError (C:\Users\perum\OneDrive\Desktop\sidra\node_modules\ethers\src.ts\utils\errors.ts:698:21)
    at JsonRpcProvider.getRpcError (C:\Users\perum\OneDrive\Desktop\sidra\node_modules\ethers\src.ts\providers\provider-jsonrpc.ts:1086:25)
    at <anonymous> (C:\Users\perum\OneDrive\Desktop\sidra\node_modules\ethers\src.ts\providers\provider-jsonrpc.ts:571:45)
    at process.processTicksAndRejections (node:internal/process/task_queues:104:5)
[31m[Nest] 181104  - [39m04/09/2026, 10:22:57 pm [31m  ERROR[39m [38;5;3m[BlockchainService] [39m[31mFailed to scan USDT on BASE blocks 46379915-46384915[39m
Error: could not coalesce error (error={ "code": -32016, "message": "over rate limit" }, payload={ "id": 10985, "jsonrpc": "2.0", "method": "eth_getBlockByNumber", "params": [ "0x2c3b4ee", true ] }, code=UNKNOWN_ERROR, version=6.17.0)
    at makeError (C:\Users\perum\OneDrive\Desktop\sidra\node_modules\ethers\src.ts\utils\errors.ts:698:21)
    at JsonRpcProvider.getRpcError (C:\Users\perum\OneDrive\Desktop\sidra\node_modules\ethers\src.ts\providers\provider-jsonrpc.ts:1086:25)
    at <anonymous> (C:\Users\perum\OneDrive\Desktop\sidra\node_modules\ethers\src.ts\providers\provider-jsonrpc.ts:571:45)
    at process.processTicksAndRejections (node:internal/process/task_queues:104:5)
[31m[Nest] 181104  - [39m04/09/2026, 10:22:57 pm [31m  ERROR[39m [38;5;3m[BlockchainService] [39m[31mFailed to scan ETH on BASE blocks 46380573-46385573[39m
Error: could not coalesce error (error={ "code": -32016, "message": "over rate limit" }, payload={ "id": 10986, "jsonrpc": "2.0", "method": "eth_getBlockByNumber", "params": [ "0x2c3b75f", true ] }, code=UNKNOWN_ERROR, version=6.17.0)
    at makeError (C:\Users\perum\OneDrive\Desktop\sidra\node_modules\ethers\src.ts\utils\errors.ts:698:21)
    at JsonRpcProvider.getRpcError (C:\Users\perum\OneDrive\Desktop\sidra\node_modules\ethers\src.ts\providers\provider-jsonrpc.ts:1086:25)
    at <anonymous> (C:\Users\perum\OneDrive\Desktop\sidra\node_modules\ethers\src.ts\providers\provider-jsonrpc.ts:571:45)
    at process.processTicksAndRejections (node:internal/process/task_queues:104:5)
[31m[Nest] 181104  - [39m04/09/2026, 10:22:57 pm [31m  ERROR[39m [38;5;3m[BlockchainService] [39m[31mFailed to scan ETH on BASE blocks 46380573-46385573[39m
Error: could not coalesce error (error={ "code": -32016, "message": "over rate limit" }, payload={ "id": 10986, "jsonrpc": "2.0", "method": "eth_getBlockByNumber", "params": [ "0x2c3b75f", true ] }, code=UNKNOWN_ERROR, version=6.17.0)
    at makeError (C:\Users\perum\OneDrive\Desktop\sidra\node_modules\ethers\src.ts\utils\errors.ts:698:21)
    at JsonRpcProvider.getRpcError (C:\Users\perum\OneDrive\Desktop\sidra\node_modules\ethers\src.ts\providers\provider-jsonrpc.ts:1086:25)
    at <anonymous> (C:\Users\perum\OneDrive\Desktop\sidra\node_modules\ethers\src.ts\providers\provider-jsonrpc.ts:571:45)
    at process.processTicksAndRejections (node:internal/process/task_queues:104:5)
[31m[Nest] 181104  - [39m04/09/2026, 10:22:57 pm [31m  ERROR[39m [38;5;3m[BlockchainService] [39m[31mFailed to scan ETH on BASE blocks 46380573-46385573[39m
Error: could not coalesce error (error={ "code": -32016, "message": "over rate limit" }, payload={ "id": 10986, "jsonrpc": "2.0", "method": "eth_getBlockByNumber", "params": [ "0x2c3b75f", true ] }, code=UNKNOWN_ERROR, version=6.17.0)
    at makeError (C:\Users\perum\OneDrive\Desktop\sidra\node_modules\ethers\src.ts\utils\errors.ts:698:21)
    at JsonRpcProvider.getRpcError (C:\Users\perum\OneDrive\Desktop\sidra\node_modules\ethers\src.ts\providers\provider-jsonrpc.ts:1086:25)
    at <anonymous> (C:\Users\perum\OneDrive\Desktop\sidra\node_modules\ethers\src.ts\providers\provider-jsonrpc.ts:571:45)
    at process.processTicksAndRejections (node:internal/process/task_queues:104:5)
[31m[Nest] 181104  - [39m04/09/2026, 10:22:57 pm [31m  ERROR[39m [38;5;3m[BlockchainService] [39m[31mFailed to scan ETH on BASE blocks 46380573-46385573[39m
Error: could not coalesce error (error={ "code": -32016, "message": "over rate limit" }, payload={ "id": 10986, "jsonrpc": "2.0", "method": "eth_getBlockByNumber", "params": [ "0x2c3b75f", true ] }, code=UNKNOWN_ERROR, version=6.17.0)
    at makeError (C:\Users\perum\OneDrive\Desktop\sidra\node_modules\ethers\src.ts\utils\errors.ts:698:21)
    at JsonRpcProvider.getRpcError (C:\Users\perum\OneDrive\Desktop\sidra\node_modules\ethers\src.ts\providers\provider-jsonrpc.ts:1086:25)
    at <anonymous> (C:\Users\perum\OneDrive\Desktop\sidra\node_modules\ethers\src.ts\providers\provider-jsonrpc.ts:571:45)
    at process.processTicksAndRejections (node:internal/process/task_queues:104:5)
[31m[Nest] 181104  - [39m04/09/2026, 10:22:57 pm [31m  ERROR[39m [38;5;3m[BlockchainService] [39m[31mFailed to scan ETH on BASE blocks 46380573-46385573[39m
Error: could not coalesce error (error={ "code": -32016, "message": "over rate limit" }, payload={ "id": 10986, "jsonrpc": "2.0", "method": "eth_getBlockByNumber", "params": [ "0x2c3b75f", true ] }, code=UNKNOWN_ERROR, version=6.17.0)
    at makeError (C:\Users\perum\OneDrive\Desktop\sidra\node_modules\ethers\src.ts\utils\errors.ts:698:21)
    at JsonRpcProvider.getRpcError (C:\Users\perum\OneDrive\Desktop\sidra\node_modules\ethers\src.ts\providers\provider-jsonrpc.ts:1086:25)
    at <anonymous> (C:\Users\perum\OneDrive\Desktop\sidra\node_modules\ethers\src.ts\providers\provider-jsonrpc.ts:571:45)
    at process.processTicksAndRejections (node:internal/process/task_queues:104:5)
[31m[Nest] 181104  - [39m04/09/2026, 10:22:57 pm [31m  ERROR[39m [38;5;3m[BlockchainService] [39m[31mFailed to scan ETH on BASE blocks 46380573-46385573[39m
Error: could not coalesce error (error={ "code": -32016, "message": "over rate limit" }, payload={ "id": 10986, "jsonrpc": "2.0", "method": "eth_getBlockByNumber", "params": [ "0x2c3b75f", true ] }, code=UNKNOWN_ERROR, version=6.17.0)
    at makeError (C:\Users\perum\OneDrive\Desktop\sidra\node_modules\ethers\src.ts\utils\errors.ts:698:21)
    at JsonRpcProvider.getRpcError (C:\Users\perum\OneDrive\Desktop\sidra\node_modules\ethers\src.ts\providers\provider-jsonrpc.ts:1086:25)
    at <anonymous> (C:\Users\perum\OneDrive\Desktop\sidra\node_modules\ethers\src.ts\providers\provider-jsonrpc.ts:571:45)
    at process.processTicksAndRejections (node:internal/process/task_queues:104:5)
[31m[Nest] 181104  - [39m04/09/2026, 10:22:57 pm [31m  ERROR[39m [38;5;3m[BlockchainService] [39m[31mFailed to scan ETH on BASE blocks 46380573-46385573[39m
Error: could not coalesce error (error={ "code": -32016, "message": "over rate limit" }, payload={ "id": 10986, "jsonrpc": "2.0", "method": "eth_getBlockByNumber", "params": [ "0x2c3b75f", true ] }, code=UNKNOWN_ERROR, version=6.17.0)
    at makeError (C:\Users\perum\OneDrive\Desktop\sidra\node_modules\ethers\src.ts\utils\errors.ts:698:21)
    at JsonRpcProvider.getRpcError (C:\Users\perum\OneDrive\Desktop\sidra\node_modules\ethers\src.ts\providers\provider-jsonrpc.ts:1086:25)
    at <anonymous> (C:\Users\perum\OneDrive\Desktop\sidra\node_modules\ethers\src.ts\providers\provider-jsonrpc.ts:571:45)
    at process.processTicksAndRejections (node:internal/process/task_queues:104:5)
[31m[Nest] 181104  - [39m04/09/2026, 10:23:13 pm [31m  ERROR[39m [38;5;3m[DepositsService] [39m[31mDeposit poller error on BASE[39m
Error: could not coalesce error (error={ "code": -32016, "message": "over rate limit" }, payload={ "id": 11030, "jsonrpc": "2.0", "method": "eth_blockNumber", "params": [  ] }, code=UNKNOWN_ERROR, version=6.17.0)
    at makeError (C:\Users\perum\OneDrive\Desktop\sidra\node_modules\ethers\src.ts\utils\errors.ts:698:21)
    at JsonRpcProvider.getRpcError (C:\Users\perum\OneDrive\Desktop\sidra\node_modules\ethers\src.ts\providers\provider-jsonrpc.ts:1086:25)
    at <anonymous> (C:\Users\perum\OneDrive\Desktop\sidra\node_modules\ethers\src.ts\providers\provider-jsonrpc.ts:571:45)
    at process.processTicksAndRejections (node:internal/process/task_queues:104:5)
[31m[Nest] 181104  - [39m04/09/2026, 10:23:15 pm [31m  ERROR[39m [38;5;3m[BlockchainService] [39m[31mFailed to scan USDT on BASE blocks 46379854-46384854[39m
Error: could not coalesce error (error={ "code": -32016, "message": "over rate limit" }, payload={ "id": 11027, "jsonrpc": "2.0", "method": "eth_getBlockByNumber", "params": [ "0x2c3b4b2", true ] }, code=UNKNOWN_ERROR, version=6.17.0)
    at makeError (C:\Users\perum\OneDrive\Desktop\sidra\node_modules\ethers\src.ts\utils\errors.ts:698:21)
    at JsonRpcProvider.getRpcError (C:\Users\perum\OneDrive\Desktop\sidra\node_modules\ethers\src.ts\providers\provider-jsonrpc.ts:1086:25)
    at <anonymous> (C:\Users\perum\OneDrive\Desktop\sidra\node_modules\ethers\src.ts\providers\provider-jsonrpc.ts:571:45)
    at process.processTicksAndRejections (node:internal/process/task_queues:104:5)
[31m[Nest] 181104  - [39m04/09/2026, 10:23:15 pm [31m  ERROR[39m [38;5;3m[BlockchainService] [39m[31mFailed to scan USDT on BASE blocks 46379854-46384854[39m
Error: could not coalesce error (error={ "code": -32016, "message": "over rate limit" }, payload={ "id": 11027, "jsonrpc": "2.0", "method": "eth_getBlockByNumber", "params": [ "0x2c3b4b2", true ] }, code=UNKNOWN_ERROR, version=6.17.0)
    at makeError (C:\Users\perum\OneDrive\Desktop\sidra\node_modules\ethers\src.ts\utils\errors.ts:698:21)
    at JsonRpcProvider.getRpcError (C:\Users\perum\OneDrive\Desktop\sidra\node_modules\ethers\src.ts\providers\provider-jsonrpc.ts:1086:25)
    at <anonymous> (C:\Users\perum\OneDrive\Desktop\sidra\node_modules\ethers\src.ts\providers\provider-jsonrpc.ts:571:45)
    at process.processTicksAndRejections (node:internal/process/task_queues:104:5)
[31m[Nest] 181104  - [39m04/09/2026, 10:23:15 pm [31m  ERROR[39m [38;5;3m[BlockchainService] [39m[31mFailed to scan USDT on BASE blocks 46379854-46384854[39m
Error: could not coalesce error (error={ "code": -32016, "message": "over rate limit" }, payload={ "id": 11027, "jsonrpc": "2.0", "method": "eth_getBlockByNumber", "params": [ "0x2c3b4b2", true ] }, code=UNKNOWN_ERROR, version=6.17.0)
    at makeError (C:\Users\perum\OneDrive\Desktop\sidra\node_modules\ethers\src.ts\utils\errors.ts:698:21)
    at JsonRpcProvider.getRpcError (C:\Users\perum\OneDrive\Desktop\sidra\node_modules\ethers\src.ts\providers\provider-jsonrpc.ts:1086:25)
    at <anonymous> (C:\Users\perum\OneDrive\Desktop\sidra\node_modules\ethers\src.ts\providers\provider-jsonrpc.ts:571:45)
    at process.processTicksAndRejections (node:internal/process/task_queues:104:5)
[31m[Nest] 181104  - [39m04/09/2026, 10:23:15 pm [31m  ERROR[39m [38;5;3m[BlockchainService] [39m[31mFailed to scan USDT on BASE blocks 46379854-46384854[39m
Error: could not coalesce error (error={ "code": -32016, "message": "over rate limit" }, payload={ "id": 11027, "jsonrpc": "2.0", "method": "eth_getBlockByNumber", "params": [ "0x2c3b4b2", true ] }, code=UNKNOWN_ERROR, version=6.17.0)
    at makeError (C:\Users\perum\OneDrive\Desktop\sidra\node_modules\ethers\src.ts\utils\errors.ts:698:21)
    at JsonRpcProvider.getRpcError (C:\Users\perum\OneDrive\Desktop\sidra\node_modules\ethers\src.ts\providers\provider-jsonrpc.ts:1086:25)
    at <anonymous> (C:\Users\perum\OneDrive\Desktop\sidra\node_modules\ethers\src.ts\providers\provider-jsonrpc.ts:571:45)
    at process.processTicksAndRejections (node:internal/process/task_queues:104:5)
[31m[Nest] 181104  - [39m04/09/2026, 10:23:15 pm [31m  ERROR[39m [38;5;3m[BlockchainService] [39m[31mFailed to scan USDT on BASE blocks 46379854-46384854[39m
Error: could not coalesce error (error={ "code": -32016, "message": "over rate limit" }, payload={ "id": 11027, "jsonrpc": "2.0", "method": "eth_getBlockByNumber", "params": [ "0x2c3b4b2", true ] }, code=UNKNOWN_ERROR, version=6.17.0)
    at makeError (C:\Users\perum\OneDrive\Desktop\sidra\node_modules\ethers\src.ts\utils\errors.ts:698:21)
    at JsonRpcProvider.getRpcError (C:\Users\perum\OneDrive\Desktop\sidra\node_modules\ethers\src.ts\providers\provider-jsonrpc.ts:1086:25)
    at <anonymous> (C:\Users\perum\OneDrive\Desktop\sidra\node_modules\ethers\src.ts\providers\provider-jsonrpc.ts:571:45)
    at process.processTicksAndRejections (node:internal/process/task_queues:104:5)
[31m[Nest] 181104  - [39m04/09/2026, 10:23:15 pm [31m  ERROR[39m [38;5;3m[BlockchainService] [39m[31mFailed to scan USDT on BASE blocks 46379854-46384854[39m
Error: could not coalesce error (error={ "code": -32016, "message": "over rate limit" }, payload={ "id": 11027, "jsonrpc": "2.0", "method": "eth_getBlockByNumber", "params": [ "0x2c3b4b2", true ] }, code=UNKNOWN_ERROR, version=6.17.0)
    at makeError (C:\Users\perum\OneDrive\Desktop\sidra\node_modules\ethers\src.ts\utils\errors.ts:698:21)
    at JsonRpcProvider.getRpcError (C:\Users\perum\OneDrive\Desktop\sidra\node_modules\ethers\src.ts\providers\provider-jsonrpc.ts:1086:25)
    at <anonymous> (C:\Users\perum\OneDrive\Desktop\sidra\node_modules\ethers\src.ts\providers\provider-jsonrpc.ts:571:45)
    at process.processTicksAndRejections (node:internal/process/task_queues:104:5)
[31m[Nest] 181104  - [39m04/09/2026, 10:23:15 pm [31m  ERROR[39m [38;5;3m[BlockchainService] [39m[31mFailed to scan USDT on BASE blocks 46379854-46384854[39m
Error: could not coalesce error (error={ "code": -32016, "message": "over rate limit" }, payload={ "id": 11027, "jsonrpc": "2.0", "method": "eth_getBlockByNumber", "params": [ "0x2c3b4b2", true ] }, code=UNKNOWN_ERROR, version=6.17.0)
    at makeError (C:\Users\perum\OneDrive\Desktop\sidra\node_modules\ethers\src.ts\utils\errors.ts:698:21)
    at JsonRpcProvider.getRpcError (C:\Users\perum\OneDrive\Desktop\sidra\node_modules\ethers\src.ts\providers\provider-jsonrpc.ts:1086:25)
    at <anonymous> (C:\Users\perum\OneDrive\Desktop\sidra\node_modules\ethers\src.ts\providers\provider-jsonrpc.ts:571:45)
    at process.processTicksAndRejections (node:internal/process/task_queues:104:5)
[31m[Nest] 181104  - [39m04/09/2026, 10:23:15 pm [31m  ERROR[39m [38;5;3m[BlockchainService] [39m[31mFailed to scan USDT on BASE blocks 46379869-46384869[39m
Error: could not coalesce error (error={ "code": -32016, "message": "over rate limit" }, payload={ "id": 11028, "jsonrpc": "2.0", "method": "eth_getBlockByNumber", "params": [ "0x2c3b4c1", true ] }, code=UNKNOWN_ERROR, version=6.17.0)
    at makeError (C:\Users\perum\OneDrive\Desktop\sidra\node_modules\ethers\src.ts\utils\errors.ts:698:21)
    at JsonRpcProvider.getRpcError (C:\Users\perum\OneDrive\Desktop\sidra\node_modules\ethers\src.ts\providers\provider-jsonrpc.ts:1086:25)
    at <anonymous> (C:\Users\perum\OneDrive\Desktop\sidra\node_modules\ethers\src.ts\providers\provider-jsonrpc.ts:571:45)
    at process.processTicksAndRejections (node:internal/process/task_queues:104:5)
[31m[Nest] 181104  - [39m04/09/2026, 10:23:15 pm [31m  ERROR[39m [38;5;3m[BlockchainService] [39m[31mFailed to scan USDT on BASE blocks 46379869-46384869[39m
Error: could not coalesce error (error={ "code": -32016, "message": "over rate limit" }, payload={ "id": 11028, "jsonrpc": "2.0", "method": "eth_getBlockByNumber", "params": [ "0x2c3b4c1", true ] }, code=UNKNOWN_ERROR, version=6.17.0)
    at makeError (C:\Users\perum\OneDrive\Desktop\sidra\node_modules\ethers\src.ts\utils\errors.ts:698:21)
    at JsonRpcProvider.getRpcError (C:\Users\perum\OneDrive\Desktop\sidra\node_modules\ethers\src.ts\providers\provider-jsonrpc.ts:1086:25)
    at <anonymous> (C:\Users\perum\OneDrive\Desktop\sidra\node_modules\ethers\src.ts\providers\provider-jsonrpc.ts:571:45)
    at process.processTicksAndRejections (node:internal/process/task_queues:104:5)
[31m[Nest] 181104  - [39m04/09/2026, 10:23:15 pm [31m  ERROR[39m [38;5;3m[BlockchainService] [39m[31mFailed to scan USDT on BASE blocks 46379869-46384869[39m
Error: could not coalesce error (error={ "code": -32016, "message": "over rate limit" }, payload={ "id": 11028, "jsonrpc": "2.0", "method": "eth_getBlockByNumber", "params": [ "0x2c3b4c1", true ] }, code=UNKNOWN_ERROR, version=6.17.0)
    at makeError (C:\Users\perum\OneDrive\Desktop\sidra\node_modules\ethers\src.ts\utils\errors.ts:698:21)
    at JsonRpcProvider.getRpcError (C:\Users\perum\OneDrive\Desktop\sidra\node_modules\ethers\src.ts\providers\provider-jsonrpc.ts:1086:25)
    at <anonymous> (C:\Users\perum\OneDrive\Desktop\sidra\node_modules\ethers\src.ts\providers\provider-jsonrpc.ts:571:45)
    at process.processTicksAndRejections (node:internal/process/task_queues:104:5)
[31m[Nest] 181104  - [39m04/09/2026, 10:23:15 pm [31m  ERROR[39m [38;5;3m[BlockchainService] [39m[31mFailed to scan USDT on BASE blocks 46379869-46384869[39m
Error: could not coalesce error (error={ "code": -32016, "message": "over rate limit" }, payload={ "id": 11028, "jsonrpc": "2.0", "method": "eth_getBlockByNumber", "params": [ "0x2c3b4c1", true ] }, code=UNKNOWN_ERROR, version=6.17.0)
    at makeError (C:\Users\perum\OneDrive\Desktop\sidra\node_modules\ethers\src.ts\utils\errors.ts:698:21)
    at JsonRpcProvider.getRpcError (C:\Users\perum\OneDrive\Desktop\sidra\node_modules\ethers\src.ts\providers\provider-jsonrpc.ts:1086:25)
    at <anonymous> (C:\Users\perum\OneDrive\Desktop\sidra\node_modules\ethers\src.ts\providers\provider-jsonrpc.ts:571:45)
    at process.processTicksAndRejections (node:internal/process/task_queues:104:5)
[31m[Nest] 181104  - [39m04/09/2026, 10:23:15 pm [31m  ERROR[39m [38;5;3m[BlockchainService] [39m[31mFailed to scan USDT on BASE blocks 46379869-46384869[39m
Error: could not coalesce error (error={ "code": -32016, "message": "over rate limit" }, payload={ "id": 11028, "jsonrpc": "2.0", "method": "eth_getBlockByNumber", "params": [ "0x2c3b4c1", true ] }, code=UNKNOWN_ERROR, version=6.17.0)
    at makeError (C:\Users\perum\OneDrive\Desktop\sidra\node_modules\ethers\src.ts\utils\errors.ts:698:21)
    at JsonRpcProvider.getRpcError (C:\Users\perum\OneDrive\Desktop\sidra\node_modules\ethers\src.ts\providers\provider-jsonrpc.ts:1086:25)
    at <anonymous> (C:\Users\perum\OneDrive\Desktop\sidra\node_modules\ethers\src.ts\providers\provider-jsonrpc.ts:571:45)
    at process.processTicksAndRejections (node:internal/process/task_queues:104:5)
[31m[Nest] 181104  - [39m04/09/2026, 10:23:15 pm [31m  ERROR[39m [38;5;3m[BlockchainService] [39m[31mFailed to scan USDT on BASE blocks 46379869-46384869[39m
Error: could not coalesce error (error={ "code": -32016, "message": "over rate limit" }, payload={ "id": 11028, "jsonrpc": "2.0", "method": "eth_getBlockByNumber", "params": [ "0x2c3b4c1", true ] }, code=UNKNOWN_ERROR, version=6.17.0)
    at makeError (C:\Users\perum\OneDrive\Desktop\sidra\node_modules\ethers\src.ts\utils\errors.ts:698:21)
    at JsonRpcProvider.getRpcError (C:\Users\perum\OneDrive\Desktop\sidra\node_modules\ethers\src.ts\providers\provider-jsonrpc.ts:1086:25)
    at <anonymous> (C:\Users\perum\OneDrive\Desktop\sidra\node_modules\ethers\src.ts\providers\provider-jsonrpc.ts:571:45)
    at process.processTicksAndRejections (node:internal/process/task_queues:104:5)
[31m[Nest] 181104  - [39m04/09/2026, 10:23:15 pm [31m  ERROR[39m [38;5;3m[BlockchainService] [39m[31mFailed to scan USDT on BASE blocks 46379869-46384869[39m
Error: could not coalesce error (error={ "code": -32016, "message": "over rate limit" }, payload={ "id": 11028, "jsonrpc": "2.0", "method": "eth_getBlockByNumber", "params": [ "0x2c3b4c1", true ] }, code=UNKNOWN_ERROR, version=6.17.0)
    at makeError (C:\Users\perum\OneDrive\Desktop\sidra\node_modules\ethers\src.ts\utils\errors.ts:698:21)
    at JsonRpcProvider.getRpcError (C:\Users\perum\OneDrive\Desktop\sidra\node_modules\ethers\src.ts\providers\provider-jsonrpc.ts:1086:25)
    at <anonymous> (C:\Users\perum\OneDrive\Desktop\sidra\node_modules\ethers\src.ts\providers\provider-jsonrpc.ts:571:45)
    at process.processTicksAndRejections (node:internal/process/task_queues:104:5)
[31m[Nest] 181104  - [39m04/09/2026, 10:23:15 pm [31m  ERROR[39m [38;5;3m[BlockchainService] [39m[31mFailed to scan USDT on BASE blocks 46379884-46384884[39m
Error: could not coalesce error (error={ "code": -32016, "message": "over rate limit" }, payload={ "id": 11029, "jsonrpc": "2.0", "method": "eth_getBlockByNumber", "params": [ "0x2c3b4d0", true ] }, code=UNKNOWN_ERROR, version=6.17.0)
    at makeError (C:\Users\perum\OneDrive\Desktop\sidra\node_modules\ethers\src.ts\utils\errors.ts:698:21)
    at JsonRpcProvider.getRpcError (C:\Users\perum\OneDrive\Desktop\sidra\node_modules\ethers\src.ts\providers\provider-jsonrpc.ts:1086:25)
    at <anonymous> (C:\Users\perum\OneDrive\Desktop\sidra\node_modules\ethers\src.ts\providers\provider-jsonrpc.ts:571:45)
    at process.processTicksAndRejections (node:internal/process/task_queues:104:5)
[31m[Nest] 181104  - [39m04/09/2026, 10:23:15 pm [31m  ERROR[39m [38;5;3m[BlockchainService] [39m[31mFailed to scan USDT on BASE blocks 46379884-46384884[39m
Error: could not coalesce error (error={ "code": -32016, "message": "over rate limit" }, payload={ "id": 11029, "jsonrpc": "2.0", "method": "eth_getBlockByNumber", "params": [ "0x2c3b4d0", true ] }, code=UNKNOWN_ERROR, version=6.17.0)
    at makeError (C:\Users\perum\OneDrive\Desktop\sidra\node_modules\ethers\src.ts\utils\errors.ts:698:21)
    at JsonRpcProvider.getRpcError (C:\Users\perum\OneDrive\Desktop\sidra\node_modules\ethers\src.ts\providers\provider-jsonrpc.ts:1086:25)
    at <anonymous> (C:\Users\perum\OneDrive\Desktop\sidra\node_modules\ethers\src.ts\providers\provider-jsonrpc.ts:571:45)
    at process.processTicksAndRejections (node:internal/process/task_queues:104:5)
[31m[Nest] 181104  - [39m04/09/2026, 10:23:15 pm [31m  ERROR[39m [38;5;3m[BlockchainService] [39m[31mFailed to scan USDT on BASE blocks 46379884-46384884[39m
Error: could not coalesce error (error={ "code": -32016, "message": "over rate limit" }, payload={ "id": 11029, "jsonrpc": "2.0", "method": "eth_getBlockByNumber", "params": [ "0x2c3b4d0", true ] }, code=UNKNOWN_ERROR, version=6.17.0)
    at makeError (C:\Users\perum\OneDrive\Desktop\sidra\node_modules\ethers\src.ts\utils\errors.ts:698:21)
    at JsonRpcProvider.getRpcError (C:\Users\perum\OneDrive\Desktop\sidra\node_modules\ethers\src.ts\providers\provider-jsonrpc.ts:1086:25)
    at <anonymous> (C:\Users\perum\OneDrive\Desktop\sidra\node_modules\ethers\src.ts\providers\provider-jsonrpc.ts:571:45)
    at process.processTicksAndRejections (node:internal/process/task_queues:104:5)
[31m[Nest] 181104  - [39m04/09/2026, 10:23:15 pm [31m  ERROR[39m [38;5;3m[BlockchainService] [39m[31mFailed to scan USDT on BASE blocks 46379884-46384884[39m
Error: could not coalesce error (error={ "code": -32016, "message": "over rate limit" }, payload={ "id": 11029, "jsonrpc": "2.0", "method": "eth_getBlockByNumber", "params": [ "0x2c3b4d0", true ] }, code=UNKNOWN_ERROR, version=6.17.0)
    at makeError (C:\Users\perum\OneDrive\Desktop\sidra\node_modules\ethers\src.ts\utils\errors.ts:698:21)
    at JsonRpcProvider.getRpcError (C:\Users\perum\OneDrive\Desktop\sidra\node_modules\ethers\src.ts\providers\provider-jsonrpc.ts:1086:25)
    at <anonymous> (C:\Users\perum\OneDrive\Desktop\sidra\node_modules\ethers\src.ts\providers\provider-jsonrpc.ts:571:45)
    at process.processTicksAndRejections (node:internal/process/task_queues:104:5)
[31m[Nest] 181104  - [39m04/09/2026, 10:23:15 pm [31m  ERROR[39m [38;5;3m[BlockchainService] [39m[31mFailed to scan USDT on BASE blocks 46379884-46384884[39m
Error: could not coalesce error (error={ "code": -32016, "message": "over rate limit" }, payload={ "id": 11029, "jsonrpc": "2.0", "method": "eth_getBlockByNumber", "params": [ "0x2c3b4d0", true ] }, code=UNKNOWN_ERROR, version=6.17.0)
    at makeError (C:\Users\perum\OneDrive\Desktop\sidra\node_modules\ethers\src.ts\utils\errors.ts:698:21)
    at JsonRpcProvider.getRpcError (C:\Users\perum\OneDrive\Desktop\sidra\node_modules\ethers\src.ts\providers\provider-jsonrpc.ts:1086:25)
    at <anonymous> (C:\Users\perum\OneDrive\Desktop\sidra\node_modules\ethers\src.ts\providers\provider-jsonrpc.ts:571:45)
    at process.processTicksAndRejections (node:internal/process/task_queues:104:5)
[31m[Nest] 181104  - [39m04/09/2026, 10:23:15 pm [31m  ERROR[39m [38;5;3m[BlockchainService] [39m[31mFailed to scan USDT on BASE blocks 46379884-46384884[39m
Error: could not coalesce error (error={ "code": -32016, "message": "over rate limit" }, payload={ "id": 11029, "jsonrpc": "2.0", "method": "eth_getBlockByNumber", "params": [ "0x2c3b4d0", true ] }, code=UNKNOWN_ERROR, version=6.17.0)
    at makeError (C:\Users\perum\OneDrive\Desktop\sidra\node_modules\ethers\src.ts\utils\errors.ts:698:21)
    at JsonRpcProvider.getRpcError (C:\Users\perum\OneDrive\Desktop\sidra\node_modules\ethers\src.ts\providers\provider-jsonrpc.ts:1086:25)
    at <anonymous> (C:\Users\perum\OneDrive\Desktop\sidra\node_modules\ethers\src.ts\providers\provider-jsonrpc.ts:571:45)
    at process.processTicksAndRejections (node:internal/process/task_queues:104:5)
[31m[Nest] 181104  - [39m04/09/2026, 10:23:15 pm [31m  ERROR[39m [38;5;3m[BlockchainService] [39m[31mFailed to scan USDT on BASE blocks 46379884-46384884[39m
Error: could not coalesce error (error={ "code": -32016, "message": "over rate limit" }, payload={ "id": 11029, "jsonrpc": "2.0", "method": "eth_getBlockByNumber", "params": [ "0x2c3b4d0", true ] }, code=UNKNOWN_ERROR, version=6.17.0)
    at makeError (C:\Users\perum\OneDrive\Desktop\sidra\node_modules\ethers\src.ts\utils\errors.ts:698:21)
    at JsonRpcProvider.getRpcError (C:\Users\perum\OneDrive\Desktop\sidra\node_modules\ethers\src.ts\providers\provider-jsonrpc.ts:1086:25)
    at <anonymous> (C:\Users\perum\OneDrive\Desktop\sidra\node_modules\ethers\src.ts\providers\provider-jsonrpc.ts:571:45)
    at process.processTicksAndRejections (node:internal/process/task_queues:104:5)
[31m[Nest] 181104  - [39m04/09/2026, 10:23:19 pm [31m  ERROR[39m [38;5;3m[BlockchainService] [39m[31mFailed to scan USDT on BASE blocks 46379809-46384809[39m
Error: could not coalesce error (error={ "code": -32016, "message": "over rate limit" }, payload={ "id": 11071, "jsonrpc": "2.0", "method": "eth_getBlockByNumber", "params": [ "0x2c3b486", true ] }, code=UNKNOWN_ERROR, version=6.17.0)
    at makeError (C:\Users\perum\OneDrive\Desktop\sidra\node_modules\ethers\src.ts\utils\errors.ts:698:21)
    at JsonRpcProvider.getRpcError (C:\Users\perum\OneDrive\Desktop\sidra\node_modules\ethers\src.ts\providers\provider-jsonrpc.ts:1086:25)
    at <anonymous> (C:\Users\perum\OneDrive\Desktop\sidra\node_modules\ethers\src.ts\providers\provider-jsonrpc.ts:571:45)
    at process.processTicksAndRejections (node:internal/process/task_queues:104:5)
[31m[Nest] 181104  - [39m04/09/2026, 10:23:19 pm [31m  ERROR[39m [38;5;3m[BlockchainService] [39m[31mFailed to scan USDT on BASE blocks 46379809-46384809[39m
Error: could not coalesce error (error={ "code": -32016, "message": "over rate limit" }, payload={ "id": 11071, "jsonrpc": "2.0", "method": "eth_getBlockByNumber", "params": [ "0x2c3b486", true ] }, code=UNKNOWN_ERROR, version=6.17.0)
    at makeError (C:\Users\perum\OneDrive\Desktop\sidra\node_modules\ethers\src.ts\utils\errors.ts:698:21)
    at JsonRpcProvider.getRpcError (C:\Users\perum\OneDrive\Desktop\sidra\node_modules\ethers\src.ts\providers\provider-jsonrpc.ts:1086:25)
    at <anonymous> (C:\Users\perum\OneDrive\Desktop\sidra\node_modules\ethers\src.ts\providers\provider-jsonrpc.ts:571:45)
    at process.processTicksAndRejections (node:internal/process/task_queues:104:5)
[31m[Nest] 181104  - [39m04/09/2026, 10:23:19 pm [31m  ERROR[39m [38;5;3m[BlockchainService] [39m[31mFailed to scan USDT on BASE blocks 46379809-46384809[39m
Error: could not coalesce error (error={ "code": -32016, "message": "over rate limit" }, payload={ "id": 11071, "jsonrpc": "2.0", "method": "eth_getBlockByNumber", "params": [ "0x2c3b486", true ] }, code=UNKNOWN_ERROR, version=6.17.0)
    at makeError (C:\Users\perum\OneDrive\Desktop\sidra\node_modules\ethers\src.ts\utils\errors.ts:698:21)
    at JsonRpcProvider.getRpcError (C:\Users\perum\OneDrive\Desktop\sidra\node_modules\ethers\src.ts\providers\provider-jsonrpc.ts:1086:25)
    at <anonymous> (C:\Users\perum\OneDrive\Desktop\sidra\node_modules\ethers\src.ts\providers\provider-jsonrpc.ts:571:45)
    at process.processTicksAndRejections (node:internal/process/task_queues:104:5)
[31m[Nest] 181104  - [39m04/09/2026, 10:23:19 pm [31m  ERROR[39m [38;5;3m[BlockchainService] [39m[31mFailed to scan USDT on BASE blocks 46379809-46384809[39m
Error: could not coalesce error (error={ "code": -32016, "message": "over rate limit" }, payload={ "id": 11071, "jsonrpc": "2.0", "method": "eth_getBlockByNumber", "params": [ "0x2c3b486", true ] }, code=UNKNOWN_ERROR, version=6.17.0)
    at makeError (C:\Users\perum\OneDrive\Desktop\sidra\node_modules\ethers\src.ts\utils\errors.ts:698:21)
    at JsonRpcProvider.getRpcError (C:\Users\perum\OneDrive\Desktop\sidra\node_modules\ethers\src.ts\providers\provider-jsonrpc.ts:1086:25)
    at <anonymous> (C:\Users\perum\OneDrive\Desktop\sidra\node_modules\ethers\src.ts\providers\provider-jsonrpc.ts:571:45)
    at process.processTicksAndRejections (node:internal/process/task_queues:104:5)
[31m[Nest] 181104  - [39m04/09/2026, 10:23:19 pm [31m  ERROR[39m [38;5;3m[BlockchainService] [39m[31mFailed to scan USDT on BASE blocks 46379809-46384809[39m
Error: could not coalesce error (error={ "code": -32016, "message": "over rate limit" }, payload={ "id": 11071, "jsonrpc": "2.0", "method": "eth_getBlockByNumber", "params": [ "0x2c3b486", true ] }, code=UNKNOWN_ERROR, version=6.17.0)
    at makeError (C:\Users\perum\OneDrive\Desktop\sidra\node_modules\ethers\src.ts\utils\errors.ts:698:21)
    at JsonRpcProvider.getRpcError (C:\Users\perum\OneDrive\Desktop\sidra\node_modules\ethers\src.ts\providers\provider-jsonrpc.ts:1086:25)
    at <anonymous> (C:\Users\perum\OneDrive\Desktop\sidra\node_modules\ethers\src.ts\providers\provider-jsonrpc.ts:571:45)
    at process.processTicksAndRejections (node:internal/process/task_queues:104:5)
[31m[Nest] 181104  - [39m04/09/2026, 10:23:19 pm [31m  ERROR[39m [38;5;3m[BlockchainService] [39m[31mFailed to scan USDT on BASE blocks 46379809-46384809[39m
Error: could not coalesce error (error={ "code": -32016, "message": "over rate limit" }, payload={ "id": 11071, "jsonrpc": "2.0", "method": "eth_getBlockByNumber", "params": [ "0x2c3b486", true ] }, code=UNKNOWN_ERROR, version=6.17.0)
    at makeError (C:\Users\perum\OneDrive\Desktop\sidra\node_modules\ethers\src.ts\utils\errors.ts:698:21)
    at JsonRpcProvider.getRpcError (C:\Users\perum\OneDrive\Desktop\sidra\node_modules\ethers\src.ts\providers\provider-jsonrpc.ts:1086:25)
    at <anonymous> (C:\Users\perum\OneDrive\Desktop\sidra\node_modules\ethers\src.ts\providers\provider-jsonrpc.ts:571:45)
    at process.processTicksAndRejections (node:internal/process/task_queues:104:5)
[31m[Nest] 181104  - [39m04/09/2026, 10:23:19 pm [31m  ERROR[39m [38;5;3m[BlockchainService] [39m[31mFailed to scan USDT on BASE blocks 46379809-46384809[39m
Error: could not coalesce error (error={ "code": -32016, "message": "over rate limit" }, payload={ "id": 11071, "jsonrpc": "2.0", "method": "eth_getBlockByNumber", "params": [ "0x2c3b486", true ] }, code=UNKNOWN_ERROR, version=6.17.0)
    at makeError (C:\Users\perum\OneDrive\Desktop\sidra\node_modules\ethers\src.ts\utils\errors.ts:698:21)
    at JsonRpcProvider.getRpcError (C:\Users\perum\OneDrive\Desktop\sidra\node_modules\ethers\src.ts\providers\provider-jsonrpc.ts:1086:25)
    at <anonymous> (C:\Users\perum\OneDrive\Desktop\sidra\node_modules\ethers\src.ts\providers\provider-jsonrpc.ts:571:45)
    at process.processTicksAndRejections (node:internal/process/task_queues:104:5)
[31m[Nest] 181104  - [39m04/09/2026, 10:23:19 pm [31m  ERROR[39m [38;5;3m[BlockchainService] [39m[31mFailed to scan USDT on BASE blocks 46379824-46384824[39m
Error: could not coalesce error (error={ "code": -32016, "message": "over rate limit" }, payload={ "id": 11072, "jsonrpc": "2.0", "method": "eth_getBlockByNumber", "params": [ "0x2c3b495", true ] }, code=UNKNOWN_ERROR, version=6.17.0)
    at makeError (C:\Users\perum\OneDrive\Desktop\sidra\node_modules\ethers\src.ts\utils\errors.ts:698:21)
    at JsonRpcProvider.getRpcError (C:\Users\perum\OneDrive\Desktop\sidra\node_modules\ethers\src.ts\providers\provider-jsonrpc.ts:1086:25)
    at <anonymous> (C:\Users\perum\OneDrive\Desktop\sidra\node_modules\ethers\src.ts\providers\provider-jsonrpc.ts:571:45)
    at process.processTicksAndRejections (node:internal/process/task_queues:104:5)
[31m[Nest] 181104  - [39m04/09/2026, 10:23:19 pm [31m  ERROR[39m [38;5;3m[BlockchainService] [39m[31mFailed to scan USDT on BASE blocks 46379824-46384824[39m
Error: could not coalesce error (error={ "code": -32016, "message": "over rate limit" }, payload={ "id": 11072, "jsonrpc": "2.0", "method": "eth_getBlockByNumber", "params": [ "0x2c3b495", true ] }, code=UNKNOWN_ERROR, version=6.17.0)
    at makeError (C:\Users\perum\OneDrive\Desktop\sidra\node_modules\ethers\src.ts\utils\errors.ts:698:21)
    at JsonRpcProvider.getRpcError (C:\Users\perum\OneDrive\Desktop\sidra\node_modules\ethers\src.ts\providers\provider-jsonrpc.ts:1086:25)
    at <anonymous> (C:\Users\perum\OneDrive\Desktop\sidra\node_modules\ethers\src.ts\providers\provider-jsonrpc.ts:571:45)
    at process.processTicksAndRejections (node:internal/process/task_queues:104:5)
[31m[Nest] 181104  - [39m04/09/2026, 10:23:19 pm [31m  ERROR[39m [38;5;3m[BlockchainService] [39m[31mFailed to scan USDT on BASE blocks 46379824-46384824[39m
Error: could not coalesce error (error={ "code": -32016, "message": "over rate limit" }, payload={ "id": 11072, "jsonrpc": "2.0", "method": "eth_getBlockByNumber", "params": [ "0x2c3b495", true ] }, code=UNKNOWN_ERROR, version=6.17.0)
    at makeError (C:\Users\perum\OneDrive\Desktop\sidra\node_modules\ethers\src.ts\utils\errors.ts:698:21)
    at JsonRpcProvider.getRpcError (C:\Users\perum\OneDrive\Desktop\sidra\node_modules\ethers\src.ts\providers\provider-jsonrpc.ts:1086:25)
    at <anonymous> (C:\Users\perum\OneDrive\Desktop\sidra\node_modules\ethers\src.ts\providers\provider-jsonrpc.ts:571:45)
    at process.processTicksAndRejections (node:internal/process/task_queues:104:5)
[31m[Nest] 181104  - [39m04/09/2026, 10:23:19 pm [31m  ERROR[39m [38;5;3m[BlockchainService] [39m[31mFailed to scan USDT on BASE blocks 46379824-46384824[39m
Error: could not coalesce error (error={ "code": -32016, "message": "over rate limit" }, payload={ "id": 11072, "jsonrpc": "2.0", "method": "eth_getBlockByNumber", "params": [ "0x2c3b495", true ] }, code=UNKNOWN_ERROR, version=6.17.0)
    at makeError (C:\Users\perum\OneDrive\Desktop\sidra\node_modules\ethers\src.ts\utils\errors.ts:698:21)
    at JsonRpcProvider.getRpcError (C:\Users\perum\OneDrive\Desktop\sidra\node_modules\ethers\src.ts\providers\provider-jsonrpc.ts:1086:25)
    at <anonymous> (C:\Users\perum\OneDrive\Desktop\sidra\node_modules\ethers\src.ts\providers\provider-jsonrpc.ts:571:45)
    at process.processTicksAndRejections (node:internal/process/task_queues:104:5)
[31m[Nest] 181104  - [39m04/09/2026, 10:23:19 pm [31m  ERROR[39m [38;5;3m[BlockchainService] [39m[31mFailed to scan USDT on BASE blocks 46379824-46384824[39m
Error: could not coalesce error (error={ "code": -32016, "message": "over rate limit" }, payload={ "id": 11072, "jsonrpc": "2.0", "method": "eth_getBlockByNumber", "params": [ "0x2c3b495", true ] }, code=UNKNOWN_ERROR, version=6.17.0)
    at makeError (C:\Users\perum\OneDrive\Desktop\sidra\node_modules\ethers\src.ts\utils\errors.ts:698:21)
    at JsonRpcProvider.getRpcError (C:\Users\perum\OneDrive\Desktop\sidra\node_modules\ethers\src.ts\providers\provider-jsonrpc.ts:1086:25)
    at <anonymous> (C:\Users\perum\OneDrive\Desktop\sidra\node_modules\ethers\src.ts\providers\provider-jsonrpc.ts:571:45)
    at process.processTicksAndRejections (node:internal/process/task_queues:104:5)
[31m[Nest] 181104  - [39m04/09/2026, 10:23:19 pm [31m  ERROR[39m [38;5;3m[BlockchainService] [39m[31mFailed to scan USDT on BASE blocks 46379824-46384824[39m
Error: could not coalesce error (error={ "code": -32016, "message": "over rate limit" }, payload={ "id": 11072, "jsonrpc": "2.0", "method": "eth_getBlockByNumber", "params": [ "0x2c3b495", true ] }, code=UNKNOWN_ERROR, version=6.17.0)
    at makeError (C:\Users\perum\OneDrive\Desktop\sidra\node_modules\ethers\src.ts\utils\errors.ts:698:21)
    at JsonRpcProvider.getRpcError (C:\Users\perum\OneDrive\Desktop\sidra\node_modules\ethers\src.ts\providers\provider-jsonrpc.ts:1086:25)
    at <anonymous> (C:\Users\perum\OneDrive\Desktop\sidra\node_modules\ethers\src.ts\providers\provider-jsonrpc.ts:571:45)
    at process.processTicksAndRejections (node:internal/process/task_queues:104:5)
[31m[Nest] 181104  - [39m04/09/2026, 10:23:19 pm [31m  ERROR[39m [38;5;3m[BlockchainService] [39m[31mFailed to scan USDT on BASE blocks 46379824-46384824[39m
Error: could not coalesce error (error={ "code": -32016, "message": "over rate limit" }, payload={ "id": 11072, "jsonrpc": "2.0", "method": "eth_getBlockByNumber", "params": [ "0x2c3b495", true ] }, code=UNKNOWN_ERROR, version=6.17.0)
    at makeError (C:\Users\perum\OneDrive\Desktop\sidra\node_modules\ethers\src.ts\utils\errors.ts:698:21)
    at JsonRpcProvider.getRpcError (C:\Users\perum\OneDrive\Desktop\sidra\node_modules\ethers\src.ts\providers\provider-jsonrpc.ts:1086:25)
    at <anonymous> (C:\Users\perum\OneDrive\Desktop\sidra\node_modules\ethers\src.ts\providers\provider-jsonrpc.ts:571:45)
    at process.processTicksAndRejections (node:internal/process/task_queues:104:5)
[31m[Nest] 181104  - [39m04/09/2026, 10:23:19 pm [31m  ERROR[39m [38;5;3m[BlockchainService] [39m[31mFailed to scan USDT on BASE blocks 46379839-46384839[39m
Error: could not coalesce error (error={ "code": -32016, "message": "over rate limit" }, payload={ "id": 11073, "jsonrpc": "2.0", "method": "eth_getBlockByNumber", "params": [ "0x2c3b4a4", true ] }, code=UNKNOWN_ERROR, version=6.17.0)
    at makeError (C:\Users\perum\OneDrive\Desktop\sidra\node_modules\ethers\src.ts\utils\errors.ts:698:21)
    at JsonRpcProvider.getRpcError (C:\Users\perum\OneDrive\Desktop\sidra\node_modules\ethers\src.ts\providers\provider-jsonrpc.ts:1086:25)
    at <anonymous> (C:\Users\perum\OneDrive\Desktop\sidra\node_modules\ethers\src.ts\providers\provider-jsonrpc.ts:571:45)
    at process.processTicksAndRejections (node:internal/process/task_queues:104:5)
[31m[Nest] 181104  - [39m04/09/2026, 10:23:19 pm [31m  ERROR[39m [38;5;3m[BlockchainService] [39m[31mFailed to scan USDT on BASE blocks 46379839-46384839[39m
Error: could not coalesce error (error={ "code": -32016, "message": "over rate limit" }, payload={ "id": 11073, "jsonrpc": "2.0", "method": "eth_getBlockByNumber", "params": [ "0x2c3b4a4", true ] }, code=UNKNOWN_ERROR, version=6.17.0)
    at makeError (C:\Users\perum\OneDrive\Desktop\sidra\node_modules\ethers\src.ts\utils\errors.ts:698:21)
    at JsonRpcProvider.getRpcError (C:\Users\perum\OneDrive\Desktop\sidra\node_modules\ethers\src.ts\providers\provider-jsonrpc.ts:1086:25)
    at <anonymous> (C:\Users\perum\OneDrive\Desktop\sidra\node_modules\ethers\src.ts\providers\provider-jsonrpc.ts:571:45)
    at process.processTicksAndRejections (node:internal/process/task_queues:104:5)
[31m[Nest] 181104  - [39m04/09/2026, 10:23:19 pm [31m  ERROR[39m [38;5;3m[BlockchainService] [39m[31mFailed to scan USDT on BASE blocks 46379839-46384839[39m
Error: could not coalesce error (error={ "code": -32016, "message": "over rate limit" }, payload={ "id": 11073, "jsonrpc": "2.0", "method": "eth_getBlockByNumber", "params": [ "0x2c3b4a4", true ] }, code=UNKNOWN_ERROR, version=6.17.0)
    at makeError (C:\Users\perum\OneDrive\Desktop\sidra\node_modules\ethers\src.ts\utils\errors.ts:698:21)
    at JsonRpcProvider.getRpcError (C:\Users\perum\OneDrive\Desktop\sidra\node_modules\ethers\src.ts\providers\provider-jsonrpc.ts:1086:25)
    at <anonymous> (C:\Users\perum\OneDrive\Desktop\sidra\node_modules\ethers\src.ts\providers\provider-jsonrpc.ts:571:45)
    at process.processTicksAndRejections (node:internal/process/task_queues:104:5)
[31m[Nest] 181104  - [39m04/09/2026, 10:23:19 pm [31m  ERROR[39m [38;5;3m[BlockchainService] [39m[31mFailed to scan USDT on BASE blocks 46379839-46384839[39m
Error: could not coalesce error (error={ "code": -32016, "message": "over rate limit" }, payload={ "id": 11073, "jsonrpc": "2.0", "method": "eth_getBlockByNumber", "params": [ "0x2c3b4a4", true ] }, code=UNKNOWN_ERROR, version=6.17.0)
    at makeError (C:\Users\perum\OneDrive\Desktop\sidra\node_modules\ethers\src.ts\utils\errors.ts:698:21)
    at JsonRpcProvider.getRpcError (C:\Users\perum\OneDrive\Desktop\sidra\node_modules\ethers\src.ts\providers\provider-jsonrpc.ts:1086:25)
    at <anonymous> (C:\Users\perum\OneDrive\Desktop\sidra\node_modules\ethers\src.ts\providers\provider-jsonrpc.ts:571:45)
    at process.processTicksAndRejections (node:internal/process/task_queues:104:5)
[31m[Nest] 181104  - [39m04/09/2026, 10:23:19 pm [31m  ERROR[39m [38;5;3m[BlockchainService] [39m[31mFailed to scan USDT on BASE blocks 46379839-46384839[39m
Error: could not coalesce error (error={ "code": -32016, "message": "over rate limit" }, payload={ "id": 11073, "jsonrpc": "2.0", "method": "eth_getBlockByNumber", "params": [ "0x2c3b4a4", true ] }, code=UNKNOWN_ERROR, version=6.17.0)
    at makeError (C:\Users\perum\OneDrive\Desktop\sidra\node_modules\ethers\src.ts\utils\errors.ts:698:21)
    at JsonRpcProvider.getRpcError (C:\Users\perum\OneDrive\Desktop\sidra\node_modules\ethers\src.ts\providers\provider-jsonrpc.ts:1086:25)
    at <anonymous> (C:\Users\perum\OneDrive\Desktop\sidra\node_modules\ethers\src.ts\providers\provider-jsonrpc.ts:571:45)
    at process.processTicksAndRejections (node:internal/process/task_queues:104:5)
[31m[Nest] 181104  - [39m04/09/2026, 10:23:19 pm [31m  ERROR[39m [38;5;3m[BlockchainService] [39m[31mFailed to scan USDT on BASE blocks 46379839-46384839[39m
Error: could not coalesce error (error={ "code": -32016, "message": "over rate limit" }, payload={ "id": 11073, "jsonrpc": "2.0", "method": "eth_getBlockByNumber", "params": [ "0x2c3b4a4", true ] }, code=UNKNOWN_ERROR, version=6.17.0)
    at makeError (C:\Users\perum\OneDrive\Desktop\sidra\node_modules\ethers\src.ts\utils\errors.ts:698:21)
    at JsonRpcProvider.getRpcError (C:\Users\perum\OneDrive\Desktop\sidra\node_modules\ethers\src.ts\providers\provider-jsonrpc.ts:1086:25)
    at <anonymous> (C:\Users\perum\OneDrive\Desktop\sidra\node_modules\ethers\src.ts\providers\provider-jsonrpc.ts:571:45)
    at process.processTicksAndRejections (node:internal/process/task_queues:104:5)
[31m[Nest] 181104  - [39m04/09/2026, 10:23:19 pm [31m  ERROR[39m [38;5;3m[BlockchainService] [39m[31mFailed to scan USDT on BASE blocks 46379839-46384839[39m
Error: could not coalesce error (error={ "code": -32016, "message": "over rate limit" }, payload={ "id": 11073, "jsonrpc": "2.0", "method": "eth_getBlockByNumber", "params": [ "0x2c3b4a4", true ] }, code=UNKNOWN_ERROR, version=6.17.0)
    at makeError (C:\Users\perum\OneDrive\Desktop\sidra\node_modules\ethers\src.ts\utils\errors.ts:698:21)
    at JsonRpcProvider.getRpcError (C:\Users\perum\OneDrive\Desktop\sidra\node_modules\ethers\src.ts\providers\provider-jsonrpc.ts:1086:25)
    at <anonymous> (C:\Users\perum\OneDrive\Desktop\sidra\node_modules\ethers\src.ts\providers\provider-jsonrpc.ts:571:45)
    at process.processTicksAndRejections (node:internal/process/task_queues:104:5)
[31m[Nest] 181104  - [39m04/09/2026, 10:23:22 pm [31m  ERROR[39m [38;5;3m[BlockchainService] [39m[31mFailed to scan USDT on BASE blocks 46381033-46386033[39m
Error: could not coalesce error (error={ "code": -32016, "message": "over rate limit" }, payload={ "id": 11114, "jsonrpc": "2.0", "method": "eth_getBlockByNumber", "params": [ "0x2c3b81a", true ] }, code=UNKNOWN_ERROR, version=6.17.0)
    at makeError (C:\Users\perum\OneDrive\Desktop\sidra\node_modules\ethers\src.ts\utils\errors.ts:698:21)
    at JsonRpcProvider.getRpcError (C:\Users\perum\OneDrive\Desktop\sidra\node_modules\ethers\src.ts\providers\provider-jsonrpc.ts:1086:25)
    at <anonymous> (C:\Users\perum\OneDrive\Desktop\sidra\node_modules\ethers\src.ts\providers\provider-jsonrpc.ts:571:45)
    at process.processTicksAndRejections (node:internal/process/task_queues:104:5)
[31m[Nest] 181104  - [39m04/09/2026, 10:23:22 pm [31m  ERROR[39m [38;5;3m[BlockchainService] [39m[31mFailed to scan USDT on BASE blocks 46381033-46386033[39m
Error: could not coalesce error (error={ "code": -32016, "message": "over rate limit" }, payload={ "id": 11114, "jsonrpc": "2.0", "method": "eth_getBlockByNumber", "params": [ "0x2c3b81a", true ] }, code=UNKNOWN_ERROR, version=6.17.0)
    at makeError (C:\Users\perum\OneDrive\Desktop\sidra\node_modules\ethers\src.ts\utils\errors.ts:698:21)
    at JsonRpcProvider.getRpcError (C:\Users\perum\OneDrive\Desktop\sidra\node_modules\ethers\src.ts\providers\provider-jsonrpc.ts:1086:25)
    at <anonymous> (C:\Users\perum\OneDrive\Desktop\sidra\node_modules\ethers\src.ts\providers\provider-jsonrpc.ts:571:45)
    at process.processTicksAndRejections (node:internal/process/task_queues:104:5)
[31m[Nest] 181104  - [39m04/09/2026, 10:23:22 pm [31m  ERROR[39m [38;5;3m[BlockchainService] [39m[31mFailed to scan USDT on BASE blocks 46381033-46386033[39m
Error: could not coalesce error (error={ "code": -32016, "message": "over rate limit" }, payload={ "id": 11114, "jsonrpc": "2.0", "method": "eth_getBlockByNumber", "params": [ "0x2c3b81a", true ] }, code=UNKNOWN_ERROR, version=6.17.0)
    at makeError (C:\Users\perum\OneDrive\Desktop\sidra\node_modules\ethers\src.ts\utils\errors.ts:698:21)
    at JsonRpcProvider.getRpcError (C:\Users\perum\OneDrive\Desktop\sidra\node_modules\ethers\src.ts\providers\provider-jsonrpc.ts:1086:25)
    at <anonymous> (C:\Users\perum\OneDrive\Desktop\sidra\node_modules\ethers\src.ts\providers\provider-jsonrpc.ts:571:45)
    at process.processTicksAndRejections (node:internal/process/task_queues:104:5)
[31m[Nest] 181104  - [39m04/09/2026, 10:23:22 pm [31m  ERROR[39m [38;5;3m[BlockchainService] [39m[31mFailed to scan USDT on BASE blocks 46381033-46386033[39m
Error: could not coalesce error (error={ "code": -32016, "message": "over rate limit" }, payload={ "id": 11114, "jsonrpc": "2.0", "method": "eth_getBlockByNumber", "params": [ "0x2c3b81a", true ] }, code=UNKNOWN_ERROR, version=6.17.0)
    at makeError (C:\Users\perum\OneDrive\Desktop\sidra\node_modules\ethers\src.ts\utils\errors.ts:698:21)
    at JsonRpcProvider.getRpcError (C:\Users\perum\OneDrive\Desktop\sidra\node_modules\ethers\src.ts\providers\provider-jsonrpc.ts:1086:25)
    at <anonymous> (C:\Users\perum\OneDrive\Desktop\sidra\node_modules\ethers\src.ts\providers\provider-jsonrpc.ts:571:45)
    at process.processTicksAndRejections (node:internal/process/task_queues:104:5)
[31m[Nest] 181104  - [39m04/09/2026, 10:23:22 pm [31m  ERROR[39m [38;5;3m[BlockchainService] [39m[31mFailed to scan USDT on BASE blocks 46381033-46386033[39m
Error: could not coalesce error (error={ "code": -32016, "message": "over rate limit" }, payload={ "id": 11114, "jsonrpc": "2.0", "method": "eth_getBlockByNumber", "params": [ "0x2c3b81a", true ] }, code=UNKNOWN_ERROR, version=6.17.0)
    at makeError (C:\Users\perum\OneDrive\Desktop\sidra\node_modules\ethers\src.ts\utils\errors.ts:698:21)
    at JsonRpcProvider.getRpcError (C:\Users\perum\OneDrive\Desktop\sidra\node_modules\ethers\src.ts\providers\provider-jsonrpc.ts:1086:25)
    at <anonymous> (C:\Users\perum\OneDrive\Desktop\sidra\node_modules\ethers\src.ts\providers\provider-jsonrpc.ts:571:45)
    at process.processTicksAndRejections (node:internal/process/task_queues:104:5)
[31m[Nest] 181104  - [39m04/09/2026, 10:23:22 pm [31m  ERROR[39m [38;5;3m[BlockchainService] [39m[31mFailed to scan USDT on BASE blocks 46381033-46386033[39m
Error: could not coalesce error (error={ "code": -32016, "message": "over rate limit" }, payload={ "id": 11114, "jsonrpc": "2.0", "method": "eth_getBlockByNumber", "params": [ "0x2c3b81a", true ] }, code=UNKNOWN_ERROR, version=6.17.0)
    at makeError (C:\Users\perum\OneDrive\Desktop\sidra\node_modules\ethers\src.ts\utils\errors.ts:698:21)
    at JsonRpcProvider.getRpcError (C:\Users\perum\OneDrive\Desktop\sidra\node_modules\ethers\src.ts\providers\provider-jsonrpc.ts:1086:25)
    at <anonymous> (C:\Users\perum\OneDrive\Desktop\sidra\node_modules\ethers\src.ts\providers\provider-jsonrpc.ts:571:45)
    at process.processTicksAndRejections (node:internal/process/task_queues:104:5)
[31m[Nest] 181104  - [39m04/09/2026, 10:23:22 pm [31m  ERROR[39m [38;5;3m[BlockchainService] [39m[31mFailed to scan USDT on BASE blocks 46381033-46386033[39m
Error: could not coalesce error (error={ "code": -32016, "message": "over rate limit" }, payload={ "id": 11114, "jsonrpc": "2.0", "method": "eth_getBlockByNumber", "params": [ "0x2c3b81a", true ] }, code=UNKNOWN_ERROR, version=6.17.0)
    at makeError (C:\Users\perum\OneDrive\Desktop\sidra\node_modules\ethers\src.ts\utils\errors.ts:698:21)
    at JsonRpcProvider.getRpcError (C:\Users\perum\OneDrive\Desktop\sidra\node_modules\ethers\src.ts\providers\provider-jsonrpc.ts:1086:25)
    at <anonymous> (C:\Users\perum\OneDrive\Desktop\sidra\node_modules\ethers\src.ts\providers\provider-jsonrpc.ts:571:45)
    at process.processTicksAndRejections (node:internal/process/task_queues:104:5)
[31m[Nest] 181104  - [39m04/09/2026, 10:23:22 pm [31m  ERROR[39m [38;5;3m[BlockchainService] [39m[31mFailed to scan ETH on BASE blocks 46380558-46385558[39m
Error: could not coalesce error (error={ "code": -32016, "message": "over rate limit" }, payload={ "id": 11115, "jsonrpc": "2.0", "method": "eth_getBlockByNumber", "params": [ "0x2c3b764", true ] }, code=UNKNOWN_ERROR, version=6.17.0)
    at makeError (C:\Users\perum\OneDrive\Desktop\sidra\node_modules\ethers\src.ts\utils\errors.ts:698:21)
    at JsonRpcProvider.getRpcError (C:\Users\perum\OneDrive\Desktop\sidra\node_modules\ethers\src.ts\providers\provider-jsonrpc.ts:1086:25)
    at <anonymous> (C:\Users\perum\OneDrive\Desktop\sidra\node_modules\ethers\src.ts\providers\provider-jsonrpc.ts:571:45)
    at process.processTicksAndRejections (node:internal/process/task_queues:104:5)
[31m[Nest] 181104  - [39m04/09/2026, 10:23:22 pm [31m  ERROR[39m [38;5;3m[BlockchainService] [39m[31mFailed to scan ETH on BASE blocks 46380558-46385558[39m
Error: could not coalesce error (error={ "code": -32016, "message": "over rate limit" }, payload={ "id": 11115, "jsonrpc": "2.0", "method": "eth_getBlockByNumber", "params": [ "0x2c3b764", true ] }, code=UNKNOWN_ERROR, version=6.17.0)
    at makeError (C:\Users\perum\OneDrive\Desktop\sidra\node_modules\ethers\src.ts\utils\errors.ts:698:21)
    at JsonRpcProvider.getRpcError (C:\Users\perum\OneDrive\Desktop\sidra\node_modules\ethers\src.ts\providers\provider-jsonrpc.ts:1086:25)
    at <anonymous> (C:\Users\perum\OneDrive\Desktop\sidra\node_modules\ethers\src.ts\providers\provider-jsonrpc.ts:571:45)
    at process.processTicksAndRejections (node:internal/process/task_queues:104:5)
[31m[Nest] 181104  - [39m04/09/2026, 10:23:22 pm [31m  ERROR[39m [38;5;3m[BlockchainService] [39m[31mFailed to scan ETH on BASE blocks 46380558-46385558[39m
Error: could not coalesce error (error={ "code": -32016, "message": "over rate limit" }, payload={ "id": 11115, "jsonrpc": "2.0", "method": "eth_getBlockByNumber", "params": [ "0x2c3b764", true ] }, code=UNKNOWN_ERROR, version=6.17.0)
    at makeError (C:\Users\perum\OneDrive\Desktop\sidra\node_modules\ethers\src.ts\utils\errors.ts:698:21)
    at JsonRpcProvider.getRpcError (C:\Users\perum\OneDrive\Desktop\sidra\node_modules\ethers\src.ts\providers\provider-jsonrpc.ts:1086:25)
    at <anonymous> (C:\Users\perum\OneDrive\Desktop\sidra\node_modules\ethers\src.ts\providers\provider-jsonrpc.ts:571:45)
    at process.processTicksAndRejections (node:internal/process/task_queues:104:5)
[31m[Nest] 181104  - [39m04/09/2026, 10:23:22 pm [31m  ERROR[39m [38;5;3m[BlockchainService] [39m[31mFailed to scan ETH on BASE blocks 46380558-46385558[39m
Error: could not coalesce error (error={ "code": -32016, "message": "over rate limit" }, payload={ "id": 11115, "jsonrpc": "2.0", "method": "eth_getBlockByNumber", "params": [ "0x2c3b764", true ] }, code=UNKNOWN_ERROR, version=6.17.0)
    at makeError (C:\Users\perum\OneDrive\Desktop\sidra\node_modules\ethers\src.ts\utils\errors.ts:698:21)
    at JsonRpcProvider.getRpcError (C:\Users\perum\OneDrive\Desktop\sidra\node_modules\ethers\src.ts\providers\provider-jsonrpc.ts:1086:25)
    at <anonymous> (C:\Users\perum\OneDrive\Desktop\sidra\node_modules\ethers\src.ts\providers\provider-jsonrpc.ts:571:45)
    at process.processTicksAndRejections (node:internal/process/task_queues:104:5)
[31m[Nest] 181104  - [39m04/09/2026, 10:23:22 pm [31m  ERROR[39m [38;5;3m[BlockchainService] [39m[31mFailed to scan ETH on BASE blocks 46380558-46385558[39m
Error: could not coalesce error (error={ "code": -32016, "message": "over rate limit" }, payload={ "id": 11115, "jsonrpc": "2.0", "method": "eth_getBlockByNumber", "params": [ "0x2c3b764", true ] }, code=UNKNOWN_ERROR, version=6.17.0)
    at makeError (C:\Users\perum\OneDrive\Desktop\sidra\node_modules\ethers\src.ts\utils\errors.ts:698:21)
    at JsonRpcProvider.getRpcError (C:\Users\perum\OneDrive\Desktop\sidra\node_modules\ethers\src.ts\providers\provider-jsonrpc.ts:1086:25)
    at <anonymous> (C:\Users\perum\OneDrive\Desktop\sidra\node_modules\ethers\src.ts\providers\provider-jsonrpc.ts:571:45)
    at process.processTicksAndRejections (node:internal/process/task_queues:104:5)
[31m[Nest] 181104  - [39m04/09/2026, 10:23:22 pm [31m  ERROR[39m [38;5;3m[BlockchainService] [39m[31mFailed to scan ETH on BASE blocks 46380558-46385558[39m
Error: could not coalesce error (error={ "code": -32016, "message": "over rate limit" }, payload={ "id": 11115, "jsonrpc": "2.0", "method": "eth_getBlockByNumber", "params": [ "0x2c3b764", true ] }, code=UNKNOWN_ERROR, version=6.17.0)
    at makeError (C:\Users\perum\OneDrive\Desktop\sidra\node_modules\ethers\src.ts\utils\errors.ts:698:21)
    at JsonRpcProvider.getRpcError (C:\Users\perum\OneDrive\Desktop\sidra\node_modules\ethers\src.ts\providers\provider-jsonrpc.ts:1086:25)
    at <anonymous> (C:\Users\perum\OneDrive\Desktop\sidra\node_modules\ethers\src.ts\providers\provider-jsonrpc.ts:571:45)
    at process.processTicksAndRejections (node:internal/process/task_queues:104:5)
[31m[Nest] 181104  - [39m04/09/2026, 10:23:22 pm [31m  ERROR[39m [38;5;3m[BlockchainService] [39m[31mFailed to scan ETH on BASE blocks 46380558-46385558[39m
Error: could not coalesce error (error={ "code": -32016, "message": "over rate limit" }, payload={ "id": 11115, "jsonrpc": "2.0", "method": "eth_getBlockByNumber", "params": [ "0x2c3b764", true ] }, code=UNKNOWN_ERROR, version=6.17.0)
    at makeError (C:\Users\perum\OneDrive\Desktop\sidra\node_modules\ethers\src.ts\utils\errors.ts:698:21)
    at JsonRpcProvider.getRpcError (C:\Users\perum\OneDrive\Desktop\sidra\node_modules\ethers\src.ts\providers\provider-jsonrpc.ts:1086:25)
    at <anonymous> (C:\Users\perum\OneDrive\Desktop\sidra\node_modules\ethers\src.ts\providers\provider-jsonrpc.ts:571:45)
    at process.processTicksAndRejections (node:internal/process/task_queues:104:5)
[31m[Nest] 181104  - [39m04/09/2026, 10:23:22 pm [31m  ERROR[39m [38;5;3m[BlockchainService] [39m[31mFailed to scan ETH on BASE blocks 46380588-46385588[39m
Error: could not coalesce error (error={ "code": -32016, "message": "over rate limit" }, payload={ "id": 11115, "jsonrpc": "2.0", "method": "eth_getBlockByNumber", "params": [ "0x2c3b764", true ] }, code=UNKNOWN_ERROR, version=6.17.0)
    at makeError (C:\Users\perum\OneDrive\Desktop\sidra\node_modules\ethers\src.ts\utils\errors.ts:698:21)
    at JsonRpcProvider.getRpcError (C:\Users\perum\OneDrive\Desktop\sidra\node_modules\ethers\src.ts\providers\provider-jsonrpc.ts:1086:25)
    at <anonymous> (C:\Users\perum\OneDrive\Desktop\sidra\node_modules\ethers\src.ts\providers\provider-jsonrpc.ts:571:45)
    at process.processTicksAndRejections (node:internal/process/task_queues:104:5)
[31m[Nest] 181104  - [39m04/09/2026, 10:23:22 pm [31m  ERROR[39m [38;5;3m[BlockchainService] [39m[31mFailed to scan ETH on BASE blocks 46380588-46385588[39m
Error: could not coalesce error (error={ "code": -32016, "message": "over rate limit" }, payload={ "id": 11115, "jsonrpc": "2.0", "method": "eth_getBlockByNumber", "params": [ "0x2c3b764", true ] }, code=UNKNOWN_ERROR, version=6.17.0)
    at makeError (C:\Users\perum\OneDrive\Desktop\sidra\node_modules\ethers\src.ts\utils\errors.ts:698:21)
    at JsonRpcProvider.getRpcError (C:\Users\perum\OneDrive\Desktop\sidra\node_modules\ethers\src.ts\providers\provider-jsonrpc.ts:1086:25)
    at <anonymous> (C:\Users\perum\OneDrive\Desktop\sidra\node_modules\ethers\src.ts\providers\provider-jsonrpc.ts:571:45)
    at process.processTicksAndRejections (node:internal/process/task_queues:104:5)
[31m[Nest] 181104  - [39m04/09/2026, 10:23:22 pm [31m  ERROR[39m [38;5;3m[BlockchainService] [39m[31mFailed to scan ETH on BASE blocks 46380588-46385588[39m
Error: could not coalesce error (error={ "code": -32016, "message": "over rate limit" }, payload={ "id": 11115, "jsonrpc": "2.0", "method": "eth_getBlockByNumber", "params": [ "0x2c3b764", true ] }, code=UNKNOWN_ERROR, version=6.17.0)
    at makeError (C:\Users\perum\OneDrive\Desktop\sidra\node_modules\ethers\src.ts\utils\errors.ts:698:21)
    at JsonRpcProvider.getRpcError (C:\Users\perum\OneDrive\Desktop\sidra\node_modules\ethers\src.ts\providers\provider-jsonrpc.ts:1086:25)
    at <anonymous> (C:\Users\perum\OneDrive\Desktop\sidra\node_modules\ethers\src.ts\providers\provider-jsonrpc.ts:571:45)
    at process.processTicksAndRejections (node:internal/process/task_queues:104:5)
[31m[Nest] 181104  - [39m04/09/2026, 10:23:22 pm [31m  ERROR[39m [38;5;3m[BlockchainService] [39m[31mFailed to scan ETH on BASE blocks 46380588-46385588[39m
Error: could not coalesce error (error={ "code": -32016, "message": "over rate limit" }, payload={ "id": 11115, "jsonrpc": "2.0", "method": "eth_getBlockByNumber", "params": [ "0x2c3b764", true ] }, code=UNKNOWN_ERROR, version=6.17.0)
    at makeError (C:\Users\perum\OneDrive\Desktop\sidra\node_modules\ethers\src.ts\utils\errors.ts:698:21)
    at JsonRpcProvider.getRpcError (C:\Users\perum\OneDrive\Desktop\sidra\node_modules\ethers\src.ts\providers\provider-jsonrpc.ts:1086:25)
    at <anonymous> (C:\Users\perum\OneDrive\Desktop\sidra\node_modules\ethers\src.ts\providers\provider-jsonrpc.ts:571:45)
    at process.processTicksAndRejections (node:internal/process/task_queues:104:5)
[31m[Nest] 181104  - [39m04/09/2026, 10:23:22 pm [31m  ERROR[39m [38;5;3m[BlockchainService] [39m[31mFailed to scan ETH on BASE blocks 46380588-46385588[39m
Error: could not coalesce error (error={ "code": -32016, "message": "over rate limit" }, payload={ "id": 11115, "jsonrpc": "2.0", "method": "eth_getBlockByNumber", "params": [ "0x2c3b764", true ] }, code=UNKNOWN_ERROR, version=6.17.0)
    at makeError (C:\Users\perum\OneDrive\Desktop\sidra\node_modules\ethers\src.ts\utils\errors.ts:698:21)
    at JsonRpcProvider.getRpcError (C:\Users\perum\OneDrive\Desktop\sidra\node_modules\ethers\src.ts\providers\provider-jsonrpc.ts:1086:25)
    at <anonymous> (C:\Users\perum\OneDrive\Desktop\sidra\node_modules\ethers\src.ts\providers\provider-jsonrpc.ts:571:45)
    at process.processTicksAndRejections (node:internal/process/task_queues:104:5)
[31m[Nest] 181104  - [39m04/09/2026, 10:23:22 pm [31m  ERROR[39m [38;5;3m[BlockchainService] [39m[31mFailed to scan ETH on BASE blocks 46380588-46385588[39m
Error: could not coalesce error (error={ "code": -32016, "message": "over rate limit" }, payload={ "id": 11115, "jsonrpc": "2.0", "method": "eth_getBlockByNumber", "params": [ "0x2c3b764", true ] }, code=UNKNOWN_ERROR, version=6.17.0)
    at makeError (C:\Users\perum\OneDrive\Desktop\sidra\node_modules\ethers\src.ts\utils\errors.ts:698:21)
    at JsonRpcProvider.getRpcError (C:\Users\perum\OneDrive\Desktop\sidra\node_modules\ethers\src.ts\providers\provider-jsonrpc.ts:1086:25)
    at <anonymous> (C:\Users\perum\OneDrive\Desktop\sidra\node_modules\ethers\src.ts\providers\provider-jsonrpc.ts:571:45)
    at process.processTicksAndRejections (node:internal/process/task_queues:104:5)
[31m[Nest] 181104  - [39m04/09/2026, 10:23:22 pm [31m  ERROR[39m [38;5;3m[BlockchainService] [39m[31mFailed to scan ETH on BASE blocks 46380588-46385588[39m
Error: could not coalesce error (error={ "code": -32016, "message": "over rate limit" }, payload={ "id": 11115, "jsonrpc": "2.0", "method": "eth_getBlockByNumber", "params": [ "0x2c3b764", true ] }, code=UNKNOWN_ERROR, version=6.17.0)
    at makeError (C:\Users\perum\OneDrive\Desktop\sidra\node_modules\ethers\src.ts\utils\errors.ts:698:21)
    at JsonRpcProvider.getRpcError (C:\Users\perum\OneDrive\Desktop\sidra\node_modules\ethers\src.ts\providers\provider-jsonrpc.ts:1086:25)
    at <anonymous> (C:\Users\perum\OneDrive\Desktop\sidra\node_modules\ethers\src.ts\providers\provider-jsonrpc.ts:571:45)
    at process.processTicksAndRejections (node:internal/process/task_queues:104:5)
[31m[Nest] 181104  - [39m04/09/2026, 10:23:22 pm [31m  ERROR[39m [38;5;3m[BlockchainService] [39m[31mFailed to scan USDT on BASE blocks 46379794-46384794[39m
Error: could not coalesce error (error={ "code": -32016, "message": "over rate limit" }, payload={ "id": 11116, "jsonrpc": "2.0", "method": "eth_getBlockByNumber", "params": [ "0x2c3b478", true ] }, code=UNKNOWN_ERROR, version=6.17.0)
    at makeError (C:\Users\perum\OneDrive\Desktop\sidra\node_modules\ethers\src.ts\utils\errors.ts:698:21)
    at JsonRpcProvider.getRpcError (C:\Users\perum\OneDrive\Desktop\sidra\node_modules\ethers\src.ts\providers\provider-jsonrpc.ts:1086:25)
    at <anonymous> (C:\Users\perum\OneDrive\Desktop\sidra\node_modules\ethers\src.ts\providers\provider-jsonrpc.ts:571:45)
    at process.processTicksAndRejections (node:internal/process/task_queues:104:5)
[31m[Nest] 181104  - [39m04/09/2026, 10:23:22 pm [31m  ERROR[39m [38;5;3m[BlockchainService] [39m[31mFailed to scan USDT on BASE blocks 46379794-46384794[39m
Error: could not coalesce error (error={ "code": -32016, "message": "over rate limit" }, payload={ "id": 11116, "jsonrpc": "2.0", "method": "eth_getBlockByNumber", "params": [ "0x2c3b478", true ] }, code=UNKNOWN_ERROR, version=6.17.0)
    at makeError (C:\Users\perum\OneDrive\Desktop\sidra\node_modules\ethers\src.ts\utils\errors.ts:698:21)
    at JsonRpcProvider.getRpcError (C:\Users\perum\OneDrive\Desktop\sidra\node_modules\ethers\src.ts\providers\provider-jsonrpc.ts:1086:25)
    at <anonymous> (C:\Users\perum\OneDrive\Desktop\sidra\node_modules\ethers\src.ts\providers\provider-jsonrpc.ts:571:45)
    at process.processTicksAndRejections (node:internal/process/task_queues:104:5)
[31m[Nest] 181104  - [39m04/09/2026, 10:23:22 pm [31m  ERROR[39m [38;5;3m[BlockchainService] [39m[31mFailed to scan USDT on BASE blocks 46379794-46384794[39m
Error: could not coalesce error (error={ "code": -32016, "message": "over rate limit" }, payload={ "id": 11116, "jsonrpc": "2.0", "method": "eth_getBlockByNumber", "params": [ "0x2c3b478", true ] }, code=UNKNOWN_ERROR, version=6.17.0)
    at makeError (C:\Users\perum\OneDrive\Desktop\sidra\node_modules\ethers\src.ts\utils\errors.ts:698:21)
    at JsonRpcProvider.getRpcError (C:\Users\perum\OneDrive\Desktop\sidra\node_modules\ethers\src.ts\providers\provider-jsonrpc.ts:1086:25)
    at <anonymous> (C:\Users\perum\OneDrive\Desktop\sidra\node_modules\ethers\src.ts\providers\provider-jsonrpc.ts:571:45)
    at process.processTicksAndRejections (node:internal/process/task_queues:104:5)
[31m[Nest] 181104  - [39m04/09/2026, 10:23:22 pm [31m  ERROR[39m [38;5;3m[BlockchainService] [39m[31mFailed to scan USDT on BASE blocks 46379794-46384794[39m
Error: could not coalesce error (error={ "code": -32016, "message": "over rate limit" }, payload={ "id": 11116, "jsonrpc": "2.0", "method": "eth_getBlockByNumber", "params": [ "0x2c3b478", true ] }, code=UNKNOWN_ERROR, version=6.17.0)
    at makeError (C:\Users\perum\OneDrive\Desktop\sidra\node_modules\ethers\src.ts\utils\errors.ts:698:21)
    at JsonRpcProvider.getRpcError (C:\Users\perum\OneDrive\Desktop\sidra\node_modules\ethers\src.ts\providers\provider-jsonrpc.ts:1086:25)
    at <anonymous> (C:\Users\perum\OneDrive\Desktop\sidra\node_modules\ethers\src.ts\providers\provider-jsonrpc.ts:571:45)
    at process.processTicksAndRejections (node:internal/process/task_queues:104:5)
[31m[Nest] 181104  - [39m04/09/2026, 10:23:22 pm [31m  ERROR[39m [38;5;3m[BlockchainService] [39m[31mFailed to scan USDT on BASE blocks 46379794-46384794[39m
Error: could not coalesce error (error={ "code": -32016, "message": "over rate limit" }, payload={ "id": 11116, "jsonrpc": "2.0", "method": "eth_getBlockByNumber", "params": [ "0x2c3b478", true ] }, code=UNKNOWN_ERROR, version=6.17.0)
    at makeError (C:\Users\perum\OneDrive\Desktop\sidra\node_modules\ethers\src.ts\utils\errors.ts:698:21)
    at JsonRpcProvider.getRpcError (C:\Users\perum\OneDrive\Desktop\sidra\node_modules\ethers\src.ts\providers\provider-jsonrpc.ts:1086:25)
    at <anonymous> (C:\Users\perum\OneDrive\Desktop\sidra\node_modules\ethers\src.ts\providers\provider-jsonrpc.ts:571:45)
    at process.processTicksAndRejections (node:internal/process/task_queues:104:5)
[31m[Nest] 181104  - [39m04/09/2026, 10:23:22 pm [31m  ERROR[39m [38;5;3m[BlockchainService] [39m[31mFailed to scan USDT on BASE blocks 46379794-46384794[39m
Error: could not coalesce error (error={ "code": -32016, "message": "over rate limit" }, payload={ "id": 11116, "jsonrpc": "2.0", "method": "eth_getBlockByNumber", "params": [ "0x2c3b478", true ] }, code=UNKNOWN_ERROR, version=6.17.0)
    at makeError (C:\Users\perum\OneDrive\Desktop\sidra\node_modules\ethers\src.ts\utils\errors.ts:698:21)
    at JsonRpcProvider.getRpcError (C:\Users\perum\OneDrive\Desktop\sidra\node_modules\ethers\src.ts\providers\provider-jsonrpc.ts:1086:25)
    at <anonymous> (C:\Users\perum\OneDrive\Desktop\sidra\node_modules\ethers\src.ts\providers\provider-jsonrpc.ts:571:45)
    at process.processTicksAndRejections (node:internal/process/task_queues:104:5)
[31m[Nest] 181104  - [39m04/09/2026, 10:23:22 pm [31m  ERROR[39m [38;5;3m[BlockchainService] [39m[31mFailed to scan USDT on BASE blocks 46379794-46384794[39m
Error: could not coalesce error (error={ "code": -32016, "message": "over rate limit" }, payload={ "id": 11116, "jsonrpc": "2.0", "method": "eth_getBlockByNumber", "params": [ "0x2c3b478", true ] }, code=UNKNOWN_ERROR, version=6.17.0)
    at makeError (C:\Users\perum\OneDrive\Desktop\sidra\node_modules\ethers\src.ts\utils\errors.ts:698:21)
    at JsonRpcProvider.getRpcError (C:\Users\perum\OneDrive\Desktop\sidra\node_modules\ethers\src.ts\providers\provider-jsonrpc.ts:1086:25)
    at <anonymous> (C:\Users\perum\OneDrive\Desktop\sidra\node_modules\ethers\src.ts\providers\provider-jsonrpc.ts:571:45)
    at process.processTicksAndRejections (node:internal/process/task_queues:104:5)
[31m[Nest] 181104  - [39m04/09/2026, 10:23:25 pm [31m  ERROR[39m [38;5;3m[BlockchainService] [39m[31mFailed to scan USDT on BASE blocks 46381004-46386004[39m
Error: could not coalesce error (error={ "code": -32016, "message": "over rate limit" }, payload={ "id": 11157, "jsonrpc": "2.0", "method": "eth_getBlockByNumber", "params": [ "0x2c3b7f9", true ] }, code=UNKNOWN_ERROR, version=6.17.0)
    at makeError (C:\Users\perum\OneDrive\Desktop\sidra\node_modules\ethers\src.ts\utils\errors.ts:698:21)
    at JsonRpcProvider.getRpcError (C:\Users\perum\OneDrive\Desktop\sidra\node_modules\ethers\src.ts\providers\provider-jsonrpc.ts:1086:25)
    at <anonymous> (C:\Users\perum\OneDrive\Desktop\sidra\node_modules\ethers\src.ts\providers\provider-jsonrpc.ts:571:45)
    at process.processTicksAndRejections (node:internal/process/task_queues:104:5)
[31m[Nest] 181104  - [39m04/09/2026, 10:23:25 pm [31m  ERROR[39m [38;5;3m[BlockchainService] [39m[31mFailed to scan USDT on BASE blocks 46381004-46386004[39m
Error: could not coalesce error (error={ "code": -32016, "message": "over rate limit" }, payload={ "id": 11157, "jsonrpc": "2.0", "method": "eth_getBlockByNumber", "params": [ "0x2c3b7f9", true ] }, code=UNKNOWN_ERROR, version=6.17.0)
    at makeError (C:\Users\perum\OneDrive\Desktop\sidra\node_modules\ethers\src.ts\utils\errors.ts:698:21)
    at JsonRpcProvider.getRpcError (C:\Users\perum\OneDrive\Desktop\sidra\node_modules\ethers\src.ts\providers\provider-jsonrpc.ts:1086:25)
    at <anonymous> (C:\Users\perum\OneDrive\Desktop\sidra\node_modules\ethers\src.ts\providers\provider-jsonrpc.ts:571:45)
    at process.processTicksAndRejections (node:internal/process/task_queues:104:5)
[31m[Nest] 181104  - [39m04/09/2026, 10:23:25 pm [31m  ERROR[39m [38;5;3m[BlockchainService] [39m[31mFailed to scan USDT on BASE blocks 46381004-46386004[39m
Error: could not coalesce error (error={ "code": -32016, "message": "over rate limit" }, payload={ "id": 11157, "jsonrpc": "2.0", "method": "eth_getBlockByNumber", "params": [ "0x2c3b7f9", true ] }, code=UNKNOWN_ERROR, version=6.17.0)
    at makeError (C:\Users\perum\OneDrive\Desktop\sidra\node_modules\ethers\src.ts\utils\errors.ts:698:21)
    at JsonRpcProvider.getRpcError (C:\Users\perum\OneDrive\Desktop\sidra\node_modules\ethers\src.ts\providers\provider-jsonrpc.ts:1086:25)
    at <anonymous> (C:\Users\perum\OneDrive\Desktop\sidra\node_modules\ethers\src.ts\providers\provider-jsonrpc.ts:571:45)
    at process.processTicksAndRejections (node:internal/process/task_queues:104:5)
[31m[Nest] 181104  - [39m04/09/2026, 10:23:25 pm [31m  ERROR[39m [38;5;3m[BlockchainService] [39m[31mFailed to scan USDT on BASE blocks 46381004-46386004[39m
Error: could not coalesce error (error={ "code": -32016, "message": "over rate limit" }, payload={ "id": 11157, "jsonrpc": "2.0", "method": "eth_getBlockByNumber", "params": [ "0x2c3b7f9", true ] }, code=UNKNOWN_ERROR, version=6.17.0)
    at makeError (C:\Users\perum\OneDrive\Desktop\sidra\node_modules\ethers\src.ts\utils\errors.ts:698:21)
    at JsonRpcProvider.getRpcError (C:\Users\perum\OneDrive\Desktop\sidra\node_modules\ethers\src.ts\providers\provider-jsonrpc.ts:1086:25)
    at <anonymous> (C:\Users\perum\OneDrive\Desktop\sidra\node_modules\ethers\src.ts\providers\provider-jsonrpc.ts:571:45)
    at process.processTicksAndRejections (node:internal/process/task_queues:104:5)
[31m[Nest] 181104  - [39m04/09/2026, 10:23:25 pm [31m  ERROR[39m [38;5;3m[BlockchainService] [39m[31mFailed to scan USDT on BASE blocks 46381004-46386004[39m
Error: could not coalesce error (error={ "code": -32016, "message": "over rate limit" }, payload={ "id": 11157, "jsonrpc": "2.0", "method": "eth_getBlockByNumber", "params": [ "0x2c3b7f9", true ] }, code=UNKNOWN_ERROR, version=6.17.0)
    at makeError (C:\Users\perum\OneDrive\Desktop\sidra\node_modules\ethers\src.ts\utils\errors.ts:698:21)
    at JsonRpcProvider.getRpcError (C:\Users\perum\OneDrive\Desktop\sidra\node_modules\ethers\src.ts\providers\provider-jsonrpc.ts:1086:25)
    at <anonymous> (C:\Users\perum\OneDrive\Desktop\sidra\node_modules\ethers\src.ts\providers\provider-jsonrpc.ts:571:45)
    at process.processTicksAndRejections (node:internal/process/task_queues:104:5)
[31m[Nest] 181104  - [39m04/09/2026, 10:23:25 pm [31m  ERROR[39m [38;5;3m[BlockchainService] [39m[31mFailed to scan USDT on BASE blocks 46381004-46386004[39m
Error: could not coalesce error (error={ "code": -32016, "message": "over rate limit" }, payload={ "id": 11157, "jsonrpc": "2.0", "method": "eth_getBlockByNumber", "params": [ "0x2c3b7f9", true ] }, code=UNKNOWN_ERROR, version=6.17.0)
    at makeError (C:\Users\perum\OneDrive\Desktop\sidra\node_modules\ethers\src.ts\utils\errors.ts:698:21)
    at JsonRpcProvider.getRpcError (C:\Users\perum\OneDrive\Desktop\sidra\node_modules\ethers\src.ts\providers\provider-jsonrpc.ts:1086:25)
    at <anonymous> (C:\Users\perum\OneDrive\Desktop\sidra\node_modules\ethers\src.ts\providers\provider-jsonrpc.ts:571:45)
    at process.processTicksAndRejections (node:internal/process/task_queues:104:5)
[31m[Nest] 181104  - [39m04/09/2026, 10:23:25 pm [31m  ERROR[39m [38;5;3m[BlockchainService] [39m[31mFailed to scan USDT on BASE blocks 46381004-46386004[39m
Error: could not coalesce error (error={ "code": -32016, "message": "over rate limit" }, payload={ "id": 11157, "jsonrpc": "2.0", "method": "eth_getBlockByNumber", "params": [ "0x2c3b7f9", true ] }, code=UNKNOWN_ERROR, version=6.17.0)
    at makeError (C:\Users\perum\OneDrive\Desktop\sidra\node_modules\ethers\src.ts\utils\errors.ts:698:21)
    at JsonRpcProvider.getRpcError (C:\Users\perum\OneDrive\Desktop\sidra\node_modules\ethers\src.ts\providers\provider-jsonrpc.ts:1086:25)
    at <anonymous> (C:\Users\perum\OneDrive\Desktop\sidra\node_modules\ethers\src.ts\providers\provider-jsonrpc.ts:571:45)
    at process.processTicksAndRejections (node:internal/process/task_queues:104:5)
[31m[Nest] 181104  - [39m04/09/2026, 10:23:25 pm [31m  ERROR[39m [38;5;3m[BlockchainService] [39m[31mFailed to scan USDT on BASE blocks 46381115-46386115[39m
Error: could not coalesce error (error={ "code": -32016, "message": "over rate limit" }, payload={ "id": 11158, "jsonrpc": "2.0", "method": "eth_getBlockByNumber", "params": [ "0x2c3b869", true ] }, code=UNKNOWN_ERROR, version=6.17.0)
    at makeError (C:\Users\perum\OneDrive\Desktop\sidra\node_modules\ethers\src.ts\utils\errors.ts:698:21)
    at JsonRpcProvider.getRpcError (C:\Users\perum\OneDrive\Desktop\sidra\node_modules\ethers\src.ts\providers\provider-jsonrpc.ts:1086:25)
    at <anonymous> (C:\Users\perum\OneDrive\Desktop\sidra\node_modules\ethers\src.ts\providers\provider-jsonrpc.ts:571:45)
    at process.processTicksAndRejections (node:internal/process/task_queues:104:5)
[31m[Nest] 181104  - [39m04/09/2026, 10:23:25 pm [31m  ERROR[39m [38;5;3m[BlockchainService] [39m[31mFailed to scan USDT on BASE blocks 46381115-46386115[39m
Error: could not coalesce error (error={ "code": -32016, "message": "over rate limit" }, payload={ "id": 11158, "jsonrpc": "2.0", "method": "eth_getBlockByNumber", "params": [ "0x2c3b869", true ] }, code=UNKNOWN_ERROR, version=6.17.0)
    at makeError (C:\Users\perum\OneDrive\Desktop\sidra\node_modules\ethers\src.ts\utils\errors.ts:698:21)
    at JsonRpcProvider.getRpcError (C:\Users\perum\OneDrive\Desktop\sidra\node_modules\ethers\src.ts\providers\provider-jsonrpc.ts:1086:25)
    at <anonymous> (C:\Users\perum\OneDrive\Desktop\sidra\node_modules\ethers\src.ts\providers\provider-jsonrpc.ts:571:45)
    at process.processTicksAndRejections (node:internal/process/task_queues:104:5)
[31m[Nest] 181104  - [39m04/09/2026, 10:23:25 pm [31m  ERROR[39m [38;5;3m[BlockchainService] [39m[31mFailed to scan USDT on BASE blocks 46381115-46386115[39m
Error: could not coalesce error (error={ "code": -32016, "message": "over rate limit" }, payload={ "id": 11158, "jsonrpc": "2.0", "method": "eth_getBlockByNumber", "params": [ "0x2c3b869", true ] }, code=UNKNOWN_ERROR, version=6.17.0)
    at makeError (C:\Users\perum\OneDrive\Desktop\sidra\node_modules\ethers\src.ts\utils\errors.ts:698:21)
    at JsonRpcProvider.getRpcError (C:\Users\perum\OneDrive\Desktop\sidra\node_modules\ethers\src.ts\providers\provider-jsonrpc.ts:1086:25)
    at <anonymous> (C:\Users\perum\OneDrive\Desktop\sidra\node_modules\ethers\src.ts\providers\provider-jsonrpc.ts:571:45)
    at process.processTicksAndRejections (node:internal/process/task_queues:104:5)
[31m[Nest] 181104  - [39m04/09/2026, 10:23:25 pm [31m  ERROR[39m [38;5;3m[BlockchainService] [39m[31mFailed to scan USDT on BASE blocks 46381115-46386115[39m
Error: could not coalesce error (error={ "code": -32016, "message": "over rate limit" }, payload={ "id": 11158, "jsonrpc": "2.0", "method": "eth_getBlockByNumber", "params": [ "0x2c3b869", true ] }, code=UNKNOWN_ERROR, version=6.17.0)
    at makeError (C:\Users\perum\OneDrive\Desktop\sidra\node_modules\ethers\src.ts\utils\errors.ts:698:21)
    at JsonRpcProvider.getRpcError (C:\Users\perum\OneDrive\Desktop\sidra\node_modules\ethers\src.ts\providers\provider-jsonrpc.ts:1086:25)
    at <anonymous> (C:\Users\perum\OneDrive\Desktop\sidra\node_modules\ethers\src.ts\providers\provider-jsonrpc.ts:571:45)
    at process.processTicksAndRejections (node:internal/process/task_queues:104:5)
[31m[Nest] 181104  - [39m04/09/2026, 10:23:25 pm [31m  ERROR[39m [38;5;3m[BlockchainService] [39m[31mFailed to scan USDT on BASE blocks 46381115-46386115[39m
Error: could not coalesce error (error={ "code": -32016, "message": "over rate limit" }, payload={ "id": 11158, "jsonrpc": "2.0", "method": "eth_getBlockByNumber", "params": [ "0x2c3b869", true ] }, code=UNKNOWN_ERROR, version=6.17.0)
    at makeError (C:\Users\perum\OneDrive\Desktop\sidra\node_modules\ethers\src.ts\utils\errors.ts:698:21)
    at JsonRpcProvider.getRpcError (C:\Users\perum\OneDrive\Desktop\sidra\node_modules\ethers\src.ts\providers\provider-jsonrpc.ts:1086:25)
    at <anonymous> (C:\Users\perum\OneDrive\Desktop\sidra\node_modules\ethers\src.ts\providers\provider-jsonrpc.ts:571:45)
    at process.processTicksAndRejections (node:internal/process/task_queues:104:5)
[31m[Nest] 181104  - [39m04/09/2026, 10:23:25 pm [31m  ERROR[39m [38;5;3m[BlockchainService] [39m[31mFailed to scan USDT on BASE blocks 46381115-46386115[39m
Error: could not coalesce error (error={ "code": -32016, "message": "over rate limit" }, payload={ "id": 11158, "jsonrpc": "2.0", "method": "eth_getBlockByNumber", "params": [ "0x2c3b869", true ] }, code=UNKNOWN_ERROR, version=6.17.0)
    at makeError (C:\Users\perum\OneDrive\Desktop\sidra\node_modules\ethers\src.ts\utils\errors.ts:698:21)
    at JsonRpcProvider.getRpcError (C:\Users\perum\OneDrive\Desktop\sidra\node_modules\ethers\src.ts\providers\provider-jsonrpc.ts:1086:25)
    at <anonymous> (C:\Users\perum\OneDrive\Desktop\sidra\node_modules\ethers\src.ts\providers\provider-jsonrpc.ts:571:45)
    at process.processTicksAndRejections (node:internal/process/task_queues:104:5)
[31m[Nest] 181104  - [39m04/09/2026, 10:23:25 pm [31m  ERROR[39m [38;5;3m[BlockchainService] [39m[31mFailed to scan USDT on BASE blocks 46381115-46386115[39m
Error: could not coalesce error (error={ "code": -32016, "message": "over rate limit" }, payload={ "id": 11158, "jsonrpc": "2.0", "method": "eth_getBlockByNumber", "params": [ "0x2c3b869", true ] }, code=UNKNOWN_ERROR, version=6.17.0)
    at makeError (C:\Users\perum\OneDrive\Desktop\sidra\node_modules\ethers\src.ts\utils\errors.ts:698:21)
    at JsonRpcProvider.getRpcError (C:\Users\perum\OneDrive\Desktop\sidra\node_modules\ethers\src.ts\providers\provider-jsonrpc.ts:1086:25)
    at <anonymous> (C:\Users\perum\OneDrive\Desktop\sidra\node_modules\ethers\src.ts\providers\provider-jsonrpc.ts:571:45)
    at process.processTicksAndRejections (node:internal/process/task_queues:104:5)
[31m[Nest] 181104  - [39m04/09/2026, 10:23:25 pm [31m  ERROR[39m [38;5;3m[BlockchainService] [39m[31mFailed to scan USDT on BASE blocks 46381131-46386131[39m
Error: could not coalesce error (error={ "code": -32016, "message": "over rate limit" }, payload={ "id": 11159, "jsonrpc": "2.0", "method": "eth_getBlockByNumber", "params": [ "0x2c3b87a", true ] }, code=UNKNOWN_ERROR, version=6.17.0)
    at makeError (C:\Users\perum\OneDrive\Desktop\sidra\node_modules\ethers\src.ts\utils\errors.ts:698:21)
    at JsonRpcProvider.getRpcError (C:\Users\perum\OneDrive\Desktop\sidra\node_modules\ethers\src.ts\providers\provider-jsonrpc.ts:1086:25)
    at <anonymous> (C:\Users\perum\OneDrive\Desktop\sidra\node_modules\ethers\src.ts\providers\provider-jsonrpc.ts:571:45)
    at process.processTicksAndRejections (node:internal/process/task_queues:104:5)
[31m[Nest] 181104  - [39m04/09/2026, 10:23:25 pm [31m  ERROR[39m [38;5;3m[BlockchainService] [39m[31mFailed to scan USDT on BASE blocks 46381131-46386131[39m
Error: could not coalesce error (error={ "code": -32016, "message": "over rate limit" }, payload={ "id": 11159, "jsonrpc": "2.0", "method": "eth_getBlockByNumber", "params": [ "0x2c3b87a", true ] }, code=UNKNOWN_ERROR, version=6.17.0)
    at makeError (C:\Users\perum\OneDrive\Desktop\sidra\node_modules\ethers\src.ts\utils\errors.ts:698:21)
    at JsonRpcProvider.getRpcError (C:\Users\perum\OneDrive\Desktop\sidra\node_modules\ethers\src.ts\providers\provider-jsonrpc.ts:1086:25)
    at <anonymous> (C:\Users\perum\OneDrive\Desktop\sidra\node_modules\ethers\src.ts\providers\provider-jsonrpc.ts:571:45)
    at process.processTicksAndRejections (node:internal/process/task_queues:104:5)
[31m[Nest] 181104  - [39m04/09/2026, 10:23:25 pm [31m  ERROR[39m [38;5;3m[BlockchainService] [39m[31mFailed to scan USDT on BASE blocks 46381131-46386131[39m
Error: could not coalesce error (error={ "code": -32016, "message": "over rate limit" }, payload={ "id": 11159, "jsonrpc": "2.0", "method": "eth_getBlockByNumber", "params": [ "0x2c3b87a", true ] }, code=UNKNOWN_ERROR, version=6.17.0)
    at makeError (C:\Users\perum\OneDrive\Desktop\sidra\node_modules\ethers\src.ts\utils\errors.ts:698:21)
    at JsonRpcProvider.getRpcError (C:\Users\perum\OneDrive\Desktop\sidra\node_modules\ethers\src.ts\providers\provider-jsonrpc.ts:1086:25)
    at <anonymous> (C:\Users\perum\OneDrive\Desktop\sidra\node_modules\ethers\src.ts\providers\provider-jsonrpc.ts:571:45)
    at process.processTicksAndRejections (node:internal/process/task_queues:104:5)
[31m[Nest] 181104  - [39m04/09/2026, 10:23:25 pm [31m  ERROR[39m [38;5;3m[BlockchainService] [39m[31mFailed to scan USDT on BASE blocks 46381131-46386131[39m
Error: could not coalesce error (error={ "code": -32016, "message": "over rate limit" }, payload={ "id": 11159, "jsonrpc": "2.0", "method": "eth_getBlockByNumber", "params": [ "0x2c3b87a", true ] }, code=UNKNOWN_ERROR, version=6.17.0)
    at makeError (C:\Users\perum\OneDrive\Desktop\sidra\node_modules\ethers\src.ts\utils\errors.ts:698:21)
    at JsonRpcProvider.getRpcError (C:\Users\perum\OneDrive\Desktop\sidra\node_modules\ethers\src.ts\providers\provider-jsonrpc.ts:1086:25)
    at <anonymous> (C:\Users\perum\OneDrive\Desktop\sidra\node_modules\ethers\src.ts\providers\provider-jsonrpc.ts:571:45)
    at process.processTicksAndRejections (node:internal/process/task_queues:104:5)
[31m[Nest] 181104  - [39m04/09/2026, 10:23:25 pm [31m  ERROR[39m [38;5;3m[BlockchainService] [39m[31mFailed to scan USDT on BASE blocks 46381131-46386131[39m
Error: could not coalesce error (error={ "code": -32016, "message": "over rate limit" }, payload={ "id": 11159, "jsonrpc": "2.0", "method": "eth_getBlockByNumber", "params": [ "0x2c3b87a", true ] }, code=UNKNOWN_ERROR, version=6.17.0)
    at makeError (C:\Users\perum\OneDrive\Desktop\sidra\node_modules\ethers\src.ts\utils\errors.ts:698:21)
    at JsonRpcProvider.getRpcError (C:\Users\perum\OneDrive\Desktop\sidra\node_modules\ethers\src.ts\providers\provider-jsonrpc.ts:1086:25)
    at <anonymous> (C:\Users\perum\OneDrive\Desktop\sidra\node_modules\ethers\src.ts\providers\provider-jsonrpc.ts:571:45)
    at process.processTicksAndRejections (node:internal/process/task_queues:104:5)
[31m[Nest] 181104  - [39m04/09/2026, 10:23:25 pm [31m  ERROR[39m [38;5;3m[BlockchainService] [39m[31mFailed to scan USDT on BASE blocks 46381131-46386131[39m
Error: could not coalesce error (error={ "code": -32016, "message": "over rate limit" }, payload={ "id": 11159, "jsonrpc": "2.0", "method": "eth_getBlockByNumber", "params": [ "0x2c3b87a", true ] }, code=UNKNOWN_ERROR, version=6.17.0)
    at makeError (C:\Users\perum\OneDrive\Desktop\sidra\node_modules\ethers\src.ts\utils\errors.ts:698:21)
    at JsonRpcProvider.getRpcError (C:\Users\perum\OneDrive\Desktop\sidra\node_modules\ethers\src.ts\providers\provider-jsonrpc.ts:1086:25)
    at <anonymous> (C:\Users\perum\OneDrive\Desktop\sidra\node_modules\ethers\src.ts\providers\provider-jsonrpc.ts:571:45)
    at process.processTicksAndRejections (node:internal/process/task_queues:104:5)
[31m[Nest] 181104  - [39m04/09/2026, 10:23:25 pm [31m  ERROR[39m [38;5;3m[BlockchainService] [39m[31mFailed to scan USDT on BASE blocks 46381131-46386131[39m
Error: could not coalesce error (error={ "code": -32016, "message": "over rate limit" }, payload={ "id": 11159, "jsonrpc": "2.0", "method": "eth_getBlockByNumber", "params": [ "0x2c3b87a", true ] }, code=UNKNOWN_ERROR, version=6.17.0)
    at makeError (C:\Users\perum\OneDrive\Desktop\sidra\node_modules\ethers\src.ts\utils\errors.ts:698:21)
    at JsonRpcProvider.getRpcError (C:\Users\perum\OneDrive\Desktop\sidra\node_modules\ethers\src.ts\providers\provider-jsonrpc.ts:1086:25)
    at <anonymous> (C:\Users\perum\OneDrive\Desktop\sidra\node_modules\ethers\src.ts\providers\provider-jsonrpc.ts:571:45)
    at process.processTicksAndRejections (node:internal/process/task_queues:104:5)
[31m[Nest] 181104  - [39m04/09/2026, 10:23:25 pm [31m  ERROR[39m [38;5;3m[BlockchainService] [39m[31mFailed to scan USDT on BASE blocks 46381018-46386018[39m
Error: could not coalesce error (error={ "code": -32016, "message": "over rate limit" }, payload={ "id": 11160, "jsonrpc": "2.0", "method": "eth_getBlockByNumber", "params": [ "0x2c3b80b", true ] }, code=UNKNOWN_ERROR, version=6.17.0)
    at makeError (C:\Users\perum\OneDrive\Desktop\sidra\node_modules\ethers\src.ts\utils\errors.ts:698:21)
    at JsonRpcProvider.getRpcError (C:\Users\perum\OneDrive\Desktop\sidra\node_modules\ethers\src.ts\providers\provider-jsonrpc.ts:1086:25)
    at <anonymous> (C:\Users\perum\OneDrive\Desktop\sidra\node_modules\ethers\src.ts\providers\provider-jsonrpc.ts:571:45)
    at process.processTicksAndRejections (node:internal/process/task_queues:104:5)
[31m[Nest] 181104  - [39m04/09/2026, 10:23:25 pm [31m  ERROR[39m [38;5;3m[BlockchainService] [39m[31mFailed to scan USDT on BASE blocks 46381018-46386018[39m
Error: could not coalesce error (error={ "code": -32016, "message": "over rate limit" }, payload={ "id": 11160, "jsonrpc": "2.0", "method": "eth_getBlockByNumber", "params": [ "0x2c3b80b", true ] }, code=UNKNOWN_ERROR, version=6.17.0)
    at makeError (C:\Users\perum\OneDrive\Desktop\sidra\node_modules\ethers\src.ts\utils\errors.ts:698:21)
    at JsonRpcProvider.getRpcError (C:\Users\perum\OneDrive\Desktop\sidra\node_modules\ethers\src.ts\providers\provider-jsonrpc.ts:1086:25)
    at <anonymous> (C:\Users\perum\OneDrive\Desktop\sidra\node_modules\ethers\src.ts\providers\provider-jsonrpc.ts:571:45)
    at process.processTicksAndRejections (node:internal/process/task_queues:104:5)
[31m[Nest] 181104  - [39m04/09/2026, 10:23:25 pm [31m  ERROR[39m [38;5;3m[BlockchainService] [39m[31mFailed to scan USDT on BASE blocks 46381018-46386018[39m
Error: could not coalesce error (error={ "code": -32016, "message": "over rate limit" }, payload={ "id": 11160, "jsonrpc": "2.0", "method": "eth_getBlockByNumber", "params": [ "0x2c3b80b", true ] }, code=UNKNOWN_ERROR, version=6.17.0)
    at makeError (C:\Users\perum\OneDrive\Desktop\sidra\node_modules\ethers\src.ts\utils\errors.ts:698:21)
    at JsonRpcProvider.getRpcError (C:\Users\perum\OneDrive\Desktop\sidra\node_modules\ethers\src.ts\providers\provider-jsonrpc.ts:1086:25)
    at <anonymous> (C:\Users\perum\OneDrive\Desktop\sidra\node_modules\ethers\src.ts\providers\provider-jsonrpc.ts:571:45)
    at process.processTicksAndRejections (node:internal/process/task_queues:104:5)
[31m[Nest] 181104  - [39m04/09/2026, 10:23:25 pm [31m  ERROR[39m [38;5;3m[BlockchainService] [39m[31mFailed to scan USDT on BASE blocks 46381018-46386018[39m
Error: could not coalesce error (error={ "code": -32016, "message": "over rate limit" }, payload={ "id": 11160, "jsonrpc": "2.0", "method": "eth_getBlockByNumber", "params": [ "0x2c3b80b", true ] }, code=UNKNOWN_ERROR, version=6.17.0)
    at makeError (C:\Users\perum\OneDrive\Desktop\sidra\node_modules\ethers\src.ts\utils\errors.ts:698:21)
    at JsonRpcProvider.getRpcError (C:\Users\perum\OneDrive\Desktop\sidra\node_modules\ethers\src.ts\providers\provider-jsonrpc.ts:1086:25)
    at <anonymous> (C:\Users\perum\OneDrive\Desktop\sidra\node_modules\ethers\src.ts\providers\provider-jsonrpc.ts:571:45)
    at process.processTicksAndRejections (node:internal/process/task_queues:104:5)
[31m[Nest] 181104  - [39m04/09/2026, 10:23:25 pm [31m  ERROR[39m [38;5;3m[BlockchainService] [39m[31mFailed to scan USDT on BASE blocks 46381018-46386018[39m
Error: could not coalesce error (error={ "code": -32016, "message": "over rate limit" }, payload={ "id": 11160, "jsonrpc": "2.0", "method": "eth_getBlockByNumber", "params": [ "0x2c3b80b", true ] }, code=UNKNOWN_ERROR, version=6.17.0)
    at makeError (C:\Users\perum\OneDrive\Desktop\sidra\node_modules\ethers\src.ts\utils\errors.ts:698:21)
    at JsonRpcProvider.getRpcError (C:\Users\perum\OneDrive\Desktop\sidra\node_modules\ethers\src.ts\providers\provider-jsonrpc.ts:1086:25)
    at <anonymous> (C:\Users\perum\OneDrive\Desktop\sidra\node_modules\ethers\src.ts\providers\provider-jsonrpc.ts:571:45)
    at process.processTicksAndRejections (node:internal/process/task_queues:104:5)
[31m[Nest] 181104  - [39m04/09/2026, 10:23:25 pm [31m  ERROR[39m [38;5;3m[BlockchainService] [39m[31mFailed to scan USDT on BASE blocks 46381018-46386018[39m
Error: could not coalesce error (error={ "code": -32016, "message": "over rate limit" }, payload={ "id": 11160, "jsonrpc": "2.0", "method": "eth_getBlockByNumber", "params": [ "0x2c3b80b", true ] }, code=UNKNOWN_ERROR, version=6.17.0)
    at makeError (C:\Users\perum\OneDrive\Desktop\sidra\node_modules\ethers\src.ts\utils\errors.ts:698:21)
    at JsonRpcProvider.getRpcError (C:\Users\perum\OneDrive\Desktop\sidra\node_modules\ethers\src.ts\providers\provider-jsonrpc.ts:1086:25)
    at <anonymous> (C:\Users\perum\OneDrive\Desktop\sidra\node_modules\ethers\src.ts\providers\provider-jsonrpc.ts:571:45)
    at process.processTicksAndRejections (node:internal/process/task_queues:104:5)
[31m[Nest] 181104  - [39m04/09/2026, 10:23:25 pm [31m  ERROR[39m [38;5;3m[BlockchainService] [39m[31mFailed to scan USDT on BASE blocks 46381018-46386018[39m
Error: could not coalesce error (error={ "code": -32016, "message": "over rate limit" }, payload={ "id": 11160, "jsonrpc": "2.0", "method": "eth_getBlockByNumber", "params": [ "0x2c3b80b", true ] }, code=UNKNOWN_ERROR, version=6.17.0)
    at makeError (C:\Users\perum\OneDrive\Desktop\sidra\node_modules\ethers\src.ts\utils\errors.ts:698:21)
    at JsonRpcProvider.getRpcError (C:\Users\perum\OneDrive\Desktop\sidra\node_modules\ethers\src.ts\providers\provider-jsonrpc.ts:1086:25)
    at <anonymous> (C:\Users\perum\OneDrive\Desktop\sidra\node_modules\ethers\src.ts\providers\provider-jsonrpc.ts:571:45)
    at process.processTicksAndRejections (node:internal/process/task_queues:104:5)
[31m[Nest] 181104  - [39m04/09/2026, 10:23:25 pm [31m  ERROR[39m [38;5;3m[BlockchainService] [39m[31mFailed to scan ETH on BASE blocks 46380974-46385974[39m
Error: could not coalesce error (error={ "code": -32016, "message": "over rate limit" }, payload={ "id": 11160, "jsonrpc": "2.0", "method": "eth_getBlockByNumber", "params": [ "0x2c3b80b", true ] }, code=UNKNOWN_ERROR, version=6.17.0)
    at makeError (C:\Users\perum\OneDrive\Desktop\sidra\node_modules\ethers\src.ts\utils\errors.ts:698:21)
    at JsonRpcProvider.getRpcError (C:\Users\perum\OneDrive\Desktop\sidra\node_modules\ethers\src.ts\providers\provider-jsonrpc.ts:1086:25)
    at <anonymous> (C:\Users\perum\OneDrive\Desktop\sidra\node_modules\ethers\src.ts\providers\provider-jsonrpc.ts:571:45)
    at process.processTicksAndRejections (node:internal/process/task_queues:104:5)
[31m[Nest] 181104  - [39m04/09/2026, 10:23:25 pm [31m  ERROR[39m [38;5;3m[BlockchainService] [39m[31mFailed to scan ETH on BASE blocks 46380974-46385974[39m
Error: could not coalesce error (error={ "code": -32016, "message": "over rate limit" }, payload={ "id": 11160, "jsonrpc": "2.0", "method": "eth_getBlockByNumber", "params": [ "0x2c3b80b", true ] }, code=UNKNOWN_ERROR, version=6.17.0)
    at makeError (C:\Users\perum\OneDrive\Desktop\sidra\node_modules\ethers\src.ts\utils\errors.ts:698:21)
    at JsonRpcProvider.getRpcError (C:\Users\perum\OneDrive\Desktop\sidra\node_modules\ethers\src.ts\providers\provider-jsonrpc.ts:1086:25)
    at <anonymous> (C:\Users\perum\OneDrive\Desktop\sidra\node_modules\ethers\src.ts\providers\provider-jsonrpc.ts:571:45)
    at process.processTicksAndRejections (node:internal/process/task_queues:104:5)
[31m[Nest] 181104  - [39m04/09/2026, 10:23:25 pm [31m  ERROR[39m [38;5;3m[BlockchainService] [39m[31mFailed to scan ETH on BASE blocks 46380974-46385974[39m
Error: could not coalesce error (error={ "code": -32016, "message": "over rate limit" }, payload={ "id": 11160, "jsonrpc": "2.0", "method": "eth_getBlockByNumber", "params": [ "0x2c3b80b", true ] }, code=UNKNOWN_ERROR, version=6.17.0)
    at makeError (C:\Users\perum\OneDrive\Desktop\sidra\node_modules\ethers\src.ts\utils\errors.ts:698:21)
    at JsonRpcProvider.getRpcError (C:\Users\perum\OneDrive\Desktop\sidra\node_modules\ethers\src.ts\providers\provider-jsonrpc.ts:1086:25)
    at <anonymous> (C:\Users\perum\OneDrive\Desktop\sidra\node_modules\ethers\src.ts\providers\provider-jsonrpc.ts:571:45)
    at process.processTicksAndRejections (node:internal/process/task_queues:104:5)
[31m[Nest] 181104  - [39m04/09/2026, 10:23:25 pm [31m  ERROR[39m [38;5;3m[BlockchainService] [39m[31mFailed to scan ETH on BASE blocks 46380974-46385974[39m
Error: could not coalesce error (error={ "code": -32016, "message": "over rate limit" }, payload={ "id": 11160, "jsonrpc": "2.0", "method": "eth_getBlockByNumber", "params": [ "0x2c3b80b", true ] }, code=UNKNOWN_ERROR, version=6.17.0)
    at makeError (C:\Users\perum\OneDrive\Desktop\sidra\node_modules\ethers\src.ts\utils\errors.ts:698:21)
    at JsonRpcProvider.getRpcError (C:\Users\perum\OneDrive\Desktop\sidra\node_modules\ethers\src.ts\providers\provider-jsonrpc.ts:1086:25)
    at <anonymous> (C:\Users\perum\OneDrive\Desktop\sidra\node_modules\ethers\src.ts\providers\provider-jsonrpc.ts:571:45)
    at process.processTicksAndRejections (node:internal/process/task_queues:104:5)
[31m[Nest] 181104  - [39m04/09/2026, 10:23:25 pm [31m  ERROR[39m [38;5;3m[BlockchainService] [39m[31mFailed to scan ETH on BASE blocks 46380974-46385974[39m
Error: could not coalesce error (error={ "code": -32016, "message": "over rate limit" }, payload={ "id": 11160, "jsonrpc": "2.0", "method": "eth_getBlockByNumber", "params": [ "0x2c3b80b", true ] }, code=UNKNOWN_ERROR, version=6.17.0)
    at makeError (C:\Users\perum\OneDrive\Desktop\sidra\node_modules\ethers\src.ts\utils\errors.ts:698:21)
    at JsonRpcProvider.getRpcError (C:\Users\perum\OneDrive\Desktop\sidra\node_modules\ethers\src.ts\providers\provider-jsonrpc.ts:1086:25)
    at <anonymous> (C:\Users\perum\OneDrive\Desktop\sidra\node_modules\ethers\src.ts\providers\provider-jsonrpc.ts:571:45)
    at process.processTicksAndRejections (node:internal/process/task_queues:104:5)
[31m[Nest] 181104  - [39m04/09/2026, 10:23:25 pm [31m  ERROR[39m [38;5;3m[BlockchainService] [39m[31mFailed to scan ETH on BASE blocks 46380974-46385974[39m
Error: could not coalesce error (error={ "code": -32016, "message": "over rate limit" }, payload={ "id": 11160, "jsonrpc": "2.0", "method": "eth_getBlockByNumber", "params": [ "0x2c3b80b", true ] }, code=UNKNOWN_ERROR, version=6.17.0)
    at makeError (C:\Users\perum\OneDrive\Desktop\sidra\node_modules\ethers\src.ts\utils\errors.ts:698:21)
    at JsonRpcProvider.getRpcError (C:\Users\perum\OneDrive\Desktop\sidra\node_modules\ethers\src.ts\providers\provider-jsonrpc.ts:1086:25)
    at <anonymous> (C:\Users\perum\OneDrive\Desktop\sidra\node_modules\ethers\src.ts\providers\provider-jsonrpc.ts:571:45)
    at process.processTicksAndRejections (node:internal/process/task_queues:104:5)
[31m[Nest] 181104  - [39m04/09/2026, 10:23:25 pm [31m  ERROR[39m [38;5;3m[BlockchainService] [39m[31mFailed to scan ETH on BASE blocks 46380974-46385974[39m
Error: could not coalesce error (error={ "code": -32016, "message": "over rate limit" }, payload={ "id": 11160, "jsonrpc": "2.0", "method": "eth_getBlockByNumber", "params": [ "0x2c3b80b", true ] }, code=UNKNOWN_ERROR, version=6.17.0)
    at makeError (C:\Users\perum\OneDrive\Desktop\sidra\node_modules\ethers\src.ts\utils\errors.ts:698:21)
    at JsonRpcProvider.getRpcError (C:\Users\perum\OneDrive\Desktop\sidra\node_modules\ethers\src.ts\providers\provider-jsonrpc.ts:1086:25)
    at <anonymous> (C:\Users\perum\OneDrive\Desktop\sidra\node_modules\ethers\src.ts\providers\provider-jsonrpc.ts:571:45)
    at process.processTicksAndRejections (node:internal/process/task_queues:104:5)
[31m[Nest] 181104  - [39m04/09/2026, 10:23:28 pm [31m  ERROR[39m [38;5;3m[BlockchainService] [39m[31mFailed to scan USDT on BASE blocks 46380924-46385924[39m
Error: could not coalesce error (error={ "code": -32016, "message": "over rate limit" }, payload={ "id": 11201, "jsonrpc": "2.0", "method": "eth_getBlockByNumber", "params": [ "0x2c3b7a5", true ] }, code=UNKNOWN_ERROR, version=6.17.0)
    at makeError (C:\Users\perum\OneDrive\Desktop\sidra\node_modules\ethers\src.ts\utils\errors.ts:698:21)
    at JsonRpcProvider.getRpcError (C:\Users\perum\OneDrive\Desktop\sidra\node_modules\ethers\src.ts\providers\provider-jsonrpc.ts:1086:25)
    at <anonymous> (C:\Users\perum\OneDrive\Desktop\sidra\node_modules\ethers\src.ts\providers\provider-jsonrpc.ts:571:45)
    at process.processTicksAndRejections (node:internal/process/task_queues:104:5)
[31m[Nest] 181104  - [39m04/09/2026, 10:23:28 pm [31m  ERROR[39m [38;5;3m[BlockchainService] [39m[31mFailed to scan USDT on BASE blocks 46380924-46385924[39m
Error: could not coalesce error (error={ "code": -32016, "message": "over rate limit" }, payload={ "id": 11201, "jsonrpc": "2.0", "method": "eth_getBlockByNumber", "params": [ "0x2c3b7a5", true ] }, code=UNKNOWN_ERROR, version=6.17.0)
    at makeError (C:\Users\perum\OneDrive\Desktop\sidra\node_modules\ethers\src.ts\utils\errors.ts:698:21)
    at JsonRpcProvider.getRpcError (C:\Users\perum\OneDrive\Desktop\sidra\node_modules\ethers\src.ts\providers\provider-jsonrpc.ts:1086:25)
    at <anonymous> (C:\Users\perum\OneDrive\Desktop\sidra\node_modules\ethers\src.ts\providers\provider-jsonrpc.ts:571:45)
    at process.processTicksAndRejections (node:internal/process/task_queues:104:5)
[31m[Nest] 181104  - [39m04/09/2026, 10:23:28 pm [31m  ERROR[39m [38;5;3m[BlockchainService] [39m[31mFailed to scan USDT on BASE blocks 46380924-46385924[39m
Error: could not coalesce error (error={ "code": -32016, "message": "over rate limit" }, payload={ "id": 11201, "jsonrpc": "2.0", "method": "eth_getBlockByNumber", "params": [ "0x2c3b7a5", true ] }, code=UNKNOWN_ERROR, version=6.17.0)
    at makeError (C:\Users\perum\OneDrive\Desktop\sidra\node_modules\ethers\src.ts\utils\errors.ts:698:21)
    at JsonRpcProvider.getRpcError (C:\Users\perum\OneDrive\Desktop\sidra\node_modules\ethers\src.ts\providers\provider-jsonrpc.ts:1086:25)
    at <anonymous> (C:\Users\perum\OneDrive\Desktop\sidra\node_modules\ethers\src.ts\providers\provider-jsonrpc.ts:571:45)
    at process.processTicksAndRejections (node:internal/process/task_queues:104:5)
[31m[Nest] 181104  - [39m04/09/2026, 10:23:28 pm [31m  ERROR[39m [38;5;3m[BlockchainService] [39m[31mFailed to scan USDT on BASE blocks 46380924-46385924[39m
Error: could not coalesce error (error={ "code": -32016, "message": "over rate limit" }, payload={ "id": 11201, "jsonrpc": "2.0", "method": "eth_getBlockByNumber", "params": [ "0x2c3b7a5", true ] }, code=UNKNOWN_ERROR, version=6.17.0)
    at makeError (C:\Users\perum\OneDrive\Desktop\sidra\node_modules\ethers\src.ts\utils\errors.ts:698:21)
    at JsonRpcProvider.getRpcError (C:\Users\perum\OneDrive\Desktop\sidra\node_modules\ethers\src.ts\providers\provider-jsonrpc.ts:1086:25)
    at <anonymous> (C:\Users\perum\OneDrive\Desktop\sidra\node_modules\ethers\src.ts\providers\provider-jsonrpc.ts:571:45)
    at process.processTicksAndRejections (node:internal/process/task_queues:104:5)
[31m[Nest] 181104  - [39m04/09/2026, 10:23:28 pm [31m  ERROR[39m [38;5;3m[BlockchainService] [39m[31mFailed to scan USDT on BASE blocks 46380924-46385924[39m
Error: could not coalesce error (error={ "code": -32016, "message": "over rate limit" }, payload={ "id": 11201, "jsonrpc": "2.0", "method": "eth_getBlockByNumber", "params": [ "0x2c3b7a5", true ] }, code=UNKNOWN_ERROR, version=6.17.0)
    at makeError (C:\Users\perum\OneDrive\Desktop\sidra\node_modules\ethers\src.ts\utils\errors.ts:698:21)
    at JsonRpcProvider.getRpcError (C:\Users\perum\OneDrive\Desktop\sidra\node_modules\ethers\src.ts\providers\provider-jsonrpc.ts:1086:25)
    at <anonymous> (C:\Users\perum\OneDrive\Desktop\sidra\node_modules\ethers\src.ts\providers\provider-jsonrpc.ts:571:45)
    at process.processTicksAndRejections (node:internal/process/task_queues:104:5)
[31m[Nest] 181104  - [39m04/09/2026, 10:23:28 pm [31m  ERROR[39m [38;5;3m[BlockchainService] [39m[31mFailed to scan USDT on BASE blocks 46380924-46385924[39m
Error: could not coalesce error (error={ "code": -32016, "message": "over rate limit" }, payload={ "id": 11201, "jsonrpc": "2.0", "method": "eth_getBlockByNumber", "params": [ "0x2c3b7a5", true ] }, code=UNKNOWN_ERROR, version=6.17.0)
    at makeError (C:\Users\perum\OneDrive\Desktop\sidra\node_modules\ethers\src.ts\utils\errors.ts:698:21)
    at JsonRpcProvider.getRpcError (C:\Users\perum\OneDrive\Desktop\sidra\node_modules\ethers\src.ts\providers\provider-jsonrpc.ts:1086:25)
    at <anonymous> (C:\Users\perum\OneDrive\Desktop\sidra\node_modules\ethers\src.ts\providers\provider-jsonrpc.ts:571:45)
    at process.processTicksAndRejections (node:internal/process/task_queues:104:5)
[31m[Nest] 181104  - [39m04/09/2026, 10:23:28 pm [31m  ERROR[39m [38;5;3m[BlockchainService] [39m[31mFailed to scan USDT on BASE blocks 46380924-46385924[39m
Error: could not coalesce error (error={ "code": -32016, "message": "over rate limit" }, payload={ "id": 11201, "jsonrpc": "2.0", "method": "eth_getBlockByNumber", "params": [ "0x2c3b7a5", true ] }, code=UNKNOWN_ERROR, version=6.17.0)
    at makeError (C:\Users\perum\OneDrive\Desktop\sidra\node_modules\ethers\src.ts\utils\errors.ts:698:21)
    at JsonRpcProvider.getRpcError (C:\Users\perum\OneDrive\Desktop\sidra\node_modules\ethers\src.ts\providers\provider-jsonrpc.ts:1086:25)
    at <anonymous> (C:\Users\perum\OneDrive\Desktop\sidra\node_modules\ethers\src.ts\providers\provider-jsonrpc.ts:571:45)
    at process.processTicksAndRejections (node:internal/process/task_queues:104:5)
[31m[Nest] 181104  - [39m04/09/2026, 10:23:28 pm [31m  ERROR[39m [38;5;3m[BlockchainService] [39m[31mFailed to scan USDT on BASE blocks 46381152-46386152[39m
Error: could not coalesce error (error={ "code": -32016, "message": "over rate limit" }, payload={ "id": 11202, "jsonrpc": "2.0", "method": "eth_getBlockByNumber", "params": [ "0x2c3b88a", true ] }, code=UNKNOWN_ERROR, version=6.17.0)
    at makeError (C:\Users\perum\OneDrive\Desktop\sidra\node_modules\ethers\src.ts\utils\errors.ts:698:21)
    at JsonRpcProvider.getRpcError (C:\Users\perum\OneDrive\Desktop\sidra\node_modules\ethers\src.ts\providers\provider-jsonrpc.ts:1086:25)
    at <anonymous> (C:\Users\perum\OneDrive\Desktop\sidra\node_modules\ethers\src.ts\providers\provider-jsonrpc.ts:571:45)
    at process.processTicksAndRejections (node:internal/process/task_queues:104:5)
[31m[Nest] 181104  - [39m04/09/2026, 10:23:28 pm [31m  ERROR[39m [38;5;3m[BlockchainService] [39m[31mFailed to scan USDT on BASE blocks 46381152-46386152[39m
Error: could not coalesce error (error={ "code": -32016, "message": "over rate limit" }, payload={ "id": 11202, "jsonrpc": "2.0", "method": "eth_getBlockByNumber", "params": [ "0x2c3b88a", true ] }, code=UNKNOWN_ERROR, version=6.17.0)
    at makeError (C:\Users\perum\OneDrive\Desktop\sidra\node_modules\ethers\src.ts\utils\errors.ts:698:21)
    at JsonRpcProvider.getRpcError (C:\Users\perum\OneDrive\Desktop\sidra\node_modules\ethers\src.ts\providers\provider-jsonrpc.ts:1086:25)
    at <anonymous> (C:\Users\perum\OneDrive\Desktop\sidra\node_modules\ethers\src.ts\providers\provider-jsonrpc.ts:571:45)
    at process.processTicksAndRejections (node:internal/process/task_queues:104:5)
[31m[Nest] 181104  - [39m04/09/2026, 10:23:28 pm [31m  ERROR[39m [38;5;3m[BlockchainService] [39m[31mFailed to scan USDT on BASE blocks 46381152-46386152[39m
Error: could not coalesce error (error={ "code": -32016, "message": "over rate limit" }, payload={ "id": 11202, "jsonrpc": "2.0", "method": "eth_getBlockByNumber", "params": [ "0x2c3b88a", true ] }, code=UNKNOWN_ERROR, version=6.17.0)
    at makeError (C:\Users\perum\OneDrive\Desktop\sidra\node_modules\ethers\src.ts\utils\errors.ts:698:21)
    at JsonRpcProvider.getRpcError (C:\Users\perum\OneDrive\Desktop\sidra\node_modules\ethers\src.ts\providers\provider-jsonrpc.ts:1086:25)
    at <anonymous> (C:\Users\perum\OneDrive\Desktop\sidra\node_modules\ethers\src.ts\providers\provider-jsonrpc.ts:571:45)
    at process.processTicksAndRejections (node:internal/process/task_queues:104:5)
[31m[Nest] 181104  - [39m04/09/2026, 10:23:28 pm [31m  ERROR[39m [38;5;3m[BlockchainService] [39m[31mFailed to scan USDT on BASE blocks 46381152-46386152[39m
Error: could not coalesce error (error={ "code": -32016, "message": "over rate limit" }, payload={ "id": 11202, "jsonrpc": "2.0", "method": "eth_getBlockByNumber", "params": [ "0x2c3b88a", true ] }, code=UNKNOWN_ERROR, version=6.17.0)
    at makeError (C:\Users\perum\OneDrive\Desktop\sidra\node_modules\ethers\src.ts\utils\errors.ts:698:21)
    at JsonRpcProvider.getRpcError (C:\Users\perum\OneDrive\Desktop\sidra\node_modules\ethers\src.ts\providers\provider-jsonrpc.ts:1086:25)
    at <anonymous> (C:\Users\perum\OneDrive\Desktop\sidra\node_modules\ethers\src.ts\providers\provider-jsonrpc.ts:571:45)
    at process.processTicksAndRejections (node:internal/process/task_queues:104:5)
[31m[Nest] 181104  - [39m04/09/2026, 10:23:28 pm [31m  ERROR[39m [38;5;3m[BlockchainService] [39m[31mFailed to scan USDT on BASE blocks 46381152-46386152[39m
Error: could not coalesce error (error={ "code": -32016, "message": "over rate limit" }, payload={ "id": 11202, "jsonrpc": "2.0", "method": "eth_getBlockByNumber", "params": [ "0x2c3b88a", true ] }, code=UNKNOWN_ERROR, version=6.17.0)
    at makeError (C:\Users\perum\OneDrive\Desktop\sidra\node_modules\ethers\src.ts\utils\errors.ts:698:21)
    at JsonRpcProvider.getRpcError (C:\Users\perum\OneDrive\Desktop\sidra\node_modules\ethers\src.ts\providers\provider-jsonrpc.ts:1086:25)
    at <anonymous> (C:\Users\perum\OneDrive\Desktop\sidra\node_modules\ethers\src.ts\providers\provider-jsonrpc.ts:571:45)
    at process.processTicksAndRejections (node:internal/process/task_queues:104:5)
[31m[Nest] 181104  - [39m04/09/2026, 10:23:28 pm [31m  ERROR[39m [38;5;3m[BlockchainService] [39m[31mFailed to scan USDT on BASE blocks 46381152-46386152[39m
Error: could not coalesce error (error={ "code": -32016, "message": "over rate limit" }, payload={ "id": 11202, "jsonrpc": "2.0", "method": "eth_getBlockByNumber", "params": [ "0x2c3b88a", true ] }, code=UNKNOWN_ERROR, version=6.17.0)
    at makeError (C:\Users\perum\OneDrive\Desktop\sidra\node_modules\ethers\src.ts\utils\errors.ts:698:21)
    at JsonRpcProvider.getRpcError (C:\Users\perum\OneDrive\Desktop\sidra\node_modules\ethers\src.ts\providers\provider-jsonrpc.ts:1086:25)
    at <anonymous> (C:\Users\perum\OneDrive\Desktop\sidra\node_modules\ethers\src.ts\providers\provider-jsonrpc.ts:571:45)
    at process.processTicksAndRejections (node:internal/process/task_queues:104:5)
[31m[Nest] 181104  - [39m04/09/2026, 10:23:28 pm [31m  ERROR[39m [38;5;3m[BlockchainService] [39m[31mFailed to scan USDT on BASE blocks 46381152-46386152[39m
Error: could not coalesce error (error={ "code": -32016, "message": "over rate limit" }, payload={ "id": 11202, "jsonrpc": "2.0", "method": "eth_getBlockByNumber", "params": [ "0x2c3b88a", true ] }, code=UNKNOWN_ERROR, version=6.17.0)
    at makeError (C:\Users\perum\OneDrive\Desktop\sidra\node_modules\ethers\src.ts\utils\errors.ts:698:21)
    at JsonRpcProvider.getRpcError (C:\Users\perum\OneDrive\Desktop\sidra\node_modules\ethers\src.ts\providers\provider-jsonrpc.ts:1086:25)
    at <anonymous> (C:\Users\perum\OneDrive\Desktop\sidra\node_modules\ethers\src.ts\providers\provider-jsonrpc.ts:571:45)
    at process.processTicksAndRejections (node:internal/process/task_queues:104:5)
[31m[Nest] 181104  - [39m04/09/2026, 10:23:28 pm [31m  ERROR[39m [38;5;3m[BlockchainService] [39m[31mFailed to scan USDT on BASE blocks 46380940-46385940[39m
Error: could not coalesce error (error={ "code": -32016, "message": "over rate limit" }, payload={ "id": 11203, "jsonrpc": "2.0", "method": "eth_getBlockByNumber", "params": [ "0x2c3b7b8", true ] }, code=UNKNOWN_ERROR, version=6.17.0)
    at makeError (C:\Users\perum\OneDrive\Desktop\sidra\node_modules\ethers\src.ts\utils\errors.ts:698:21)
    at JsonRpcProvider.getRpcError (C:\Users\perum\OneDrive\Desktop\sidra\node_modules\ethers\src.ts\providers\provider-jsonrpc.ts:1086:25)
    at <anonymous> (C:\Users\perum\OneDrive\Desktop\sidra\node_modules\ethers\src.ts\providers\provider-jsonrpc.ts:571:45)
    at process.processTicksAndRejections (node:internal/process/task_queues:104:5)
[31m[Nest] 181104  - [39m04/09/2026, 10:23:28 pm [31m  ERROR[39m [38;5;3m[BlockchainService] [39m[31mFailed to scan USDT on BASE blocks 46380940-46385940[39m
Error: could not coalesce error (error={ "code": -32016, "message": "over rate limit" }, payload={ "id": 11203, "jsonrpc": "2.0", "method": "eth_getBlockByNumber", "params": [ "0x2c3b7b8", true ] }, code=UNKNOWN_ERROR, version=6.17.0)
    at makeError (C:\Users\perum\OneDrive\Desktop\sidra\node_modules\ethers\src.ts\utils\errors.ts:698:21)
    at JsonRpcProvider.getRpcError (C:\Users\perum\OneDrive\Desktop\sidra\node_modules\ethers\src.ts\providers\provider-jsonrpc.ts:1086:25)
    at <anonymous> (C:\Users\perum\OneDrive\Desktop\sidra\node_modules\ethers\src.ts\providers\provider-jsonrpc.ts:571:45)
    at process.processTicksAndRejections (node:internal/process/task_queues:104:5)
[31m[Nest] 181104  - [39m04/09/2026, 10:23:28 pm [31m  ERROR[39m [38;5;3m[BlockchainService] [39m[31mFailed to scan USDT on BASE blocks 46380940-46385940[39m
Error: could not coalesce error (error={ "code": -32016, "message": "over rate limit" }, payload={ "id": 11203, "jsonrpc": "2.0", "method": "eth_getBlockByNumber", "params": [ "0x2c3b7b8", true ] }, code=UNKNOWN_ERROR, version=6.17.0)
    at makeError (C:\Users\perum\OneDrive\Desktop\sidra\node_modules\ethers\src.ts\utils\errors.ts:698:21)
    at JsonRpcProvider.getRpcError (C:\Users\perum\OneDrive\Desktop\sidra\node_modules\ethers\src.ts\providers\provider-jsonrpc.ts:1086:25)
    at <anonymous> (C:\Users\perum\OneDrive\Desktop\sidra\node_modules\ethers\src.ts\providers\provider-jsonrpc.ts:571:45)
    at process.processTicksAndRejections (node:internal/process/task_queues:104:5)
[31m[Nest] 181104  - [39m04/09/2026, 10:23:28 pm [31m  ERROR[39m [38;5;3m[BlockchainService] [39m[31mFailed to scan USDT on BASE blocks 46380940-46385940[39m
Error: could not coalesce error (error={ "code": -32016, "message": "over rate limit" }, payload={ "id": 11203, "jsonrpc": "2.0", "method": "eth_getBlockByNumber", "params": [ "0x2c3b7b8", true ] }, code=UNKNOWN_ERROR, version=6.17.0)
    at makeError (C:\Users\perum\OneDrive\Desktop\sidra\node_modules\ethers\src.ts\utils\errors.ts:698:21)
    at JsonRpcProvider.getRpcError (C:\Users\perum\OneDrive\Desktop\sidra\node_modules\ethers\src.ts\providers\provider-jsonrpc.ts:1086:25)
    at <anonymous> (C:\Users\perum\OneDrive\Desktop\sidra\node_modules\ethers\src.ts\providers\provider-jsonrpc.ts:571:45)
    at process.processTicksAndRejections (node:internal/process/task_queues:104:5)
[31m[Nest] 181104  - [39m04/09/2026, 10:23:28 pm [31m  ERROR[39m [38;5;3m[BlockchainService] [39m[31mFailed to scan USDT on BASE blocks 46380940-46385940[39m
Error: could not coalesce error (error={ "code": -32016, "message": "over rate limit" }, payload={ "id": 11203, "jsonrpc": "2.0", "method": "eth_getBlockByNumber", "params": [ "0x2c3b7b8", true ] }, code=UNKNOWN_ERROR, version=6.17.0)
    at makeError (C:\Users\perum\OneDrive\Desktop\sidra\node_modules\ethers\src.ts\utils\errors.ts:698:21)
    at JsonRpcProvider.getRpcError (C:\Users\perum\OneDrive\Desktop\sidra\node_modules\ethers\src.ts\providers\provider-jsonrpc.ts:1086:25)
    at <anonymous> (C:\Users\perum\OneDrive\Desktop\sidra\node_modules\ethers\src.ts\providers\provider-jsonrpc.ts:571:45)
    at process.processTicksAndRejections (node:internal/process/task_queues:104:5)
[31m[Nest] 181104  - [39m04/09/2026, 10:23:28 pm [31m  ERROR[39m [38;5;3m[BlockchainService] [39m[31mFailed to scan USDT on BASE blocks 46380940-46385940[39m
Error: could not coalesce error (error={ "code": -32016, "message": "over rate limit" }, payload={ "id": 11203, "jsonrpc": "2.0", "method": "eth_getBlockByNumber", "params": [ "0x2c3b7b8", true ] }, code=UNKNOWN_ERROR, version=6.17.0)
    at makeError (C:\Users\perum\OneDrive\Desktop\sidra\node_modules\ethers\src.ts\utils\errors.ts:698:21)
    at JsonRpcProvider.getRpcError (C:\Users\perum\OneDrive\Desktop\sidra\node_modules\ethers\src.ts\providers\provider-jsonrpc.ts:1086:25)
    at <anonymous> (C:\Users\perum\OneDrive\Desktop\sidra\node_modules\ethers\src.ts\providers\provider-jsonrpc.ts:571:45)
    at process.processTicksAndRejections (node:internal/process/task_queues:104:5)
[31m[Nest] 181104  - [39m04/09/2026, 10:23:28 pm [31m  ERROR[39m [38;5;3m[BlockchainService] [39m[31mFailed to scan USDT on BASE blocks 46380940-46385940[39m
Error: could not coalesce error (error={ "code": -32016, "message": "over rate limit" }, payload={ "id": 11203, "jsonrpc": "2.0", "method": "eth_getBlockByNumber", "params": [ "0x2c3b7b8", true ] }, code=UNKNOWN_ERROR, version=6.17.0)
    at makeError (C:\Users\perum\OneDrive\Desktop\sidra\node_modules\ethers\src.ts\utils\errors.ts:698:21)
    at JsonRpcProvider.getRpcError (C:\Users\perum\OneDrive\Desktop\sidra\node_modules\ethers\src.ts\providers\provider-jsonrpc.ts:1086:25)
    at <anonymous> (C:\Users\perum\OneDrive\Desktop\sidra\node_modules\ethers\src.ts\providers\provider-jsonrpc.ts:571:45)
    at process.processTicksAndRejections (node:internal/process/task_queues:104:5)
[31m[Nest] 181104  - [39m04/09/2026, 10:23:28 pm [31m  ERROR[39m [38;5;3m[BlockchainService] [39m[31mFailed to scan USDT on BASE blocks 46380958-46385958[39m
Error: could not coalesce error (error={ "code": -32016, "message": "over rate limit" }, payload={ "id": 11204, "jsonrpc": "2.0", "method": "eth_getBlockByNumber", "params": [ "0x2c3b7ca", true ] }, code=UNKNOWN_ERROR, version=6.17.0)
    at makeError (C:\Users\perum\OneDrive\Desktop\sidra\node_modules\ethers\src.ts\utils\errors.ts:698:21)
    at JsonRpcProvider.getRpcError (C:\Users\perum\OneDrive\Desktop\sidra\node_modules\ethers\src.ts\providers\provider-jsonrpc.ts:1086:25)
    at <anonymous> (C:\Users\perum\OneDrive\Desktop\sidra\node_modules\ethers\src.ts\providers\provider-jsonrpc.ts:571:45)
    at process.processTicksAndRejections (node:internal/process/task_queues:104:5)
[31m[Nest] 181104  - [39m04/09/2026, 10:23:28 pm [31m  ERROR[39m [38;5;3m[BlockchainService] [39m[31mFailed to scan USDT on BASE blocks 46380958-46385958[39m
Error: could not coalesce error (error={ "code": -32016, "message": "over rate limit" }, payload={ "id": 11204, "jsonrpc": "2.0", "method": "eth_getBlockByNumber", "params": [ "0x2c3b7ca", true ] }, code=UNKNOWN_ERROR, version=6.17.0)
    at makeError (C:\Users\perum\OneDrive\Desktop\sidra\node_modules\ethers\src.ts\utils\errors.ts:698:21)
    at JsonRpcProvider.getRpcError (C:\Users\perum\OneDrive\Desktop\sidra\node_modules\ethers\src.ts\providers\provider-jsonrpc.ts:1086:25)
    at <anonymous> (C:\Users\perum\OneDrive\Desktop\sidra\node_modules\ethers\src.ts\providers\provider-jsonrpc.ts:571:45)
    at process.processTicksAndRejections (node:internal/process/task_queues:104:5)
[31m[Nest] 181104  - [39m04/09/2026, 10:23:28 pm [31m  ERROR[39m [38;5;3m[BlockchainService] [39m[31mFailed to scan USDT on BASE blocks 46380958-46385958[39m
Error: could not coalesce error (error={ "code": -32016, "message": "over rate limit" }, payload={ "id": 11204, "jsonrpc": "2.0", "method": "eth_getBlockByNumber", "params": [ "0x2c3b7ca", true ] }, code=UNKNOWN_ERROR, version=6.17.0)
    at makeError (C:\Users\perum\OneDrive\Desktop\sidra\node_modules\ethers\src.ts\utils\errors.ts:698:21)
    at JsonRpcProvider.getRpcError (C:\Users\perum\OneDrive\Desktop\sidra\node_modules\ethers\src.ts\providers\provider-jsonrpc.ts:1086:25)
    at <anonymous> (C:\Users\perum\OneDrive\Desktop\sidra\node_modules\ethers\src.ts\providers\provider-jsonrpc.ts:571:45)
    at process.processTicksAndRejections (node:internal/process/task_queues:104:5)
[31m[Nest] 181104  - [39m04/09/2026, 10:23:28 pm [31m  ERROR[39m [38;5;3m[BlockchainService] [39m[31mFailed to scan USDT on BASE blocks 46380958-46385958[39m
Error: could not coalesce error (error={ "code": -32016, "message": "over rate limit" }, payload={ "id": 11204, "jsonrpc": "2.0", "method": "eth_getBlockByNumber", "params": [ "0x2c3b7ca", true ] }, code=UNKNOWN_ERROR, version=6.17.0)
    at makeError (C:\Users\perum\OneDrive\Desktop\sidra\node_modules\ethers\src.ts\utils\errors.ts:698:21)
    at JsonRpcProvider.getRpcError (C:\Users\perum\OneDrive\Desktop\sidra\node_modules\ethers\src.ts\providers\provider-jsonrpc.ts:1086:25)
    at <anonymous> (C:\Users\perum\OneDrive\Desktop\sidra\node_modules\ethers\src.ts\providers\provider-jsonrpc.ts:571:45)
    at process.processTicksAndRejections (node:internal/process/task_queues:104:5)
[31m[Nest] 181104  - [39m04/09/2026, 10:23:28 pm [31m  ERROR[39m [38;5;3m[BlockchainService] [39m[31mFailed to scan USDT on BASE blocks 46380958-46385958[39m
Error: could not coalesce error (error={ "code": -32016, "message": "over rate limit" }, payload={ "id": 11204, "jsonrpc": "2.0", "method": "eth_getBlockByNumber", "params": [ "0x2c3b7ca", true ] }, code=UNKNOWN_ERROR, version=6.17.0)
    at makeError (C:\Users\perum\OneDrive\Desktop\sidra\node_modules\ethers\src.ts\utils\errors.ts:698:21)
    at JsonRpcProvider.getRpcError (C:\Users\perum\OneDrive\Desktop\sidra\node_modules\ethers\src.ts\providers\provider-jsonrpc.ts:1086:25)
    at <anonymous> (C:\Users\perum\OneDrive\Desktop\sidra\node_modules\ethers\src.ts\providers\provider-jsonrpc.ts:571:45)
    at process.processTicksAndRejections (node:internal/process/task_queues:104:5)
[31m[Nest] 181104  - [39m04/09/2026, 10:23:28 pm [31m  ERROR[39m [38;5;3m[BlockchainService] [39m[31mFailed to scan USDT on BASE blocks 46380958-46385958[39m
Error: could not coalesce error (error={ "code": -32016, "message": "over rate limit" }, payload={ "id": 11204, "jsonrpc": "2.0", "method": "eth_getBlockByNumber", "params": [ "0x2c3b7ca", true ] }, code=UNKNOWN_ERROR, version=6.17.0)
    at makeError (C:\Users\perum\OneDrive\Desktop\sidra\node_modules\ethers\src.ts\utils\errors.ts:698:21)
    at JsonRpcProvider.getRpcError (C:\Users\perum\OneDrive\Desktop\sidra\node_modules\ethers\src.ts\providers\provider-jsonrpc.ts:1086:25)
    at <anonymous> (C:\Users\perum\OneDrive\Desktop\sidra\node_modules\ethers\src.ts\providers\provider-jsonrpc.ts:571:45)
    at process.processTicksAndRejections (node:internal/process/task_queues:104:5)
[31m[Nest] 181104  - [39m04/09/2026, 10:23:28 pm [31m  ERROR[39m [38;5;3m[BlockchainService] [39m[31mFailed to scan USDT on BASE blocks 46380958-46385958[39m
Error: could not coalesce error (error={ "code": -32016, "message": "over rate limit" }, payload={ "id": 11204, "jsonrpc": "2.0", "method": "eth_getBlockByNumber", "params": [ "0x2c3b7ca", true ] }, code=UNKNOWN_ERROR, version=6.17.0)
    at makeError (C:\Users\perum\OneDrive\Desktop\sidra\node_modules\ethers\src.ts\utils\errors.ts:698:21)
    at JsonRpcProvider.getRpcError (C:\Users\perum\OneDrive\Desktop\sidra\node_modules\ethers\src.ts\providers\provider-jsonrpc.ts:1086:25)
    at <anonymous> (C:\Users\perum\OneDrive\Desktop\sidra\node_modules\ethers\src.ts\providers\provider-jsonrpc.ts:571:45)
    at process.processTicksAndRejections (node:internal/process/task_queues:104:5)
[31m[Nest] 181104  - [39m04/09/2026, 10:23:28 pm [31m  ERROR[39m [38;5;3m[BlockchainService] [39m[31mFailed to scan ETH on BASE blocks 46380833-46385833[39m
Error: could not coalesce error (error={ "code": -32016, "message": "over rate limit" }, payload={ "id": 11204, "jsonrpc": "2.0", "method": "eth_getBlockByNumber", "params": [ "0x2c3b7ca", true ] }, code=UNKNOWN_ERROR, version=6.17.0)
    at makeError (C:\Users\perum\OneDrive\Desktop\sidra\node_modules\ethers\src.ts\utils\errors.ts:698:21)
    at JsonRpcProvider.getRpcError (C:\Users\perum\OneDrive\Desktop\sidra\node_modules\ethers\src.ts\providers\provider-jsonrpc.ts:1086:25)
    at <anonymous> (C:\Users\perum\OneDrive\Desktop\sidra\node_modules\ethers\src.ts\providers\provider-jsonrpc.ts:571:45)
    at process.processTicksAndRejections (node:internal/process/task_queues:104:5)
[31m[Nest] 181104  - [39m04/09/2026, 10:23:28 pm [31m  ERROR[39m [38;5;3m[BlockchainService] [39m[31mFailed to scan ETH on BASE blocks 46380833-46385833[39m
Error: could not coalesce error (error={ "code": -32016, "message": "over rate limit" }, payload={ "id": 11204, "jsonrpc": "2.0", "method": "eth_getBlockByNumber", "params": [ "0x2c3b7ca", true ] }, code=UNKNOWN_ERROR, version=6.17.0)
    at makeError (C:\Users\perum\OneDrive\Desktop\sidra\node_modules\ethers\src.ts\utils\errors.ts:698:21)
    at JsonRpcProvider.getRpcError (C:\Users\perum\OneDrive\Desktop\sidra\node_modules\ethers\src.ts\providers\provider-jsonrpc.ts:1086:25)
    at <anonymous> (C:\Users\perum\OneDrive\Desktop\sidra\node_modules\ethers\src.ts\providers\provider-jsonrpc.ts:571:45)
    at process.processTicksAndRejections (node:internal/process/task_queues:104:5)
[31m[Nest] 181104  - [39m04/09/2026, 10:23:28 pm [31m  ERROR[39m [38;5;3m[BlockchainService] [39m[31mFailed to scan ETH on BASE blocks 46380833-46385833[39m
Error: could not coalesce error (error={ "code": -32016, "message": "over rate limit" }, payload={ "id": 11204, "jsonrpc": "2.0", "method": "eth_getBlockByNumber", "params": [ "0x2c3b7ca", true ] }, code=UNKNOWN_ERROR, version=6.17.0)
    at makeError (C:\Users\perum\OneDrive\Desktop\sidra\node_modules\ethers\src.ts\utils\errors.ts:698:21)
    at JsonRpcProvider.getRpcError (C:\Users\perum\OneDrive\Desktop\sidra\node_modules\ethers\src.ts\providers\provider-jsonrpc.ts:1086:25)
    at <anonymous> (C:\Users\perum\OneDrive\Desktop\sidra\node_modules\ethers\src.ts\providers\provider-jsonrpc.ts:571:45)
    at process.processTicksAndRejections (node:internal/process/task_queues:104:5)
[31m[Nest] 181104  - [39m04/09/2026, 10:23:28 pm [31m  ERROR[39m [38;5;3m[BlockchainService] [39m[31mFailed to scan ETH on BASE blocks 46380833-46385833[39m
Error: could not coalesce error (error={ "code": -32016, "message": "over rate limit" }, payload={ "id": 11204, "jsonrpc": "2.0", "method": "eth_getBlockByNumber", "params": [ "0x2c3b7ca", true ] }, code=UNKNOWN_ERROR, version=6.17.0)
    at makeError (C:\Users\perum\OneDrive\Desktop\sidra\node_modules\ethers\src.ts\utils\errors.ts:698:21)
    at JsonRpcProvider.getRpcError (C:\Users\perum\OneDrive\Desktop\sidra\node_modules\ethers\src.ts\providers\provider-jsonrpc.ts:1086:25)
    at <anonymous> (C:\Users\perum\OneDrive\Desktop\sidra\node_modules\ethers\src.ts\providers\provider-jsonrpc.ts:571:45)
    at process.processTicksAndRejections (node:internal/process/task_queues:104:5)
[31m[Nest] 181104  - [39m04/09/2026, 10:23:28 pm [31m  ERROR[39m [38;5;3m[BlockchainService] [39m[31mFailed to scan ETH on BASE blocks 46380833-46385833[39m
Error: could not coalesce error (error={ "code": -32016, "message": "over rate limit" }, payload={ "id": 11204, "jsonrpc": "2.0", "method": "eth_getBlockByNumber", "params": [ "0x2c3b7ca", true ] }, code=UNKNOWN_ERROR, version=6.17.0)
    at makeError (C:\Users\perum\OneDrive\Desktop\sidra\node_modules\ethers\src.ts\utils\errors.ts:698:21)
    at JsonRpcProvider.getRpcError (C:\Users\perum\OneDrive\Desktop\sidra\node_modules\ethers\src.ts\providers\provider-jsonrpc.ts:1086:25)
    at <anonymous> (C:\Users\perum\OneDrive\Desktop\sidra\node_modules\ethers\src.ts\providers\provider-jsonrpc.ts:571:45)
    at process.processTicksAndRejections (node:internal/process/task_queues:104:5)
[31m[Nest] 181104  - [39m04/09/2026, 10:23:28 pm [31m  ERROR[39m [38;5;3m[BlockchainService] [39m[31mFailed to scan ETH on BASE blocks 46380833-46385833[39m
Error: could not coalesce error (error={ "code": -32016, "message": "over rate limit" }, payload={ "id": 11204, "jsonrpc": "2.0", "method": "eth_getBlockByNumber", "params": [ "0x2c3b7ca", true ] }, code=UNKNOWN_ERROR, version=6.17.0)
    at makeError (C:\Users\perum\OneDrive\Desktop\sidra\node_modules\ethers\src.ts\utils\errors.ts:698:21)
    at JsonRpcProvider.getRpcError (C:\Users\perum\OneDrive\Desktop\sidra\node_modules\ethers\src.ts\providers\provider-jsonrpc.ts:1086:25)
    at <anonymous> (C:\Users\perum\OneDrive\Desktop\sidra\node_modules\ethers\src.ts\providers\provider-jsonrpc.ts:571:45)
    at process.processTicksAndRejections (node:internal/process/task_queues:104:5)
[31m[Nest] 181104  - [39m04/09/2026, 10:23:28 pm [31m  ERROR[39m [38;5;3m[BlockchainService] [39m[31mFailed to scan ETH on BASE blocks 46380833-46385833[39m
Error: could not coalesce error (error={ "code": -32016, "message": "over rate limit" }, payload={ "id": 11204, "jsonrpc": "2.0", "method": "eth_getBlockByNumber", "params": [ "0x2c3b7ca", true ] }, code=UNKNOWN_ERROR, version=6.17.0)
    at makeError (C:\Users\perum\OneDrive\Desktop\sidra\node_modules\ethers\src.ts\utils\errors.ts:698:21)
    at JsonRpcProvider.getRpcError (C:\Users\perum\OneDrive\Desktop\sidra\node_modules\ethers\src.ts\providers\provider-jsonrpc.ts:1086:25)
    at <anonymous> (C:\Users\perum\OneDrive\Desktop\sidra\node_modules\ethers\src.ts\providers\provider-jsonrpc.ts:571:45)
    at process.processTicksAndRejections (node:internal/process/task_queues:104:5)
[31m[Nest] 181104  - [39m04/09/2026, 10:23:28 pm [31m  ERROR[39m [38;5;3m[BlockchainService] [39m[31mFailed to scan USDT on BASE blocks 46380990-46385990[39m
Error: could not coalesce error (error={ "code": -32016, "message": "over rate limit" }, payload={ "id": 11205, "jsonrpc": "2.0", "method": "eth_getBlockByNumber", "params": [ "0x2c3b7eb", true ] }, code=UNKNOWN_ERROR, version=6.17.0)
    at makeError (C:\Users\perum\OneDrive\Desktop\sidra\node_modules\ethers\src.ts\utils\errors.ts:698:21)
    at JsonRpcProvider.getRpcError (C:\Users\perum\OneDrive\Desktop\sidra\node_modules\ethers\src.ts\providers\provider-jsonrpc.ts:1086:25)
    at <anonymous> (C:\Users\perum\OneDrive\Desktop\sidra\node_modules\ethers\src.ts\providers\provider-jsonrpc.ts:571:45)
    at process.processTicksAndRejections (node:internal/process/task_queues:104:5)
[31m[Nest] 181104  - [39m04/09/2026, 10:23:28 pm [31m  ERROR[39m [38;5;3m[BlockchainService] [39m[31mFailed to scan USDT on BASE blocks 46380990-46385990[39m
Error: could not coalesce error (error={ "code": -32016, "message": "over rate limit" }, payload={ "id": 11205, "jsonrpc": "2.0", "method": "eth_getBlockByNumber", "params": [ "0x2c3b7eb", true ] }, code=UNKNOWN_ERROR, version=6.17.0)
    at makeError (C:\Users\perum\OneDrive\Desktop\sidra\node_modules\ethers\src.ts\utils\errors.ts:698:21)
    at JsonRpcProvider.getRpcError (C:\Users\perum\OneDrive\Desktop\sidra\node_modules\ethers\src.ts\providers\provider-jsonrpc.ts:1086:25)
    at <anonymous> (C:\Users\perum\OneDrive\Desktop\sidra\node_modules\ethers\src.ts\providers\provider-jsonrpc.ts:571:45)
    at process.processTicksAndRejections (node:internal/process/task_queues:104:5)
[31m[Nest] 181104  - [39m04/09/2026, 10:23:28 pm [31m  ERROR[39m [38;5;3m[BlockchainService] [39m[31mFailed to scan USDT on BASE blocks 46380990-46385990[39m
Error: could not coalesce error (error={ "code": -32016, "message": "over rate limit" }, payload={ "id": 11205, "jsonrpc": "2.0", "method": "eth_getBlockByNumber", "params": [ "0x2c3b7eb", true ] }, code=UNKNOWN_ERROR, version=6.17.0)
    at makeError (C:\Users\perum\OneDrive\Desktop\sidra\node_modules\ethers\src.ts\utils\errors.ts:698:21)
    at JsonRpcProvider.getRpcError (C:\Users\perum\OneDrive\Desktop\sidra\node_modules\ethers\src.ts\providers\provider-jsonrpc.ts:1086:25)
    at <anonymous> (C:\Users\perum\OneDrive\Desktop\sidra\node_modules\ethers\src.ts\providers\provider-jsonrpc.ts:571:45)
    at process.processTicksAndRejections (node:internal/process/task_queues:104:5)
[31m[Nest] 181104  - [39m04/09/2026, 10:23:28 pm [31m  ERROR[39m [38;5;3m[BlockchainService] [39m[31mFailed to scan USDT on BASE blocks 46380990-46385990[39m
Error: could not coalesce error (error={ "code": -32016, "message": "over rate limit" }, payload={ "id": 11205, "jsonrpc": "2.0", "method": "eth_getBlockByNumber", "params": [ "0x2c3b7eb", true ] }, code=UNKNOWN_ERROR, version=6.17.0)
    at makeError (C:\Users\perum\OneDrive\Desktop\sidra\node_modules\ethers\src.ts\utils\errors.ts:698:21)
    at JsonRpcProvider.getRpcError (C:\Users\perum\OneDrive\Desktop\sidra\node_modules\ethers\src.ts\providers\provider-jsonrpc.ts:1086:25)
    at <anonymous> (C:\Users\perum\OneDrive\Desktop\sidra\node_modules\ethers\src.ts\providers\provider-jsonrpc.ts:571:45)
    at process.processTicksAndRejections (node:internal/process/task_queues:104:5)
[31m[Nest] 181104  - [39m04/09/2026, 10:23:28 pm [31m  ERROR[39m [38;5;3m[BlockchainService] [39m[31mFailed to scan USDT on BASE blocks 46380990-46385990[39m
Error: could not coalesce error (error={ "code": -32016, "message": "over rate limit" }, payload={ "id": 11205, "jsonrpc": "2.0", "method": "eth_getBlockByNumber", "params": [ "0x2c3b7eb", true ] }, code=UNKNOWN_ERROR, version=6.17.0)
    at makeError (C:\Users\perum\OneDrive\Desktop\sidra\node_modules\ethers\src.ts\utils\errors.ts:698:21)
    at JsonRpcProvider.getRpcError (C:\Users\perum\OneDrive\Desktop\sidra\node_modules\ethers\src.ts\providers\provider-jsonrpc.ts:1086:25)
    at <anonymous> (C:\Users\perum\OneDrive\Desktop\sidra\node_modules\ethers\src.ts\providers\provider-jsonrpc.ts:571:45)
    at process.processTicksAndRejections (node:internal/process/task_queues:104:5)
[31m[Nest] 181104  - [39m04/09/2026, 10:23:28 pm [31m  ERROR[39m [38;5;3m[BlockchainService] [39m[31mFailed to scan USDT on BASE blocks 46380990-46385990[39m
Error: could not coalesce error (error={ "code": -32016, "message": "over rate limit" }, payload={ "id": 11205, "jsonrpc": "2.0", "method": "eth_getBlockByNumber", "params": [ "0x2c3b7eb", true ] }, code=UNKNOWN_ERROR, version=6.17.0)
    at makeError (C:\Users\perum\OneDrive\Desktop\sidra\node_modules\ethers\src.ts\utils\errors.ts:698:21)
    at JsonRpcProvider.getRpcError (C:\Users\perum\OneDrive\Desktop\sidra\node_modules\ethers\src.ts\providers\provider-jsonrpc.ts:1086:25)
    at <anonymous> (C:\Users\perum\OneDrive\Desktop\sidra\node_modules\ethers\src.ts\providers\provider-jsonrpc.ts:571:45)
    at process.processTicksAndRejections (node:internal/process/task_queues:104:5)
[31m[Nest] 181104  - [39m04/09/2026, 10:23:28 pm [31m  ERROR[39m [38;5;3m[BlockchainService] [39m[31mFailed to scan USDT on BASE blocks 46380990-46385990[39m
Error: could not coalesce error (error={ "code": -32016, "message": "over rate limit" }, payload={ "id": 11205, "jsonrpc": "2.0", "method": "eth_getBlockByNumber", "params": [ "0x2c3b7eb", true ] }, code=UNKNOWN_ERROR, version=6.17.0)
    at makeError (C:\Users\perum\OneDrive\Desktop\sidra\node_modules\ethers\src.ts\utils\errors.ts:698:21)
    at JsonRpcProvider.getRpcError (C:\Users\perum\OneDrive\Desktop\sidra\node_modules\ethers\src.ts\providers\provider-jsonrpc.ts:1086:25)
    at <anonymous> (C:\Users\perum\OneDrive\Desktop\sidra\node_modules\ethers\src.ts\providers\provider-jsonrpc.ts:571:45)
    at process.processTicksAndRejections (node:internal/process/task_queues:104:5)
[31m[Nest] 181104  - [39m04/09/2026, 10:23:30 pm [31m  ERROR[39m [38;5;3m[DepositsService] [39m[31mDeposit poller error on BASE[39m
Error: could not coalesce error (error={ "code": -32016, "message": "over rate limit" }, payload={ "id": 11252, "jsonrpc": "2.0", "method": "eth_blockNumber", "params": [  ] }, code=UNKNOWN_ERROR, version=6.17.0)
    at makeError (C:\Users\perum\OneDrive\Desktop\sidra\node_modules\ethers\src.ts\utils\errors.ts:698:21)
    at JsonRpcProvider.getRpcError (C:\Users\perum\OneDrive\Desktop\sidra\node_modules\ethers\src.ts\providers\provider-jsonrpc.ts:1086:25)
    at <anonymous> (C:\Users\perum\OneDrive\Desktop\sidra\node_modules\ethers\src.ts\providers\provider-jsonrpc.ts:571:45)
    at process.processTicksAndRejections (node:internal/process/task_queues:104:5)
[31m[Nest] 181104  - [39m04/09/2026, 10:23:32 pm [31m  ERROR[39m [38;5;3m[BlockchainService] [39m[31mFailed to scan USDT on BASE blocks 46381214-46386214[39m
Error: could not coalesce error (error={ "code": -32016, "message": "over rate limit" }, payload={ "id": 11246, "jsonrpc": "2.0", "method": "eth_getBlockByNumber", "params": [ "0x2c3b8ac", true ] }, code=UNKNOWN_ERROR, version=6.17.0)
    at makeError (C:\Users\perum\OneDrive\Desktop\sidra\node_modules\ethers\src.ts\utils\errors.ts:698:21)
    at JsonRpcProvider.getRpcError (C:\Users\perum\OneDrive\Desktop\sidra\node_modules\ethers\src.ts\providers\provider-jsonrpc.ts:1086:25)
    at <anonymous> (C:\Users\perum\OneDrive\Desktop\sidra\node_modules\ethers\src.ts\providers\provider-jsonrpc.ts:571:45)
    at process.processTicksAndRejections (node:internal/process/task_queues:104:5)
[31m[Nest] 181104  - [39m04/09/2026, 10:23:32 pm [31m  ERROR[39m [38;5;3m[BlockchainService] [39m[31mFailed to scan USDT on BASE blocks 46381214-46386214[39m
Error: could not coalesce error (error={ "code": -32016, "message": "over rate limit" }, payload={ "id": 11246, "jsonrpc": "2.0", "method": "eth_getBlockByNumber", "params": [ "0x2c3b8ac", true ] }, code=UNKNOWN_ERROR, version=6.17.0)
    at makeError (C:\Users\perum\OneDrive\Desktop\sidra\node_modules\ethers\src.ts\utils\errors.ts:698:21)
    at JsonRpcProvider.getRpcError (C:\Users\perum\OneDrive\Desktop\sidra\node_modules\ethers\src.ts\providers\provider-jsonrpc.ts:1086:25)
    at <anonymous> (C:\Users\perum\OneDrive\Desktop\sidra\node_modules\ethers\src.ts\providers\provider-jsonrpc.ts:571:45)
    at process.processTicksAndRejections (node:internal/process/task_queues:104:5)
[31m[Nest] 181104  - [39m04/09/2026, 10:23:32 pm [31m  ERROR[39m [38;5;3m[BlockchainService] [39m[31mFailed to scan USDT on BASE blocks 46381214-46386214[39m
Error: could not coalesce error (error={ "code": -32016, "message": "over rate limit" }, payload={ "id": 11246, "jsonrpc": "2.0", "method": "eth_getBlockByNumber", "params": [ "0x2c3b8ac", true ] }, code=UNKNOWN_ERROR, version=6.17.0)
    at makeError (C:\Users\perum\OneDrive\Desktop\sidra\node_modules\ethers\src.ts\utils\errors.ts:698:21)
    at JsonRpcProvider.getRpcError (C:\Users\perum\OneDrive\Desktop\sidra\node_modules\ethers\src.ts\providers\provider-jsonrpc.ts:1086:25)
    at <anonymous> (C:\Users\perum\OneDrive\Desktop\sidra\node_modules\ethers\src.ts\providers\provider-jsonrpc.ts:571:45)
    at process.processTicksAndRejections (node:internal/process/task_queues:104:5)
[31m[Nest] 181104  - [39m04/09/2026, 10:23:32 pm [31m  ERROR[39m [38;5;3m[BlockchainService] [39m[31mFailed to scan USDT on BASE blocks 46381214-46386214[39m
Error: could not coalesce error (error={ "code": -32016, "message": "over rate limit" }, payload={ "id": 11246, "jsonrpc": "2.0", "method": "eth_getBlockByNumber", "params": [ "0x2c3b8ac", true ] }, code=UNKNOWN_ERROR, version=6.17.0)
    at makeError (C:\Users\perum\OneDrive\Desktop\sidra\node_modules\ethers\src.ts\utils\errors.ts:698:21)
    at JsonRpcProvider.getRpcError (C:\Users\perum\OneDrive\Desktop\sidra\node_modules\ethers\src.ts\providers\provider-jsonrpc.ts:1086:25)
    at <anonymous> (C:\Users\perum\OneDrive\Desktop\sidra\node_modules\ethers\src.ts\providers\provider-jsonrpc.ts:571:45)
    at process.processTicksAndRejections (node:internal/process/task_queues:104:5)
[31m[Nest] 181104  - [39m04/09/2026, 10:23:32 pm [31m  ERROR[39m [38;5;3m[BlockchainService] [39m[31mFailed to scan USDT on BASE blocks 46381214-46386214[39m
Error: could not coalesce error (error={ "code": -32016, "message": "over rate limit" }, payload={ "id": 11246, "jsonrpc": "2.0", "method": "eth_getBlockByNumber", "params": [ "0x2c3b8ac", true ] }, code=UNKNOWN_ERROR, version=6.17.0)
    at makeError (C:\Users\perum\OneDrive\Desktop\sidra\node_modules\ethers\src.ts\utils\errors.ts:698:21)
    at JsonRpcProvider.getRpcError (C:\Users\perum\OneDrive\Desktop\sidra\node_modules\ethers\src.ts\providers\provider-jsonrpc.ts:1086:25)
    at <anonymous> (C:\Users\perum\OneDrive\Desktop\sidra\node_modules\ethers\src.ts\providers\provider-jsonrpc.ts:571:45)
    at process.processTicksAndRejections (node:internal/process/task_queues:104:5)
[31m[Nest] 181104  - [39m04/09/2026, 10:23:32 pm [31m  ERROR[39m [38;5;3m[BlockchainService] [39m[31mFailed to scan USDT on BASE blocks 46381214-46386214[39m
Error: could not coalesce error (error={ "code": -32016, "message": "over rate limit" }, payload={ "id": 11246, "jsonrpc": "2.0", "method": "eth_getBlockByNumber", "params": [ "0x2c3b8ac", true ] }, code=UNKNOWN_ERROR, version=6.17.0)
    at makeError (C:\Users\perum\OneDrive\Desktop\sidra\node_modules\ethers\src.ts\utils\errors.ts:698:21)
    at JsonRpcProvider.getRpcError (C:\Users\perum\OneDrive\Desktop\sidra\node_modules\ethers\src.ts\providers\provider-jsonrpc.ts:1086:25)
    at <anonymous> (C:\Users\perum\OneDrive\Desktop\sidra\node_modules\ethers\src.ts\providers\provider-jsonrpc.ts:571:45)
    at process.processTicksAndRejections (node:internal/process/task_queues:104:5)
[31m[Nest] 181104  - [39m04/09/2026, 10:23:32 pm [31m  ERROR[39m [38;5;3m[BlockchainService] [39m[31mFailed to scan USDT on BASE blocks 46381214-46386214[39m
Error: could not coalesce error (error={ "code": -32016, "message": "over rate limit" }, payload={ "id": 11246, "jsonrpc": "2.0", "method": "eth_getBlockByNumber", "params": [ "0x2c3b8ac", true ] }, code=UNKNOWN_ERROR, version=6.17.0)
    at makeError (C:\Users\perum\OneDrive\Desktop\sidra\node_modules\ethers\src.ts\utils\errors.ts:698:21)
    at JsonRpcProvider.getRpcError (C:\Users\perum\OneDrive\Desktop\sidra\node_modules\ethers\src.ts\providers\provider-jsonrpc.ts:1086:25)
    at <anonymous> (C:\Users\perum\OneDrive\Desktop\sidra\node_modules\ethers\src.ts\providers\provider-jsonrpc.ts:571:45)
    at process.processTicksAndRejections (node:internal/process/task_queues:104:5)
[31m[Nest] 181104  - [39m04/09/2026, 10:23:32 pm [31m  ERROR[39m [38;5;3m[BlockchainService] [39m[31mFailed to scan USDT on BASE blocks 46380848-46385848[39m
Error: could not coalesce error (error={ "code": -32016, "message": "over rate limit" }, payload={ "id": 11247, "jsonrpc": "2.0", "method": "eth_getBlockByNumber", "params": [ "0x2c3b742", true ] }, code=UNKNOWN_ERROR, version=6.17.0)
    at makeError (C:\Users\perum\OneDrive\Desktop\sidra\node_modules\ethers\src.ts\utils\errors.ts:698:21)
    at JsonRpcProvider.getRpcError (C:\Users\perum\OneDrive\Desktop\sidra\node_modules\ethers\src.ts\providers\provider-jsonrpc.ts:1086:25)
    at <anonymous> (C:\Users\perum\OneDrive\Desktop\sidra\node_modules\ethers\src.ts\providers\provider-jsonrpc.ts:571:45)
    at process.processTicksAndRejections (node:internal/process/task_queues:104:5)
[31m[Nest] 181104  - [39m04/09/2026, 10:23:32 pm [31m  ERROR[39m [38;5;3m[BlockchainService] [39m[31mFailed to scan USDT on BASE blocks 46380848-46385848[39m
Error: could not coalesce error (error={ "code": -32016, "message": "over rate limit" }, payload={ "id": 11247, "jsonrpc": "2.0", "method": "eth_getBlockByNumber", "params": [ "0x2c3b742", true ] }, code=UNKNOWN_ERROR, version=6.17.0)
    at makeError (C:\Users\perum\OneDrive\Desktop\sidra\node_modules\ethers\src.ts\utils\errors.ts:698:21)
    at JsonRpcProvider.getRpcError (C:\Users\perum\OneDrive\Desktop\sidra\node_modules\ethers\src.ts\providers\provider-jsonrpc.ts:1086:25)
    at <anonymous> (C:\Users\perum\OneDrive\Desktop\sidra\node_modules\ethers\src.ts\providers\provider-jsonrpc.ts:571:45)
    at process.processTicksAndRejections (node:internal/process/task_queues:104:5)
[31m[Nest] 181104  - [39m04/09/2026, 10:23:32 pm [31m  ERROR[39m [38;5;3m[BlockchainService] [39m[31mFailed to scan USDT on BASE blocks 46380848-46385848[39m
Error: could not coalesce error (error={ "code": -32016, "message": "over rate limit" }, payload={ "id": 11247, "jsonrpc": "2.0", "method": "eth_getBlockByNumber", "params": [ "0x2c3b742", true ] }, code=UNKNOWN_ERROR, version=6.17.0)
    at makeError (C:\Users\perum\OneDrive\Desktop\sidra\node_modules\ethers\src.ts\utils\errors.ts:698:21)
    at JsonRpcProvider.getRpcError (C:\Users\perum\OneDrive\Desktop\sidra\node_modules\ethers\src.ts\providers\provider-jsonrpc.ts:1086:25)
    at <anonymous> (C:\Users\perum\OneDrive\Desktop\sidra\node_modules\ethers\src.ts\providers\provider-jsonrpc.ts:571:45)
    at process.processTicksAndRejections (node:internal/process/task_queues:104:5)
[31m[Nest] 181104  - [39m04/09/2026, 10:23:32 pm [31m  ERROR[39m [38;5;3m[BlockchainService] [39m[31mFailed to scan USDT on BASE blocks 46380848-46385848[39m
Error: could not coalesce error (error={ "code": -32016, "message": "over rate limit" }, payload={ "id": 11247, "jsonrpc": "2.0", "method": "eth_getBlockByNumber", "params": [ "0x2c3b742", true ] }, code=UNKNOWN_ERROR, version=6.17.0)
    at makeError (C:\Users\perum\OneDrive\Desktop\sidra\node_modules\ethers\src.ts\utils\errors.ts:698:21)
    at JsonRpcProvider.getRpcError (C:\Users\perum\OneDrive\Desktop\sidra\node_modules\ethers\src.ts\providers\provider-jsonrpc.ts:1086:25)
    at <anonymous> (C:\Users\perum\OneDrive\Desktop\sidra\node_modules\ethers\src.ts\providers\provider-jsonrpc.ts:571:45)
    at process.processTicksAndRejections (node:internal/process/task_queues:104:5)
[31m[Nest] 181104  - [39m04/09/2026, 10:23:32 pm [31m  ERROR[39m [38;5;3m[BlockchainService] [39m[31mFailed to scan USDT on BASE blocks 46380848-46385848[39m
Error: could not coalesce error (error={ "code": -32016, "message": "over rate limit" }, payload={ "id": 11247, "jsonrpc": "2.0", "method": "eth_getBlockByNumber", "params": [ "0x2c3b742", true ] }, code=UNKNOWN_ERROR, version=6.17.0)
    at makeError (C:\Users\perum\OneDrive\Desktop\sidra\node_modules\ethers\src.ts\utils\errors.ts:698:21)
    at JsonRpcProvider.getRpcError (C:\Users\perum\OneDrive\Desktop\sidra\node_modules\ethers\src.ts\providers\provider-jsonrpc.ts:1086:25)
    at <anonymous> (C:\Users\perum\OneDrive\Desktop\sidra\node_modules\ethers\src.ts\providers\provider-jsonrpc.ts:571:45)
    at process.processTicksAndRejections (node:internal/process/task_queues:104:5)
[31m[Nest] 181104  - [39m04/09/2026, 10:23:32 pm [31m  ERROR[39m [38;5;3m[BlockchainService] [39m[31mFailed to scan USDT on BASE blocks 46380848-46385848[39m
Error: could not coalesce error (error={ "code": -32016, "message": "over rate limit" }, payload={ "id": 11247, "jsonrpc": "2.0", "method": "eth_getBlockByNumber", "params": [ "0x2c3b742", true ] }, code=UNKNOWN_ERROR, version=6.17.0)
    at makeError (C:\Users\perum\OneDrive\Desktop\sidra\node_modules\ethers\src.ts\utils\errors.ts:698:21)
    at JsonRpcProvider.getRpcError (C:\Users\perum\OneDrive\Desktop\sidra\node_modules\ethers\src.ts\providers\provider-jsonrpc.ts:1086:25)
    at <anonymous> (C:\Users\perum\OneDrive\Desktop\sidra\node_modules\ethers\src.ts\providers\provider-jsonrpc.ts:571:45)
    at process.processTicksAndRejections (node:internal/process/task_queues:104:5)
[31m[Nest] 181104  - [39m04/09/2026, 10:23:32 pm [31m  ERROR[39m [38;5;3m[BlockchainService] [39m[31mFailed to scan USDT on BASE blocks 46380848-46385848[39m
Error: could not coalesce error (error={ "code": -32016, "message": "over rate limit" }, payload={ "id": 11247, "jsonrpc": "2.0", "method": "eth_getBlockByNumber", "params": [ "0x2c3b742", true ] }, code=UNKNOWN_ERROR, version=6.17.0)
    at makeError (C:\Users\perum\OneDrive\Desktop\sidra\node_modules\ethers\src.ts\utils\errors.ts:698:21)
    at JsonRpcProvider.getRpcError (C:\Users\perum\OneDrive\Desktop\sidra\node_modules\ethers\src.ts\providers\provider-jsonrpc.ts:1086:25)
    at <anonymous> (C:\Users\perum\OneDrive\Desktop\sidra\node_modules\ethers\src.ts\providers\provider-jsonrpc.ts:571:45)
    at process.processTicksAndRejections (node:internal/process/task_queues:104:5)
[31m[Nest] 181104  - [39m04/09/2026, 10:23:32 pm [31m  ERROR[39m [38;5;3m[BlockchainService] [39m[31mFailed to scan USDT on BASE blocks 46380864-46385864[39m
Error: could not coalesce error (error={ "code": -32016, "message": "over rate limit" }, payload={ "id": 11248, "jsonrpc": "2.0", "method": "eth_getBlockByNumber", "params": [ "0x2c3b766", true ] }, code=UNKNOWN_ERROR, version=6.17.0)
    at makeError (C:\Users\perum\OneDrive\Desktop\sidra\node_modules\ethers\src.ts\utils\errors.ts:698:21)
    at JsonRpcProvider.getRpcError (C:\Users\perum\OneDrive\Desktop\sidra\node_modules\ethers\src.ts\providers\provider-jsonrpc.ts:1086:25)
    at <anonymous> (C:\Users\perum\OneDrive\Desktop\sidra\node_modules\ethers\src.ts\providers\provider-jsonrpc.ts:571:45)
    at process.processTicksAndRejections (node:internal/process/task_queues:104:5)
[31m[Nest] 181104  - [39m04/09/2026, 10:23:32 pm [31m  ERROR[39m [38;5;3m[BlockchainService] [39m[31mFailed to scan USDT on BASE blocks 46380864-46385864[39m
Error: could not coalesce error (error={ "code": -32016, "message": "over rate limit" }, payload={ "id": 11248, "jsonrpc": "2.0", "method": "eth_getBlockByNumber", "params": [ "0x2c3b766", true ] }, code=UNKNOWN_ERROR, version=6.17.0)
    at makeError (C:\Users\perum\OneDrive\Desktop\sidra\node_modules\ethers\src.ts\utils\errors.ts:698:21)
    at JsonRpcProvider.getRpcError (C:\Users\perum\OneDrive\Desktop\sidra\node_modules\ethers\src.ts\providers\provider-jsonrpc.ts:1086:25)
    at <anonymous> (C:\Users\perum\OneDrive\Desktop\sidra\node_modules\ethers\src.ts\providers\provider-jsonrpc.ts:571:45)
    at process.processTicksAndRejections (node:internal/process/task_queues:104:5)
[31m[Nest] 181104  - [39m04/09/2026, 10:23:32 pm [31m  ERROR[39m [38;5;3m[BlockchainService] [39m[31mFailed to scan USDT on BASE blocks 46380864-46385864[39m
Error: could not coalesce error (error={ "code": -32016, "message": "over rate limit" }, payload={ "id": 11248, "jsonrpc": "2.0", "method": "eth_getBlockByNumber", "params": [ "0x2c3b766", true ] }, code=UNKNOWN_ERROR, version=6.17.0)
    at makeError (C:\Users\perum\OneDrive\Desktop\sidra\node_modules\ethers\src.ts\utils\errors.ts:698:21)
    at JsonRpcProvider.getRpcError (C:\Users\perum\OneDrive\Desktop\sidra\node_modules\ethers\src.ts\providers\provider-jsonrpc.ts:1086:25)
    at <anonymous> (C:\Users\perum\OneDrive\Desktop\sidra\node_modules\ethers\src.ts\providers\provider-jsonrpc.ts:571:45)
    at process.processTicksAndRejections (node:internal/process/task_queues:104:5)
[31m[Nest] 181104  - [39m04/09/2026, 10:23:32 pm [31m  ERROR[39m [38;5;3m[BlockchainService] [39m[31mFailed to scan USDT on BASE blocks 46380864-46385864[39m
Error: could not coalesce error (error={ "code": -32016, "message": "over rate limit" }, payload={ "id": 11248, "jsonrpc": "2.0", "method": "eth_getBlockByNumber", "params": [ "0x2c3b766", true ] }, code=UNKNOWN_ERROR, version=6.17.0)
    at makeError (C:\Users\perum\OneDrive\Desktop\sidra\node_modules\ethers\src.ts\utils\errors.ts:698:21)
    at JsonRpcProvider.getRpcError (C:\Users\perum\OneDrive\Desktop\sidra\node_modules\ethers\src.ts\providers\provider-jsonrpc.ts:1086:25)
    at <anonymous> (C:\Users\perum\OneDrive\Desktop\sidra\node_modules\ethers\src.ts\providers\provider-jsonrpc.ts:571:45)
    at process.processTicksAndRejections (node:internal/process/task_queues:104:5)
[31m[Nest] 181104  - [39m04/09/2026, 10:23:32 pm [31m  ERROR[39m [38;5;3m[BlockchainService] [39m[31mFailed to scan USDT on BASE blocks 46380864-46385864[39m
Error: could not coalesce error (error={ "code": -32016, "message": "over rate limit" }, payload={ "id": 11248, "jsonrpc": "2.0", "method": "eth_getBlockByNumber", "params": [ "0x2c3b766", true ] }, code=UNKNOWN_ERROR, version=6.17.0)
    at makeError (C:\Users\perum\OneDrive\Desktop\sidra\node_modules\ethers\src.ts\utils\errors.ts:698:21)
    at JsonRpcProvider.getRpcError (C:\Users\perum\OneDrive\Desktop\sidra\node_modules\ethers\src.ts\providers\provider-jsonrpc.ts:1086:25)
    at <anonymous> (C:\Users\perum\OneDrive\Desktop\sidra\node_modules\ethers\src.ts\providers\provider-jsonrpc.ts:571:45)
    at process.processTicksAndRejections (node:internal/process/task_queues:104:5)
[31m[Nest] 181104  - [39m04/09/2026, 10:23:32 pm [31m  ERROR[39m [38;5;3m[BlockchainService] [39m[31mFailed to scan USDT on BASE blocks 46380864-46385864[39m
Error: could not coalesce error (error={ "code": -32016, "message": "over rate limit" }, payload={ "id": 11248, "jsonrpc": "2.0", "method": "eth_getBlockByNumber", "params": [ "0x2c3b766", true ] }, code=UNKNOWN_ERROR, version=6.17.0)
    at makeError (C:\Users\perum\OneDrive\Desktop\sidra\node_modules\ethers\src.ts\utils\errors.ts:698:21)
    at JsonRpcProvider.getRpcError (C:\Users\perum\OneDrive\Desktop\sidra\node_modules\ethers\src.ts\providers\provider-jsonrpc.ts:1086:25)
    at <anonymous> (C:\Users\perum\OneDrive\Desktop\sidra\node_modules\ethers\src.ts\providers\provider-jsonrpc.ts:571:45)
    at process.processTicksAndRejections (node:internal/process/task_queues:104:5)
[31m[Nest] 181104  - [39m04/09/2026, 10:23:32 pm [31m  ERROR[39m [38;5;3m[BlockchainService] [39m[31mFailed to scan USDT on BASE blocks 46380864-46385864[39m
Error: could not coalesce error (error={ "code": -32016, "message": "over rate limit" }, payload={ "id": 11248, "jsonrpc": "2.0", "method": "eth_getBlockByNumber", "params": [ "0x2c3b766", true ] }, code=UNKNOWN_ERROR, version=6.17.0)
    at makeError (C:\Users\perum\OneDrive\Desktop\sidra\node_modules\ethers\src.ts\utils\errors.ts:698:21)
    at JsonRpcProvider.getRpcError (C:\Users\perum\OneDrive\Desktop\sidra\node_modules\ethers\src.ts\providers\provider-jsonrpc.ts:1086:25)
    at <anonymous> (C:\Users\perum\OneDrive\Desktop\sidra\node_modules\ethers\src.ts\providers\provider-jsonrpc.ts:571:45)
    at process.processTicksAndRejections (node:internal/process/task_queues:104:5)
[31m[Nest] 181104  - [39m04/09/2026, 10:23:32 pm [31m  ERROR[39m [38;5;3m[BlockchainService] [39m[31mFailed to scan ETH on BASE blocks 46380545-46385545[39m
Error: could not coalesce error (error={ "code": -32016, "message": "over rate limit" }, payload={ "id": 11248, "jsonrpc": "2.0", "method": "eth_getBlockByNumber", "params": [ "0x2c3b766", true ] }, code=UNKNOWN_ERROR, version=6.17.0)
    at makeError (C:\Users\perum\OneDrive\Desktop\sidra\node_modules\ethers\src.ts\utils\errors.ts:698:21)
    at JsonRpcProvider.getRpcError (C:\Users\perum\OneDrive\Desktop\sidra\node_modules\ethers\src.ts\providers\provider-jsonrpc.ts:1086:25)
    at <anonymous> (C:\Users\perum\OneDrive\Desktop\sidra\node_modules\ethers\src.ts\providers\provider-jsonrpc.ts:571:45)
    at process.processTicksAndRejections (node:internal/process/task_queues:104:5)
[31m[Nest] 181104  - [39m04/09/2026, 10:23:32 pm [31m  ERROR[39m [38;5;3m[BlockchainService] [39m[31mFailed to scan ETH on BASE blocks 46380545-46385545[39m
Error: could not coalesce error (error={ "code": -32016, "message": "over rate limit" }, payload={ "id": 11248, "jsonrpc": "2.0", "method": "eth_getBlockByNumber", "params": [ "0x2c3b766", true ] }, code=UNKNOWN_ERROR, version=6.17.0)
    at makeError (C:\Users\perum\OneDrive\Desktop\sidra\node_modules\ethers\src.ts\utils\errors.ts:698:21)
    at JsonRpcProvider.getRpcError (C:\Users\perum\OneDrive\Desktop\sidra\node_modules\ethers\src.ts\providers\provider-jsonrpc.ts:1086:25)
    at <anonymous> (C:\Users\perum\OneDrive\Desktop\sidra\node_modules\ethers\src.ts\providers\provider-jsonrpc.ts:571:45)
    at process.processTicksAndRejections (node:internal/process/task_queues:104:5)
[31m[Nest] 181104  - [39m04/09/2026, 10:23:32 pm [31m  ERROR[39m [38;5;3m[BlockchainService] [39m[31mFailed to scan ETH on BASE blocks 46380545-46385545[39m
Error: could not coalesce error (error={ "code": -32016, "message": "over rate limit" }, payload={ "id": 11248, "jsonrpc": "2.0", "method": "eth_getBlockByNumber", "params": [ "0x2c3b766", true ] }, code=UNKNOWN_ERROR, version=6.17.0)
    at makeError (C:\Users\perum\OneDrive\Desktop\sidra\node_modules\ethers\src.ts\utils\errors.ts:698:21)
    at JsonRpcProvider.getRpcError (C:\Users\perum\OneDrive\Desktop\sidra\node_modules\ethers\src.ts\providers\provider-jsonrpc.ts:1086:25)
    at <anonymous> (C:\Users\perum\OneDrive\Desktop\sidra\node_modules\ethers\src.ts\providers\provider-jsonrpc.ts:571:45)
    at process.processTicksAndRejections (node:internal/process/task_queues:104:5)
[31m[Nest] 181104  - [39m04/09/2026, 10:23:32 pm [31m  ERROR[39m [38;5;3m[BlockchainService] [39m[31mFailed to scan ETH on BASE blocks 46380545-46385545[39m
Error: could not coalesce error (error={ "code": -32016, "message": "over rate limit" }, payload={ "id": 11248, "jsonrpc": "2.0", "method": "eth_getBlockByNumber", "params": [ "0x2c3b766", true ] }, code=UNKNOWN_ERROR, version=6.17.0)
    at makeError (C:\Users\perum\OneDrive\Desktop\sidra\node_modules\ethers\src.ts\utils\errors.ts:698:21)
    at JsonRpcProvider.getRpcError (C:\Users\perum\OneDrive\Desktop\sidra\node_modules\ethers\src.ts\providers\provider-jsonrpc.ts:1086:25)
    at <anonymous> (C:\Users\perum\OneDrive\Desktop\sidra\node_modules\ethers\src.ts\providers\provider-jsonrpc.ts:571:45)
    at process.processTicksAndRejections (node:internal/process/task_queues:104:5)
[31m[Nest] 181104  - [39m04/09/2026, 10:23:32 pm [31m  ERROR[39m [38;5;3m[BlockchainService] [39m[31mFailed to scan ETH on BASE blocks 46380545-46385545[39m
Error: could not coalesce error (error={ "code": -32016, "message": "over rate limit" }, payload={ "id": 11248, "jsonrpc": "2.0", "method": "eth_getBlockByNumber", "params": [ "0x2c3b766", true ] }, code=UNKNOWN_ERROR, version=6.17.0)
    at makeError (C:\Users\perum\OneDrive\Desktop\sidra\node_modules\ethers\src.ts\utils\errors.ts:698:21)
    at JsonRpcProvider.getRpcError (C:\Users\perum\OneDrive\Desktop\sidra\node_modules\ethers\src.ts\providers\provider-jsonrpc.ts:1086:25)
    at <anonymous> (C:\Users\perum\OneDrive\Desktop\sidra\node_modules\ethers\src.ts\providers\provider-jsonrpc.ts:571:45)
    at process.processTicksAndRejections (node:internal/process/task_queues:104:5)
[31m[Nest] 181104  - [39m04/09/2026, 10:23:32 pm [31m  ERROR[39m [38;5;3m[BlockchainService] [39m[31mFailed to scan ETH on BASE blocks 46380545-46385545[39m
Error: could not coalesce error (error={ "code": -32016, "message": "over rate limit" }, payload={ "id": 11248, "jsonrpc": "2.0", "method": "eth_getBlockByNumber", "params": [ "0x2c3b766", true ] }, code=UNKNOWN_ERROR, version=6.17.0)
    at makeError (C:\Users\perum\OneDrive\Desktop\sidra\node_modules\ethers\src.ts\utils\errors.ts:698:21)
    at JsonRpcProvider.getRpcError (C:\Users\perum\OneDrive\Desktop\sidra\node_modules\ethers\src.ts\providers\provider-jsonrpc.ts:1086:25)
    at <anonymous> (C:\Users\perum\OneDrive\Desktop\sidra\node_modules\ethers\src.ts\providers\provider-jsonrpc.ts:571:45)
    at process.processTicksAndRejections (node:internal/process/task_queues:104:5)
[31m[Nest] 181104  - [39m04/09/2026, 10:23:32 pm [31m  ERROR[39m [38;5;3m[BlockchainService] [39m[31mFailed to scan ETH on BASE blocks 46380545-46385545[39m
Error: could not coalesce error (error={ "code": -32016, "message": "over rate limit" }, payload={ "id": 11248, "jsonrpc": "2.0", "method": "eth_getBlockByNumber", "params": [ "0x2c3b766", true ] }, code=UNKNOWN_ERROR, version=6.17.0)
    at makeError (C:\Users\perum\OneDrive\Desktop\sidra\node_modules\ethers\src.ts\utils\errors.ts:698:21)
    at JsonRpcProvider.getRpcError (C:\Users\perum\OneDrive\Desktop\sidra\node_modules\ethers\src.ts\providers\provider-jsonrpc.ts:1086:25)
    at <anonymous> (C:\Users\perum\OneDrive\Desktop\sidra\node_modules\ethers\src.ts\providers\provider-jsonrpc.ts:571:45)
    at process.processTicksAndRejections (node:internal/process/task_queues:104:5)
[31m[Nest] 181104  - [39m04/09/2026, 10:23:32 pm [31m  ERROR[39m [38;5;3m[BlockchainService] [39m[31mFailed to scan USDT on BASE blocks 46380882-46385882[39m
Error: could not coalesce error (error={ "code": -32016, "message": "over rate limit" }, payload={ "id": 11249, "jsonrpc": "2.0", "method": "eth_getBlockByNumber", "params": [ "0x2c3b779", true ] }, code=UNKNOWN_ERROR, version=6.17.0)
    at makeError (C:\Users\perum\OneDrive\Desktop\sidra\node_modules\ethers\src.ts\utils\errors.ts:698:21)
    at JsonRpcProvider.getRpcError (C:\Users\perum\OneDrive\Desktop\sidra\node_modules\ethers\src.ts\providers\provider-jsonrpc.ts:1086:25)
    at <anonymous> (C:\Users\perum\OneDrive\Desktop\sidra\node_modules\ethers\src.ts\providers\provider-jsonrpc.ts:571:45)
    at process.processTicksAndRejections (node:internal/process/task_queues:104:5)
[31m[Nest] 181104  - [39m04/09/2026, 10:23:32 pm [31m  ERROR[39m [38;5;3m[BlockchainService] [39m[31mFailed to scan USDT on BASE blocks 46380882-46385882[39m
Error: could not coalesce error (error={ "code": -32016, "message": "over rate limit" }, payload={ "id": 11249, "jsonrpc": "2.0", "method": "eth_getBlockByNumber", "params": [ "0x2c3b779", true ] }, code=UNKNOWN_ERROR, version=6.17.0)
    at makeError (C:\Users\perum\OneDrive\Desktop\sidra\node_modules\ethers\src.ts\utils\errors.ts:698:21)
    at JsonRpcProvider.getRpcError (C:\Users\perum\OneDrive\Desktop\sidra\node_modules\ethers\src.ts\providers\provider-jsonrpc.ts:1086:25)
    at <anonymous> (C:\Users\perum\OneDrive\Desktop\sidra\node_modules\ethers\src.ts\providers\provider-jsonrpc.ts:571:45)
    at process.processTicksAndRejections (node:internal/process/task_queues:104:5)
[31m[Nest] 181104  - [39m04/09/2026, 10:23:32 pm [31m  ERROR[39m [38;5;3m[BlockchainService] [39m[31mFailed to scan USDT on BASE blocks 46380882-46385882[39m
Error: could not coalesce error (error={ "code": -32016, "message": "over rate limit" }, payload={ "id": 11249, "jsonrpc": "2.0", "method": "eth_getBlockByNumber", "params": [ "0x2c3b779", true ] }, code=UNKNOWN_ERROR, version=6.17.0)
    at makeError (C:\Users\perum\OneDrive\Desktop\sidra\node_modules\ethers\src.ts\utils\errors.ts:698:21)
    at JsonRpcProvider.getRpcError (C:\Users\perum\OneDrive\Desktop\sidra\node_modules\ethers\src.ts\providers\provider-jsonrpc.ts:1086:25)
    at <anonymous> (C:\Users\perum\OneDrive\Desktop\sidra\node_modules\ethers\src.ts\providers\provider-jsonrpc.ts:571:45)
    at process.processTicksAndRejections (node:internal/process/task_queues:104:5)
[31m[Nest] 181104  - [39m04/09/2026, 10:23:32 pm [31m  ERROR[39m [38;5;3m[BlockchainService] [39m[31mFailed to scan USDT on BASE blocks 46380882-46385882[39m
Error: could not coalesce error (error={ "code": -32016, "message": "over rate limit" }, payload={ "id": 11249, "jsonrpc": "2.0", "method": "eth_getBlockByNumber", "params": [ "0x2c3b779", true ] }, code=UNKNOWN_ERROR, version=6.17.0)
    at makeError (C:\Users\perum\OneDrive\Desktop\sidra\node_modules\ethers\src.ts\utils\errors.ts:698:21)
    at JsonRpcProvider.getRpcError (C:\Users\perum\OneDrive\Desktop\sidra\node_modules\ethers\src.ts\providers\provider-jsonrpc.ts:1086:25)
    at <anonymous> (C:\Users\perum\OneDrive\Desktop\sidra\node_modules\ethers\src.ts\providers\provider-jsonrpc.ts:571:45)
    at process.processTicksAndRejections (node:internal/process/task_queues:104:5)
[31m[Nest] 181104  - [39m04/09/2026, 10:23:32 pm [31m  ERROR[39m [38;5;3m[BlockchainService] [39m[31mFailed to scan USDT on BASE blocks 46380882-46385882[39m
Error: could not coalesce error (error={ "code": -32016, "message": "over rate limit" }, payload={ "id": 11249, "jsonrpc": "2.0", "method": "eth_getBlockByNumber", "params": [ "0x2c3b779", true ] }, code=UNKNOWN_ERROR, version=6.17.0)
    at makeError (C:\Users\perum\OneDrive\Desktop\sidra\node_modules\ethers\src.ts\utils\errors.ts:698:21)
    at JsonRpcProvider.getRpcError (C:\Users\perum\OneDrive\Desktop\sidra\node_modules\ethers\src.ts\providers\provider-jsonrpc.ts:1086:25)
    at <anonymous> (C:\Users\perum\OneDrive\Desktop\sidra\node_modules\ethers\src.ts\providers\provider-jsonrpc.ts:571:45)
    at process.processTicksAndRejections (node:internal/process/task_queues:104:5)
[31m[Nest] 181104  - [39m04/09/2026, 10:23:32 pm [31m  ERROR[39m [38;5;3m[BlockchainService] [39m[31mFailed to scan USDT on BASE blocks 46380882-46385882[39m
Error: could not coalesce error (error={ "code": -32016, "message": "over rate limit" }, payload={ "id": 11249, "jsonrpc": "2.0", "method": "eth_getBlockByNumber", "params": [ "0x2c3b779", true ] }, code=UNKNOWN_ERROR, version=6.17.0)
    at makeError (C:\Users\perum\OneDrive\Desktop\sidra\node_modules\ethers\src.ts\utils\errors.ts:698:21)
    at JsonRpcProvider.getRpcError (C:\Users\perum\OneDrive\Desktop\sidra\node_modules\ethers\src.ts\providers\provider-jsonrpc.ts:1086:25)
    at <anonymous> (C:\Users\perum\OneDrive\Desktop\sidra\node_modules\ethers\src.ts\providers\provider-jsonrpc.ts:571:45)
    at process.processTicksAndRejections (node:internal/process/task_queues:104:5)
[31m[Nest] 181104  - [39m04/09/2026, 10:23:32 pm [31m  ERROR[39m [38;5;3m[BlockchainService] [39m[31mFailed to scan USDT on BASE blocks 46380882-46385882[39m
Error: could not coalesce error (error={ "code": -32016, "message": "over rate limit" }, payload={ "id": 11249, "jsonrpc": "2.0", "method": "eth_getBlockByNumber", "params": [ "0x2c3b779", true ] }, code=UNKNOWN_ERROR, version=6.17.0)
    at makeError (C:\Users\perum\OneDrive\Desktop\sidra\node_modules\ethers\src.ts\utils\errors.ts:698:21)
    at JsonRpcProvider.getRpcError (C:\Users\perum\OneDrive\Desktop\sidra\node_modules\ethers\src.ts\providers\provider-jsonrpc.ts:1086:25)
    at <anonymous> (C:\Users\perum\OneDrive\Desktop\sidra\node_modules\ethers\src.ts\providers\provider-jsonrpc.ts:571:45)
    at process.processTicksAndRejections (node:internal/process/task_queues:104:5)
[31m[Nest] 181104  - [39m04/09/2026, 10:23:32 pm [31m  ERROR[39m [38;5;3m[BlockchainService] [39m[31mFailed to scan USDT on BASE blocks 46380893-46385893[39m
Error: could not coalesce error (error={ "code": -32016, "message": "over rate limit" }, payload={ "id": 11250, "jsonrpc": "2.0", "method": "eth_getBlockByNumber", "params": [ "0x2c3b785", true ] }, code=UNKNOWN_ERROR, version=6.17.0)
    at makeError (C:\Users\perum\OneDrive\Desktop\sidra\node_modules\ethers\src.ts\utils\errors.ts:698:21)
    at JsonRpcProvider.getRpcError (C:\Users\perum\OneDrive\Desktop\sidra\node_modules\ethers\src.ts\providers\provider-jsonrpc.ts:1086:25)
    at <anonymous> (C:\Users\perum\OneDrive\Desktop\sidra\node_modules\ethers\src.ts\providers\provider-jsonrpc.ts:571:45)
    at process.processTicksAndRejections (node:internal/process/task_queues:104:5)
[31m[Nest] 181104  - [39m04/09/2026, 10:23:32 pm [31m  ERROR[39m [38;5;3m[BlockchainService] [39m[31mFailed to scan USDT on BASE blocks 46380893-46385893[39m
Error: could not coalesce error (error={ "code": -32016, "message": "over rate limit" }, payload={ "id": 11250, "jsonrpc": "2.0", "method": "eth_getBlockByNumber", "params": [ "0x2c3b785", true ] }, code=UNKNOWN_ERROR, version=6.17.0)
    at makeError (C:\Users\perum\OneDrive\Desktop\sidra\node_modules\ethers\src.ts\utils\errors.ts:698:21)
    at JsonRpcProvider.getRpcError (C:\Users\perum\OneDrive\Desktop\sidra\node_modules\ethers\src.ts\providers\provider-jsonrpc.ts:1086:25)
    at <anonymous> (C:\Users\perum\OneDrive\Desktop\sidra\node_modules\ethers\src.ts\providers\provider-jsonrpc.ts:571:45)
    at process.processTicksAndRejections (node:internal/process/task_queues:104:5)
[31m[Nest] 181104  - [39m04/09/2026, 10:23:32 pm [31m  ERROR[39m [38;5;3m[BlockchainService] [39m[31mFailed to scan USDT on BASE blocks 46380893-46385893[39m
Error: could not coalesce error (error={ "code": -32016, "message": "over rate limit" }, payload={ "id": 11250, "jsonrpc": "2.0", "method": "eth_getBlockByNumber", "params": [ "0x2c3b785", true ] }, code=UNKNOWN_ERROR, version=6.17.0)
    at makeError (C:\Users\perum\OneDrive\Desktop\sidra\node_modules\ethers\src.ts\utils\errors.ts:698:21)
    at JsonRpcProvider.getRpcError (C:\Users\perum\OneDrive\Desktop\sidra\node_modules\ethers\src.ts\providers\provider-jsonrpc.ts:1086:25)
    at <anonymous> (C:\Users\perum\OneDrive\Desktop\sidra\node_modules\ethers\src.ts\providers\provider-jsonrpc.ts:571:45)
    at process.processTicksAndRejections (node:internal/process/task_queues:104:5)
[31m[Nest] 181104  - [39m04/09/2026, 10:23:32 pm [31m  ERROR[39m [38;5;3m[BlockchainService] [39m[31mFailed to scan USDT on BASE blocks 46380893-46385893[39m
Error: could not coalesce error (error={ "code": -32016, "message": "over rate limit" }, payload={ "id": 11250, "jsonrpc": "2.0", "method": "eth_getBlockByNumber", "params": [ "0x2c3b785", true ] }, code=UNKNOWN_ERROR, version=6.17.0)
    at makeError (C:\Users\perum\OneDrive\Desktop\sidra\node_modules\ethers\src.ts\utils\errors.ts:698:21)
    at JsonRpcProvider.getRpcError (C:\Users\perum\OneDrive\Desktop\sidra\node_modules\ethers\src.ts\providers\provider-jsonrpc.ts:1086:25)
    at <anonymous> (C:\Users\perum\OneDrive\Desktop\sidra\node_modules\ethers\src.ts\providers\provider-jsonrpc.ts:571:45)
    at process.processTicksAndRejections (node:internal/process/task_queues:104:5)
[31m[Nest] 181104  - [39m04/09/2026, 10:23:32 pm [31m  ERROR[39m [38;5;3m[BlockchainService] [39m[31mFailed to scan USDT on BASE blocks 46380893-46385893[39m
Error: could not coalesce error (error={ "code": -32016, "message": "over rate limit" }, payload={ "id": 11250, "jsonrpc": "2.0", "method": "eth_getBlockByNumber", "params": [ "0x2c3b785", true ] }, code=UNKNOWN_ERROR, version=6.17.0)
    at makeError (C:\Users\perum\OneDrive\Desktop\sidra\node_modules\ethers\src.ts\utils\errors.ts:698:21)
    at JsonRpcProvider.getRpcError (C:\Users\perum\OneDrive\Desktop\sidra\node_modules\ethers\src.ts\providers\provider-jsonrpc.ts:1086:25)
    at <anonymous> (C:\Users\perum\OneDrive\Desktop\sidra\node_modules\ethers\src.ts\providers\provider-jsonrpc.ts:571:45)
    at process.processTicksAndRejections (node:internal/process/task_queues:104:5)
[31m[Nest] 181104  - [39m04/09/2026, 10:23:32 pm [31m  ERROR[39m [38;5;3m[BlockchainService] [39m[31mFailed to scan USDT on BASE blocks 46380893-46385893[39m
Error: could not coalesce error (error={ "code": -32016, "message": "over rate limit" }, payload={ "id": 11250, "jsonrpc": "2.0", "method": "eth_getBlockByNumber", "params": [ "0x2c3b785", true ] }, code=UNKNOWN_ERROR, version=6.17.0)
    at makeError (C:\Users\perum\OneDrive\Desktop\sidra\node_modules\ethers\src.ts\utils\errors.ts:698:21)
    at JsonRpcProvider.getRpcError (C:\Users\perum\OneDrive\Desktop\sidra\node_modules\ethers\src.ts\providers\provider-jsonrpc.ts:1086:25)
    at <anonymous> (C:\Users\perum\OneDrive\Desktop\sidra\node_modules\ethers\src.ts\providers\provider-jsonrpc.ts:571:45)
    at process.processTicksAndRejections (node:internal/process/task_queues:104:5)
[31m[Nest] 181104  - [39m04/09/2026, 10:23:32 pm [31m  ERROR[39m [38;5;3m[BlockchainService] [39m[31mFailed to scan USDT on BASE blocks 46380893-46385893[39m
Error: could not coalesce error (error={ "code": -32016, "message": "over rate limit" }, payload={ "id": 11250, "jsonrpc": "2.0", "method": "eth_getBlockByNumber", "params": [ "0x2c3b785", true ] }, code=UNKNOWN_ERROR, version=6.17.0)
    at makeError (C:\Users\perum\OneDrive\Desktop\sidra\node_modules\ethers\src.ts\utils\errors.ts:698:21)
    at JsonRpcProvider.getRpcError (C:\Users\perum\OneDrive\Desktop\sidra\node_modules\ethers\src.ts\providers\provider-jsonrpc.ts:1086:25)
    at <anonymous> (C:\Users\perum\OneDrive\Desktop\sidra\node_modules\ethers\src.ts\providers\provider-jsonrpc.ts:571:45)
    at process.processTicksAndRejections (node:internal/process/task_queues:104:5)
[31m[Nest] 181104  - [39m04/09/2026, 10:23:32 pm [31m  ERROR[39m [38;5;3m[BlockchainService] [39m[31mFailed to scan USDT on BASE blocks 46380909-46385909[39m
Error: could not coalesce error (error={ "code": -32016, "message": "over rate limit" }, payload={ "id": 11251, "jsonrpc": "2.0", "method": "eth_getBlockByNumber", "params": [ "0x2c3b796", true ] }, code=UNKNOWN_ERROR, version=6.17.0)
    at makeError (C:\Users\perum\OneDrive\Desktop\sidra\node_modules\ethers\src.ts\utils\errors.ts:698:21)
    at JsonRpcProvider.getRpcError (C:\Users\perum\OneDrive\Desktop\sidra\node_modules\ethers\src.ts\providers\provider-jsonrpc.ts:1086:25)
    at <anonymous> (C:\Users\perum\OneDrive\Desktop\sidra\node_modules\ethers\src.ts\providers\provider-jsonrpc.ts:571:45)
    at process.processTicksAndRejections (node:internal/process/task_queues:104:5)
[31m[Nest] 181104  - [39m04/09/2026, 10:23:32 pm [31m  ERROR[39m [38;5;3m[BlockchainService] [39m[31mFailed to scan USDT on BASE blocks 46380909-46385909[39m
Error: could not coalesce error (error={ "code": -32016, "message": "over rate limit" }, payload={ "id": 11251, "jsonrpc": "2.0", "method": "eth_getBlockByNumber", "params": [ "0x2c3b796", true ] }, code=UNKNOWN_ERROR, version=6.17.0)
    at makeError (C:\Users\perum\OneDrive\Desktop\sidra\node_modules\ethers\src.ts\utils\errors.ts:698:21)
    at JsonRpcProvider.getRpcError (C:\Users\perum\OneDrive\Desktop\sidra\node_modules\ethers\src.ts\providers\provider-jsonrpc.ts:1086:25)
    at <anonymous> (C:\Users\perum\OneDrive\Desktop\sidra\node_modules\ethers\src.ts\providers\provider-jsonrpc.ts:571:45)
    at process.processTicksAndRejections (node:internal/process/task_queues:104:5)
[31m[Nest] 181104  - [39m04/09/2026, 10:23:32 pm [31m  ERROR[39m [38;5;3m[BlockchainService] [39m[31mFailed to scan USDT on BASE blocks 46380909-46385909[39m
Error: could not coalesce error (error={ "code": -32016, "message": "over rate limit" }, payload={ "id": 11251, "jsonrpc": "2.0", "method": "eth_getBlockByNumber", "params": [ "0x2c3b796", true ] }, code=UNKNOWN_ERROR, version=6.17.0)
    at makeError (C:\Users\perum\OneDrive\Desktop\sidra\node_modules\ethers\src.ts\utils\errors.ts:698:21)
    at JsonRpcProvider.getRpcError (C:\Users\perum\OneDrive\Desktop\sidra\node_modules\ethers\src.ts\providers\provider-jsonrpc.ts:1086:25)
    at <anonymous> (C:\Users\perum\OneDrive\Desktop\sidra\node_modules\ethers\src.ts\providers\provider-jsonrpc.ts:571:45)
    at process.processTicksAndRejections (node:internal/process/task_queues:104:5)
[31m[Nest] 181104  - [39m04/09/2026, 10:23:32 pm [31m  ERROR[39m [38;5;3m[BlockchainService] [39m[31mFailed to scan USDT on BASE blocks 46380909-46385909[39m
Error: could not coalesce error (error={ "code": -32016, "message": "over rate limit" }, payload={ "id": 11251, "jsonrpc": "2.0", "method": "eth_getBlockByNumber", "params": [ "0x2c3b796", true ] }, code=UNKNOWN_ERROR, version=6.17.0)
    at makeError (C:\Users\perum\OneDrive\Desktop\sidra\node_modules\ethers\src.ts\utils\errors.ts:698:21)
    at JsonRpcProvider.getRpcError (C:\Users\perum\OneDrive\Desktop\sidra\node_modules\ethers\src.ts\providers\provider-jsonrpc.ts:1086:25)
    at <anonymous> (C:\Users\perum\OneDrive\Desktop\sidra\node_modules\ethers\src.ts\providers\provider-jsonrpc.ts:571:45)
    at process.processTicksAndRejections (node:internal/process/task_queues:104:5)
[31m[Nest] 181104  - [39m04/09/2026, 10:23:32 pm [31m  ERROR[39m [38;5;3m[BlockchainService] [39m[31mFailed to scan USDT on BASE blocks 46380909-46385909[39m
Error: could not coalesce error (error={ "code": -32016, "message": "over rate limit" }, payload={ "id": 11251, "jsonrpc": "2.0", "method": "eth_getBlockByNumber", "params": [ "0x2c3b796", true ] }, code=UNKNOWN_ERROR, version=6.17.0)
    at makeError (C:\Users\perum\OneDrive\Desktop\sidra\node_modules\ethers\src.ts\utils\errors.ts:698:21)
    at JsonRpcProvider.getRpcError (C:\Users\perum\OneDrive\Desktop\sidra\node_modules\ethers\src.ts\providers\provider-jsonrpc.ts:1086:25)
    at <anonymous> (C:\Users\perum\OneDrive\Desktop\sidra\node_modules\ethers\src.ts\providers\provider-jsonrpc.ts:571:45)
    at process.processTicksAndRejections (node:internal/process/task_queues:104:5)
[31m[Nest] 181104  - [39m04/09/2026, 10:23:32 pm [31m  ERROR[39m [38;5;3m[BlockchainService] [39m[31mFailed to scan USDT on BASE blocks 46380909-46385909[39m
Error: could not coalesce error (error={ "code": -32016, "message": "over rate limit" }, payload={ "id": 11251, "jsonrpc": "2.0", "method": "eth_getBlockByNumber", "params": [ "0x2c3b796", true ] }, code=UNKNOWN_ERROR, version=6.17.0)
    at makeError (C:\Users\perum\OneDrive\Desktop\sidra\node_modules\ethers\src.ts\utils\errors.ts:698:21)
    at JsonRpcProvider.getRpcError (C:\Users\perum\OneDrive\Desktop\sidra\node_modules\ethers\src.ts\providers\provider-jsonrpc.ts:1086:25)
    at <anonymous> (C:\Users\perum\OneDrive\Desktop\sidra\node_modules\ethers\src.ts\providers\provider-jsonrpc.ts:571:45)
    at process.processTicksAndRejections (node:internal/process/task_queues:104:5)
[31m[Nest] 181104  - [39m04/09/2026, 10:23:32 pm [31m  ERROR[39m [38;5;3m[BlockchainService] [39m[31mFailed to scan USDT on BASE blocks 46380909-46385909[39m
Error: could not coalesce error (error={ "code": -32016, "message": "over rate limit" }, payload={ "id": 11251, "jsonrpc": "2.0", "method": "eth_getBlockByNumber", "params": [ "0x2c3b796", true ] }, code=UNKNOWN_ERROR, version=6.17.0)
    at makeError (C:\Users\perum\OneDrive\Desktop\sidra\node_modules\ethers\src.ts\utils\errors.ts:698:21)
    at JsonRpcProvider.getRpcError (C:\Users\perum\OneDrive\Desktop\sidra\node_modules\ethers\src.ts\providers\provider-jsonrpc.ts:1086:25)
    at <anonymous> (C:\Users\perum\OneDrive\Desktop\sidra\node_modules\ethers\src.ts\providers\provider-jsonrpc.ts:571:45)
    at process.processTicksAndRejections (node:internal/process/task_queues:104:5)
[31m[Nest] 181104  - [39m04/09/2026, 10:23:35 pm [31m  ERROR[39m [38;5;3m[BlockchainService] [39m[31mFailed to scan USDT on BASE blocks 46380726-46385726[39m
Error: could not coalesce error (error={ "code": -32016, "message": "over rate limit" }, payload={ "id": 11293, "jsonrpc": "2.0", "method": "eth_getBlockByNumber", "params": [ "0x2c3b6bf", true ] }, code=UNKNOWN_ERROR, version=6.17.0)
    at makeError (C:\Users\perum\OneDrive\Desktop\sidra\node_modules\ethers\src.ts\utils\errors.ts:698:21)
    at JsonRpcProvider.getRpcError (C:\Users\perum\OneDrive\Desktop\sidra\node_modules\ethers\src.ts\providers\provider-jsonrpc.ts:1086:25)
    at <anonymous> (C:\Users\perum\OneDrive\Desktop\sidra\node_modules\ethers\src.ts\providers\provider-jsonrpc.ts:571:45)
    at process.processTicksAndRejections (node:internal/process/task_queues:104:5)
[31m[Nest] 181104  - [39m04/09/2026, 10:23:35 pm [31m  ERROR[39m [38;5;3m[BlockchainService] [39m[31mFailed to scan USDT on BASE blocks 46380726-46385726[39m
Error: could not coalesce error (error={ "code": -32016, "message": "over rate limit" }, payload={ "id": 11293, "jsonrpc": "2.0", "method": "eth_getBlockByNumber", "params": [ "0x2c3b6bf", true ] }, code=UNKNOWN_ERROR, version=6.17.0)
    at makeError (C:\Users\perum\OneDrive\Desktop\sidra\node_modules\ethers\src.ts\utils\errors.ts:698:21)
    at JsonRpcProvider.getRpcError (C:\Users\perum\OneDrive\Desktop\sidra\node_modules\ethers\src.ts\providers\provider-jsonrpc.ts:1086:25)
    at <anonymous> (C:\Users\perum\OneDrive\Desktop\sidra\node_modules\ethers\src.ts\providers\provider-jsonrpc.ts:571:45)
    at process.processTicksAndRejections (node:internal/process/task_queues:104:5)
[31m[Nest] 181104  - [39m04/09/2026, 10:23:35 pm [31m  ERROR[39m [38;5;3m[BlockchainService] [39m[31mFailed to scan USDT on BASE blocks 46380726-46385726[39m
Error: could not coalesce error (error={ "code": -32016, "message": "over rate limit" }, payload={ "id": 11293, "jsonrpc": "2.0", "method": "eth_getBlockByNumber", "params": [ "0x2c3b6bf", true ] }, code=UNKNOWN_ERROR, version=6.17.0)
    at makeError (C:\Users\perum\OneDrive\Desktop\sidra\node_modules\ethers\src.ts\utils\errors.ts:698:21)
    at JsonRpcProvider.getRpcError (C:\Users\perum\OneDrive\Desktop\sidra\node_modules\ethers\src.ts\providers\provider-jsonrpc.ts:1086:25)
    at <anonymous> (C:\Users\perum\OneDrive\Desktop\sidra\node_modules\ethers\src.ts\providers\provider-jsonrpc.ts:571:45)
    at process.processTicksAndRejections (node:internal/process/task_queues:104:5)
[31m[Nest] 181104  - [39m04/09/2026, 10:23:35 pm [31m  ERROR[39m [38;5;3m[BlockchainService] [39m[31mFailed to scan USDT on BASE blocks 46380726-46385726[39m
Error: could not coalesce error (error={ "code": -32016, "message": "over rate limit" }, payload={ "id": 11293, "jsonrpc": "2.0", "method": "eth_getBlockByNumber", "params": [ "0x2c3b6bf", true ] }, code=UNKNOWN_ERROR, version=6.17.0)
    at makeError (C:\Users\perum\OneDrive\Desktop\sidra\node_modules\ethers\src.ts\utils\errors.ts:698:21)
    at JsonRpcProvider.getRpcError (C:\Users\perum\OneDrive\Desktop\sidra\node_modules\ethers\src.ts\providers\provider-jsonrpc.ts:1086:25)
    at <anonymous> (C:\Users\perum\OneDrive\Desktop\sidra\node_modules\ethers\src.ts\providers\provider-jsonrpc.ts:571:45)
    at process.processTicksAndRejections (node:internal/process/task_queues:104:5)
[31m[Nest] 181104  - [39m04/09/2026, 10:23:35 pm [31m  ERROR[39m [38;5;3m[BlockchainService] [39m[31mFailed to scan USDT on BASE blocks 46380726-46385726[39m
Error: could not coalesce error (error={ "code": -32016, "message": "over rate limit" }, payload={ "id": 11293, "jsonrpc": "2.0", "method": "eth_getBlockByNumber", "params": [ "0x2c3b6bf", true ] }, code=UNKNOWN_ERROR, version=6.17.0)
    at makeError (C:\Users\perum\OneDrive\Desktop\sidra\node_modules\ethers\src.ts\utils\errors.ts:698:21)
    at JsonRpcProvider.getRpcError (C:\Users\perum\OneDrive\Desktop\sidra\node_modules\ethers\src.ts\providers\provider-jsonrpc.ts:1086:25)
    at <anonymous> (C:\Users\perum\OneDrive\Desktop\sidra\node_modules\ethers\src.ts\providers\provider-jsonrpc.ts:571:45)
    at process.processTicksAndRejections (node:internal/process/task_queues:104:5)
[31m[Nest] 181104  - [39m04/09/2026, 10:23:35 pm [31m  ERROR[39m [38;5;3m[BlockchainService] [39m[31mFailed to scan USDT on BASE blocks 46380726-46385726[39m
Error: could not coalesce error (error={ "code": -32016, "message": "over rate limit" }, payload={ "id": 11293, "jsonrpc": "2.0", "method": "eth_getBlockByNumber", "params": [ "0x2c3b6bf", true ] }, code=UNKNOWN_ERROR, version=6.17.0)
    at makeError (C:\Users\perum\OneDrive\Desktop\sidra\node_modules\ethers\src.ts\utils\errors.ts:698:21)
    at JsonRpcProvider.getRpcError (C:\Users\perum\OneDrive\Desktop\sidra\node_modules\ethers\src.ts\providers\provider-jsonrpc.ts:1086:25)
    at <anonymous> (C:\Users\perum\OneDrive\Desktop\sidra\node_modules\ethers\src.ts\providers\provider-jsonrpc.ts:571:45)
    at process.processTicksAndRejections (node:internal/process/task_queues:104:5)
[31m[Nest] 181104  - [39m04/09/2026, 10:23:35 pm [31m  ERROR[39m [38;5;3m[BlockchainService] [39m[31mFailed to scan USDT on BASE blocks 46380726-46385726[39m
Error: could not coalesce error (error={ "code": -32016, "message": "over rate limit" }, payload={ "id": 11293, "jsonrpc": "2.0", "method": "eth_getBlockByNumber", "params": [ "0x2c3b6bf", true ] }, code=UNKNOWN_ERROR, version=6.17.0)
    at makeError (C:\Users\perum\OneDrive\Desktop\sidra\node_modules\ethers\src.ts\utils\errors.ts:698:21)
    at JsonRpcProvider.getRpcError (C:\Users\perum\OneDrive\Desktop\sidra\node_modules\ethers\src.ts\providers\provider-jsonrpc.ts:1086:25)
    at <anonymous> (C:\Users\perum\OneDrive\Desktop\sidra\node_modules\ethers\src.ts\providers\provider-jsonrpc.ts:571:45)
    at process.processTicksAndRejections (node:internal/process/task_queues:104:5)
[31m[Nest] 181104  - [39m04/09/2026, 10:23:35 pm [31m  ERROR[39m [38;5;3m[BlockchainService] [39m[31mFailed to scan USDT on BASE blocks 46380741-46385741[39m
Error: could not coalesce error (error={ "code": -32016, "message": "over rate limit" }, payload={ "id": 11294, "jsonrpc": "2.0", "method": "eth_getBlockByNumber", "params": [ "0x2c3b6cf", true ] }, code=UNKNOWN_ERROR, version=6.17.0)
    at makeError (C:\Users\perum\OneDrive\Desktop\sidra\node_modules\ethers\src.ts\utils\errors.ts:698:21)
    at JsonRpcProvider.getRpcError (C:\Users\perum\OneDrive\Desktop\sidra\node_modules\ethers\src.ts\providers\provider-jsonrpc.ts:1086:25)
    at <anonymous> (C:\Users\perum\OneDrive\Desktop\sidra\node_modules\ethers\src.ts\providers\provider-jsonrpc.ts:571:45)
    at process.processTicksAndRejections (node:internal/process/task_queues:104:5)
[31m[Nest] 181104  - [39m04/09/2026, 10:23:35 pm [31m  ERROR[39m [38;5;3m[BlockchainService] [39m[31mFailed to scan USDT on BASE blocks 46380741-46385741[39m
Error: could not coalesce error (error={ "code": -32016, "message": "over rate limit" }, payload={ "id": 11294, "jsonrpc": "2.0", "method": "eth_getBlockByNumber", "params": [ "0x2c3b6cf", true ] }, code=UNKNOWN_ERROR, version=6.17.0)
    at makeError (C:\Users\perum\OneDrive\Desktop\sidra\node_modules\ethers\src.ts\utils\errors.ts:698:21)
    at JsonRpcProvider.getRpcError (C:\Users\perum\OneDrive\Desktop\sidra\node_modules\ethers\src.ts\providers\provider-jsonrpc.ts:1086:25)
    at <anonymous> (C:\Users\perum\OneDrive\Desktop\sidra\node_modules\ethers\src.ts\providers\provider-jsonrpc.ts:571:45)
    at process.processTicksAndRejections (node:internal/process/task_queues:104:5)
[31m[Nest] 181104  - [39m04/09/2026, 10:23:35 pm [31m  ERROR[39m [38;5;3m[BlockchainService] [39m[31mFailed to scan USDT on BASE blocks 46380741-46385741[39m
Error: could not coalesce error (error={ "code": -32016, "message": "over rate limit" }, payload={ "id": 11294, "jsonrpc": "2.0", "method": "eth_getBlockByNumber", "params": [ "0x2c3b6cf", true ] }, code=UNKNOWN_ERROR, version=6.17.0)
    at makeError (C:\Users\perum\OneDrive\Desktop\sidra\node_modules\ethers\src.ts\utils\errors.ts:698:21)
    at JsonRpcProvider.getRpcError (C:\Users\perum\OneDrive\Desktop\sidra\node_modules\ethers\src.ts\providers\provider-jsonrpc.ts:1086:25)
    at <anonymous> (C:\Users\perum\OneDrive\Desktop\sidra\node_modules\ethers\src.ts\providers\provider-jsonrpc.ts:571:45)
    at process.processTicksAndRejections (node:internal/process/task_queues:104:5)
[31m[Nest] 181104  - [39m04/09/2026, 10:23:35 pm [31m  ERROR[39m [38;5;3m[BlockchainService] [39m[31mFailed to scan USDT on BASE blocks 46380741-46385741[39m
Error: could not coalesce error (error={ "code": -32016, "message": "over rate limit" }, payload={ "id": 11294, "jsonrpc": "2.0", "method": "eth_getBlockByNumber", "params": [ "0x2c3b6cf", true ] }, code=UNKNOWN_ERROR, version=6.17.0)
    at makeError (C:\Users\perum\OneDrive\Desktop\sidra\node_modules\ethers\src.ts\utils\errors.ts:698:21)
    at JsonRpcProvider.getRpcError (C:\Users\perum\OneDrive\Desktop\sidra\node_modules\ethers\src.ts\providers\provider-jsonrpc.ts:1086:25)
    at <anonymous> (C:\Users\perum\OneDrive\Desktop\sidra\node_modules\ethers\src.ts\providers\provider-jsonrpc.ts:571:45)
    at process.processTicksAndRejections (node:internal/process/task_queues:104:5)
[31m[Nest] 181104  - [39m04/09/2026, 10:23:35 pm [31m  ERROR[39m [38;5;3m[BlockchainService] [39m[31mFailed to scan USDT on BASE blocks 46380741-46385741[39m
Error: could not coalesce error (error={ "code": -32016, "message": "over rate limit" }, payload={ "id": 11294, "jsonrpc": "2.0", "method": "eth_getBlockByNumber", "params": [ "0x2c3b6cf", true ] }, code=UNKNOWN_ERROR, version=6.17.0)
    at makeError (C:\Users\perum\OneDrive\Desktop\sidra\node_modules\ethers\src.ts\utils\errors.ts:698:21)
    at JsonRpcProvider.getRpcError (C:\Users\perum\OneDrive\Desktop\sidra\node_modules\ethers\src.ts\providers\provider-jsonrpc.ts:1086:25)
    at <anonymous> (C:\Users\perum\OneDrive\Desktop\sidra\node_modules\ethers\src.ts\providers\provider-jsonrpc.ts:571:45)
    at process.processTicksAndRejections (node:internal/process/task_queues:104:5)
[31m[Nest] 181104  - [39m04/09/2026, 10:23:35 pm [31m  ERROR[39m [38;5;3m[BlockchainService] [39m[31mFailed to scan USDT on BASE blocks 46380741-46385741[39m
Error: could not coalesce error (error={ "code": -32016, "message": "over rate limit" }, payload={ "id": 11294, "jsonrpc": "2.0", "method": "eth_getBlockByNumber", "params": [ "0x2c3b6cf", true ] }, code=UNKNOWN_ERROR, version=6.17.0)
    at makeError (C:\Users\perum\OneDrive\Desktop\sidra\node_modules\ethers\src.ts\utils\errors.ts:698:21)
    at JsonRpcProvider.getRpcError (C:\Users\perum\OneDrive\Desktop\sidra\node_modules\ethers\src.ts\providers\provider-jsonrpc.ts:1086:25)
    at <anonymous> (C:\Users\perum\OneDrive\Desktop\sidra\node_modules\ethers\src.ts\providers\provider-jsonrpc.ts:571:45)
    at process.processTicksAndRejections (node:internal/process/task_queues:104:5)
[31m[Nest] 181104  - [39m04/09/2026, 10:23:35 pm [31m  ERROR[39m [38;5;3m[BlockchainService] [39m[31mFailed to scan USDT on BASE blocks 46380741-46385741[39m
Error: could not coalesce error (error={ "code": -32016, "message": "over rate limit" }, payload={ "id": 11294, "jsonrpc": "2.0", "method": "eth_getBlockByNumber", "params": [ "0x2c3b6cf", true ] }, code=UNKNOWN_ERROR, version=6.17.0)
    at makeError (C:\Users\perum\OneDrive\Desktop\sidra\node_modules\ethers\src.ts\utils\errors.ts:698:21)
    at JsonRpcProvider.getRpcError (C:\Users\perum\OneDrive\Desktop\sidra\node_modules\ethers\src.ts\providers\provider-jsonrpc.ts:1086:25)
    at <anonymous> (C:\Users\perum\OneDrive\Desktop\sidra\node_modules\ethers\src.ts\providers\provider-jsonrpc.ts:571:45)
    at process.processTicksAndRejections (node:internal/process/task_queues:104:5)
[31m[Nest] 181104  - [39m04/09/2026, 10:23:35 pm [31m  ERROR[39m [38;5;3m[BlockchainService] [39m[31mFailed to scan USDT on BASE blocks 46381228-46386228[39m
Error: could not coalesce error (error={ "code": -32016, "message": "over rate limit" }, payload={ "id": 11295, "jsonrpc": "2.0", "method": "eth_getBlockByNumber", "params": [ "0x2c3b8b6", true ] }, code=UNKNOWN_ERROR, version=6.17.0)
    at makeError (C:\Users\perum\OneDrive\Desktop\sidra\node_modules\ethers\src.ts\utils\errors.ts:698:21)
    at JsonRpcProvider.getRpcError (C:\Users\perum\OneDrive\Desktop\sidra\node_modules\ethers\src.ts\providers\provider-jsonrpc.ts:1086:25)
    at <anonymous> (C:\Users\perum\OneDrive\Desktop\sidra\node_modules\ethers\src.ts\providers\provider-jsonrpc.ts:571:45)
    at process.processTicksAndRejections (node:internal/process/task_queues:104:5)
[31m[Nest] 181104  - [39m04/09/2026, 10:23:35 pm [31m  ERROR[39m [38;5;3m[BlockchainService] [39m[31mFailed to scan USDT on BASE blocks 46381228-46386228[39m
Error: could not coalesce error (error={ "code": -32016, "message": "over rate limit" }, payload={ "id": 11295, "jsonrpc": "2.0", "method": "eth_getBlockByNumber", "params": [ "0x2c3b8b6", true ] }, code=UNKNOWN_ERROR, version=6.17.0)
    at makeError (C:\Users\perum\OneDrive\Desktop\sidra\node_modules\ethers\src.ts\utils\errors.ts:698:21)
    at JsonRpcProvider.getRpcError (C:\Users\perum\OneDrive\Desktop\sidra\node_modules\ethers\src.ts\providers\provider-jsonrpc.ts:1086:25)
    at <anonymous> (C:\Users\perum\OneDrive\Desktop\sidra\node_modules\ethers\src.ts\providers\provider-jsonrpc.ts:571:45)
    at process.processTicksAndRejections (node:internal/process/task_queues:104:5)
[31m[Nest] 181104  - [39m04/09/2026, 10:23:35 pm [31m  ERROR[39m [38;5;3m[BlockchainService] [39m[31mFailed to scan USDT on BASE blocks 46381228-46386228[39m
Error: could not coalesce error (error={ "code": -32016, "message": "over rate limit" }, payload={ "id": 11295, "jsonrpc": "2.0", "method": "eth_getBlockByNumber", "params": [ "0x2c3b8b6", true ] }, code=UNKNOWN_ERROR, version=6.17.0)
    at makeError (C:\Users\perum\OneDrive\Desktop\sidra\node_modules\ethers\src.ts\utils\errors.ts:698:21)
    at JsonRpcProvider.getRpcError (C:\Users\perum\OneDrive\Desktop\sidra\node_modules\ethers\src.ts\providers\provider-jsonrpc.ts:1086:25)
    at <anonymous> (C:\Users\perum\OneDrive\Desktop\sidra\node_modules\ethers\src.ts\providers\provider-jsonrpc.ts:571:45)
    at process.processTicksAndRejections (node:internal/process/task_queues:104:5)
[31m[Nest] 181104  - [39m04/09/2026, 10:23:35 pm [31m  ERROR[39m [38;5;3m[BlockchainService] [39m[31mFailed to scan USDT on BASE blocks 46381228-46386228[39m
Error: could not coalesce error (error={ "code": -32016, "message": "over rate limit" }, payload={ "id": 11295, "jsonrpc": "2.0", "method": "eth_getBlockByNumber", "params": [ "0x2c3b8b6", true ] }, code=UNKNOWN_ERROR, version=6.17.0)
    at makeError (C:\Users\perum\OneDrive\Desktop\sidra\node_modules\ethers\src.ts\utils\errors.ts:698:21)
    at JsonRpcProvider.getRpcError (C:\Users\perum\OneDrive\Desktop\sidra\node_modules\ethers\src.ts\providers\provider-jsonrpc.ts:1086:25)
    at <anonymous> (C:\Users\perum\OneDrive\Desktop\sidra\node_modules\ethers\src.ts\providers\provider-jsonrpc.ts:571:45)
    at process.processTicksAndRejections (node:internal/process/task_queues:104:5)
[31m[Nest] 181104  - [39m04/09/2026, 10:23:35 pm [31m  ERROR[39m [38;5;3m[BlockchainService] [39m[31mFailed to scan USDT on BASE blocks 46381228-46386228[39m
Error: could not coalesce error (error={ "code": -32016, "message": "over rate limit" }, payload={ "id": 11295, "jsonrpc": "2.0", "method": "eth_getBlockByNumber", "params": [ "0x2c3b8b6", true ] }, code=UNKNOWN_ERROR, version=6.17.0)
    at makeError (C:\Users\perum\OneDrive\Desktop\sidra\node_modules\ethers\src.ts\utils\errors.ts:698:21)
    at JsonRpcProvider.getRpcError (C:\Users\perum\OneDrive\Desktop\sidra\node_modules\ethers\src.ts\providers\provider-jsonrpc.ts:1086:25)
    at <anonymous> (C:\Users\perum\OneDrive\Desktop\sidra\node_modules\ethers\src.ts\providers\provider-jsonrpc.ts:571:45)
    at process.processTicksAndRejections (node:internal/process/task_queues:104:5)
[31m[Nest] 181104  - [39m04/09/2026, 10:23:35 pm [31m  ERROR[39m [38;5;3m[BlockchainService] [39m[31mFailed to scan USDT on BASE blocks 46381228-46386228[39m
Error: could not coalesce error (error={ "code": -32016, "message": "over rate limit" }, payload={ "id": 11295, "jsonrpc": "2.0", "method": "eth_getBlockByNumber", "params": [ "0x2c3b8b6", true ] }, code=UNKNOWN_ERROR, version=6.17.0)
    at makeError (C:\Users\perum\OneDrive\Desktop\sidra\node_modules\ethers\src.ts\utils\errors.ts:698:21)
    at JsonRpcProvider.getRpcError (C:\Users\perum\OneDrive\Desktop\sidra\node_modules\ethers\src.ts\providers\provider-jsonrpc.ts:1086:25)
    at <anonymous> (C:\Users\perum\OneDrive\Desktop\sidra\node_modules\ethers\src.ts\providers\provider-jsonrpc.ts:571:45)
    at process.processTicksAndRejections (node:internal/process/task_queues:104:5)
[31m[Nest] 181104  - [39m04/09/2026, 10:23:35 pm [31m  ERROR[39m [38;5;3m[BlockchainService] [39m[31mFailed to scan USDT on BASE blocks 46381228-46386228[39m
Error: could not coalesce error (error={ "code": -32016, "message": "over rate limit" }, payload={ "id": 11295, "jsonrpc": "2.0", "method": "eth_getBlockByNumber", "params": [ "0x2c3b8b6", true ] }, code=UNKNOWN_ERROR, version=6.17.0)
    at makeError (C:\Users\perum\OneDrive\Desktop\sidra\node_modules\ethers\src.ts\utils\errors.ts:698:21)
    at JsonRpcProvider.getRpcError (C:\Users\perum\OneDrive\Desktop\sidra\node_modules\ethers\src.ts\providers\provider-jsonrpc.ts:1086:25)
    at <anonymous> (C:\Users\perum\OneDrive\Desktop\sidra\node_modules\ethers\src.ts\providers\provider-jsonrpc.ts:571:45)
    at process.processTicksAndRejections (node:internal/process/task_queues:104:5)
[31m[Nest] 181104  - [39m04/09/2026, 10:23:35 pm [31m  ERROR[39m [38;5;3m[BlockchainService] [39m[31mFailed to scan USDT on BASE blocks 46380756-46385756[39m
Error: could not coalesce error (error={ "code": -32016, "message": "over rate limit" }, payload={ "id": 11296, "jsonrpc": "2.0", "method": "eth_getBlockByNumber", "params": [ "0x2c3b6df", true ] }, code=UNKNOWN_ERROR, version=6.17.0)
    at makeError (C:\Users\perum\OneDrive\Desktop\sidra\node_modules\ethers\src.ts\utils\errors.ts:698:21)
    at JsonRpcProvider.getRpcError (C:\Users\perum\OneDrive\Desktop\sidra\node_modules\ethers\src.ts\providers\provider-jsonrpc.ts:1086:25)
    at <anonymous> (C:\Users\perum\OneDrive\Desktop\sidra\node_modules\ethers\src.ts\providers\provider-jsonrpc.ts:571:45)
    at process.processTicksAndRejections (node:internal/process/task_queues:104:5)
[31m[Nest] 181104  - [39m04/09/2026, 10:23:35 pm [31m  ERROR[39m [38;5;3m[BlockchainService] [39m[31mFailed to scan USDT on BASE blocks 46380756-46385756[39m
Error: could not coalesce error (error={ "code": -32016, "message": "over rate limit" }, payload={ "id": 11296, "jsonrpc": "2.0", "method": "eth_getBlockByNumber", "params": [ "0x2c3b6df", true ] }, code=UNKNOWN_ERROR, version=6.17.0)
    at makeError (C:\Users\perum\OneDrive\Desktop\sidra\node_modules\ethers\src.ts\utils\errors.ts:698:21)
    at JsonRpcProvider.getRpcError (C:\Users\perum\OneDrive\Desktop\sidra\node_modules\ethers\src.ts\providers\provider-jsonrpc.ts:1086:25)
    at <anonymous> (C:\Users\perum\OneDrive\Desktop\sidra\node_modules\ethers\src.ts\providers\provider-jsonrpc.ts:571:45)
    at process.processTicksAndRejections (node:internal/process/task_queues:104:5)
[31m[Nest] 181104  - [39m04/09/2026, 10:23:35 pm [31m  ERROR[39m [38;5;3m[BlockchainService] [39m[31mFailed to scan USDT on BASE blocks 46380756-46385756[39m
Error: could not coalesce error (error={ "code": -32016, "message": "over rate limit" }, payload={ "id": 11296, "jsonrpc": "2.0", "method": "eth_getBlockByNumber", "params": [ "0x2c3b6df", true ] }, code=UNKNOWN_ERROR, version=6.17.0)
    at makeError (C:\Users\perum\OneDrive\Desktop\sidra\node_modules\ethers\src.ts\utils\errors.ts:698:21)
    at JsonRpcProvider.getRpcError (C:\Users\perum\OneDrive\Desktop\sidra\node_modules\ethers\src.ts\providers\provider-jsonrpc.ts:1086:25)
    at <anonymous> (C:\Users\perum\OneDrive\Desktop\sidra\node_modules\ethers\src.ts\providers\provider-jsonrpc.ts:571:45)
    at process.processTicksAndRejections (node:internal/process/task_queues:104:5)
[31m[Nest] 181104  - [39m04/09/2026, 10:23:35 pm [31m  ERROR[39m [38;5;3m[BlockchainService] [39m[31mFailed to scan USDT on BASE blocks 46380756-46385756[39m
Error: could not coalesce error (error={ "code": -32016, "message": "over rate limit" }, payload={ "id": 11296, "jsonrpc": "2.0", "method": "eth_getBlockByNumber", "params": [ "0x2c3b6df", true ] }, code=UNKNOWN_ERROR, version=6.17.0)
    at makeError (C:\Users\perum\OneDrive\Desktop\sidra\node_modules\ethers\src.ts\utils\errors.ts:698:21)
    at JsonRpcProvider.getRpcError (C:\Users\perum\OneDrive\Desktop\sidra\node_modules\ethers\src.ts\providers\provider-jsonrpc.ts:1086:25)
    at <anonymous> (C:\Users\perum\OneDrive\Desktop\sidra\node_modules\ethers\src.ts\providers\provider-jsonrpc.ts:571:45)
    at process.processTicksAndRejections (node:internal/process/task_queues:104:5)
[31m[Nest] 181104  - [39m04/09/2026, 10:23:35 pm [31m  ERROR[39m [38;5;3m[BlockchainService] [39m[31mFailed to scan USDT on BASE blocks 46380756-46385756[39m
Error: could not coalesce error (error={ "code": -32016, "message": "over rate limit" }, payload={ "id": 11296, "jsonrpc": "2.0", "method": "eth_getBlockByNumber", "params": [ "0x2c3b6df", true ] }, code=UNKNOWN_ERROR, version=6.17.0)
    at makeError (C:\Users\perum\OneDrive\Desktop\sidra\node_modules\ethers\src.ts\utils\errors.ts:698:21)
    at JsonRpcProvider.getRpcError (C:\Users\perum\OneDrive\Desktop\sidra\node_modules\ethers\src.ts\providers\provider-jsonrpc.ts:1086:25)
    at <anonymous> (C:\Users\perum\OneDrive\Desktop\sidra\node_modules\ethers\src.ts\providers\provider-jsonrpc.ts:571:45)
    at process.processTicksAndRejections (node:internal/process/task_queues:104:5)
[31m[Nest] 181104  - [39m04/09/2026, 10:23:35 pm [31m  ERROR[39m [38;5;3m[BlockchainService] [39m[31mFailed to scan USDT on BASE blocks 46380756-46385756[39m
Error: could not coalesce error (error={ "code": -32016, "message": "over rate limit" }, payload={ "id": 11296, "jsonrpc": "2.0", "method": "eth_getBlockByNumber", "params": [ "0x2c3b6df", true ] }, code=UNKNOWN_ERROR, version=6.17.0)
    at makeError (C:\Users\perum\OneDrive\Desktop\sidra\node_modules\ethers\src.ts\utils\errors.ts:698:21)
    at JsonRpcProvider.getRpcError (C:\Users\perum\OneDrive\Desktop\sidra\node_modules\ethers\src.ts\providers\provider-jsonrpc.ts:1086:25)
    at <anonymous> (C:\Users\perum\OneDrive\Desktop\sidra\node_modules\ethers\src.ts\providers\provider-jsonrpc.ts:571:45)
    at process.processTicksAndRejections (node:internal/process/task_queues:104:5)
[31m[Nest] 181104  - [39m04/09/2026, 10:23:35 pm [31m  ERROR[39m [38;5;3m[BlockchainService] [39m[31mFailed to scan USDT on BASE blocks 46380756-46385756[39m
Error: could not coalesce error (error={ "code": -32016, "message": "over rate limit" }, payload={ "id": 11296, "jsonrpc": "2.0", "method": "eth_getBlockByNumber", "params": [ "0x2c3b6df", true ] }, code=UNKNOWN_ERROR, version=6.17.0)
    at makeError (C:\Users\perum\OneDrive\Desktop\sidra\node_modules\ethers\src.ts\utils\errors.ts:698:21)
    at JsonRpcProvider.getRpcError (C:\Users\perum\OneDrive\Desktop\sidra\node_modules\ethers\src.ts\providers\provider-jsonrpc.ts:1086:25)
    at <anonymous> (C:\Users\perum\OneDrive\Desktop\sidra\node_modules\ethers\src.ts\providers\provider-jsonrpc.ts:571:45)
    at process.processTicksAndRejections (node:internal/process/task_queues:104:5)
[31m[Nest] 181104  - [39m04/09/2026, 10:23:35 pm [31m  ERROR[39m [38;5;3m[BlockchainService] [39m[31mFailed to scan USDT on BASE blocks 46380771-46385771[39m
Error: could not coalesce error (error={ "code": -32016, "message": "over rate limit" }, payload={ "id": 11297, "jsonrpc": "2.0", "method": "eth_getBlockByNumber", "params": [ "0x2c3b6ef", true ] }, code=UNKNOWN_ERROR, version=6.17.0)
    at makeError (C:\Users\perum\OneDrive\Desktop\sidra\node_modules\ethers\src.ts\utils\errors.ts:698:21)
    at JsonRpcProvider.getRpcError (C:\Users\perum\OneDrive\Desktop\sidra\node_modules\ethers\src.ts\providers\provider-jsonrpc.ts:1086:25)
    at <anonymous> (C:\Users\perum\OneDrive\Desktop\sidra\node_modules\ethers\src.ts\providers\provider-jsonrpc.ts:571:45)
    at process.processTicksAndRejections (node:internal/process/task_queues:104:5)
[31m[Nest] 181104  - [39m04/09/2026, 10:23:35 pm [31m  ERROR[39m [38;5;3m[BlockchainService] [39m[31mFailed to scan USDT on BASE blocks 46380771-46385771[39m
Error: could not coalesce error (error={ "code": -32016, "message": "over rate limit" }, payload={ "id": 11297, "jsonrpc": "2.0", "method": "eth_getBlockByNumber", "params": [ "0x2c3b6ef", true ] }, code=UNKNOWN_ERROR, version=6.17.0)
    at makeError (C:\Users\perum\OneDrive\Desktop\sidra\node_modules\ethers\src.ts\utils\errors.ts:698:21)
    at JsonRpcProvider.getRpcError (C:\Users\perum\OneDrive\Desktop\sidra\node_modules\ethers\src.ts\providers\provider-jsonrpc.ts:1086:25)
    at <anonymous> (C:\Users\perum\OneDrive\Desktop\sidra\node_modules\ethers\src.ts\providers\provider-jsonrpc.ts:571:45)
    at process.processTicksAndRejections (node:internal/process/task_queues:104:5)
[31m[Nest] 181104  - [39m04/09/2026, 10:23:35 pm [31m  ERROR[39m [38;5;3m[BlockchainService] [39m[31mFailed to scan USDT on BASE blocks 46380771-46385771[39m
Error: could not coalesce error (error={ "code": -32016, "message": "over rate limit" }, payload={ "id": 11297, "jsonrpc": "2.0", "method": "eth_getBlockByNumber", "params": [ "0x2c3b6ef", true ] }, code=UNKNOWN_ERROR, version=6.17.0)
    at makeError (C:\Users\perum\OneDrive\Desktop\sidra\node_modules\ethers\src.ts\utils\errors.ts:698:21)
    at JsonRpcProvider.getRpcError (C:\Users\perum\OneDrive\Desktop\sidra\node_modules\ethers\src.ts\providers\provider-jsonrpc.ts:1086:25)
    at <anonymous> (C:\Users\perum\OneDrive\Desktop\sidra\node_modules\ethers\src.ts\providers\provider-jsonrpc.ts:571:45)
    at process.processTicksAndRejections (node:internal/process/task_queues:104:5)
[31m[Nest] 181104  - [39m04/09/2026, 10:23:35 pm [31m  ERROR[39m [38;5;3m[BlockchainService] [39m[31mFailed to scan USDT on BASE blocks 46380771-46385771[39m
Error: could not coalesce error (error={ "code": -32016, "message": "over rate limit" }, payload={ "id": 11297, "jsonrpc": "2.0", "method": "eth_getBlockByNumber", "params": [ "0x2c3b6ef", true ] }, code=UNKNOWN_ERROR, version=6.17.0)
    at makeError (C:\Users\perum\OneDrive\Desktop\sidra\node_modules\ethers\src.ts\utils\errors.ts:698:21)
    at JsonRpcProvider.getRpcError (C:\Users\perum\OneDrive\Desktop\sidra\node_modules\ethers\src.ts\providers\provider-jsonrpc.ts:1086:25)
    at <anonymous> (C:\Users\perum\OneDrive\Desktop\sidra\node_modules\ethers\src.ts\providers\provider-jsonrpc.ts:571:45)
    at process.processTicksAndRejections (node:internal/process/task_queues:104:5)
[31m[Nest] 181104  - [39m04/09/2026, 10:23:35 pm [31m  ERROR[39m [38;5;3m[BlockchainService] [39m[31mFailed to scan USDT on BASE blocks 46380771-46385771[39m
Error: could not coalesce error (error={ "code": -32016, "message": "over rate limit" }, payload={ "id": 11297, "jsonrpc": "2.0", "method": "eth_getBlockByNumber", "params": [ "0x2c3b6ef", true ] }, code=UNKNOWN_ERROR, version=6.17.0)
    at makeError (C:\Users\perum\OneDrive\Desktop\sidra\node_modules\ethers\src.ts\utils\errors.ts:698:21)
    at JsonRpcProvider.getRpcError (C:\Users\perum\OneDrive\Desktop\sidra\node_modules\ethers\src.ts\providers\provider-jsonrpc.ts:1086:25)
    at <anonymous> (C:\Users\perum\OneDrive\Desktop\sidra\node_modules\ethers\src.ts\providers\provider-jsonrpc.ts:571:45)
    at process.processTicksAndRejections (node:internal/process/task_queues:104:5)
[31m[Nest] 181104  - [39m04/09/2026, 10:23:35 pm [31m  ERROR[39m [38;5;3m[BlockchainService] [39m[31mFailed to scan USDT on BASE blocks 46380771-46385771[39m
Error: could not coalesce error (error={ "code": -32016, "message": "over rate limit" }, payload={ "id": 11297, "jsonrpc": "2.0", "method": "eth_getBlockByNumber", "params": [ "0x2c3b6ef", true ] }, code=UNKNOWN_ERROR, version=6.17.0)
    at makeError (C:\Users\perum\OneDrive\Desktop\sidra\node_modules\ethers\src.ts\utils\errors.ts:698:21)
    at JsonRpcProvider.getRpcError (C:\Users\perum\OneDrive\Desktop\sidra\node_modules\ethers\src.ts\providers\provider-jsonrpc.ts:1086:25)
    at <anonymous> (C:\Users\perum\OneDrive\Desktop\sidra\node_modules\ethers\src.ts\providers\provider-jsonrpc.ts:571:45)
    at process.processTicksAndRejections (node:internal/process/task_queues:104:5)
[31m[Nest] 181104  - [39m04/09/2026, 10:23:35 pm [31m  ERROR[39m [38;5;3m[BlockchainService] [39m[31mFailed to scan USDT on BASE blocks 46380771-46385771[39m
Error: could not coalesce error (error={ "code": -32016, "message": "over rate limit" }, payload={ "id": 11297, "jsonrpc": "2.0", "method": "eth_getBlockByNumber", "params": [ "0x2c3b6ef", true ] }, code=UNKNOWN_ERROR, version=6.17.0)
    at makeError (C:\Users\perum\OneDrive\Desktop\sidra\node_modules\ethers\src.ts\utils\errors.ts:698:21)
    at JsonRpcProvider.getRpcError (C:\Users\perum\OneDrive\Desktop\sidra\node_modules\ethers\src.ts\providers\provider-jsonrpc.ts:1086:25)
    at <anonymous> (C:\Users\perum\OneDrive\Desktop\sidra\node_modules\ethers\src.ts\providers\provider-jsonrpc.ts:571:45)
    at process.processTicksAndRejections (node:internal/process/task_queues:104:5)
[31m[Nest] 181104  - [39m04/09/2026, 10:23:35 pm [31m  ERROR[39m [38;5;3m[BlockchainService] [39m[31mFailed to scan USDT on BASE blocks 46380786-46385786[39m
Error: could not coalesce error (error={ "code": -32016, "message": "over rate limit" }, payload={ "id": 11298, "jsonrpc": "2.0", "method": "eth_getBlockByNumber", "params": [ "0x2c3b6ff", true ] }, code=UNKNOWN_ERROR, version=6.17.0)
    at makeError (C:\Users\perum\OneDrive\Desktop\sidra\node_modules\ethers\src.ts\utils\errors.ts:698:21)
    at JsonRpcProvider.getRpcError (C:\Users\perum\OneDrive\Desktop\sidra\node_modules\ethers\src.ts\providers\provider-jsonrpc.ts:1086:25)
    at <anonymous> (C:\Users\perum\OneDrive\Desktop\sidra\node_modules\ethers\src.ts\providers\provider-jsonrpc.ts:571:45)
    at process.processTicksAndRejections (node:internal/process/task_queues:104:5)
[31m[Nest] 181104  - [39m04/09/2026, 10:23:35 pm [31m  ERROR[39m [38;5;3m[BlockchainService] [39m[31mFailed to scan USDT on BASE blocks 46380786-46385786[39m
Error: could not coalesce error (error={ "code": -32016, "message": "over rate limit" }, payload={ "id": 11298, "jsonrpc": "2.0", "method": "eth_getBlockByNumber", "params": [ "0x2c3b6ff", true ] }, code=UNKNOWN_ERROR, version=6.17.0)
    at makeError (C:\Users\perum\OneDrive\Desktop\sidra\node_modules\ethers\src.ts\utils\errors.ts:698:21)
    at JsonRpcProvider.getRpcError (C:\Users\perum\OneDrive\Desktop\sidra\node_modules\ethers\src.ts\providers\provider-jsonrpc.ts:1086:25)
    at <anonymous> (C:\Users\perum\OneDrive\Desktop\sidra\node_modules\ethers\src.ts\providers\provider-jsonrpc.ts:571:45)
    at process.processTicksAndRejections (node:internal/process/task_queues:104:5)
[31m[Nest] 181104  - [39m04/09/2026, 10:23:35 pm [31m  ERROR[39m [38;5;3m[BlockchainService] [39m[31mFailed to scan USDT on BASE blocks 46380786-46385786[39m
Error: could not coalesce error (error={ "code": -32016, "message": "over rate limit" }, payload={ "id": 11298, "jsonrpc": "2.0", "method": "eth_getBlockByNumber", "params": [ "0x2c3b6ff", true ] }, code=UNKNOWN_ERROR, version=6.17.0)
    at makeError (C:\Users\perum\OneDrive\Desktop\sidra\node_modules\ethers\src.ts\utils\errors.ts:698:21)
    at JsonRpcProvider.getRpcError (C:\Users\perum\OneDrive\Desktop\sidra\node_modules\ethers\src.ts\providers\provider-jsonrpc.ts:1086:25)
    at <anonymous> (C:\Users\perum\OneDrive\Desktop\sidra\node_modules\ethers\src.ts\providers\provider-jsonrpc.ts:571:45)
    at process.processTicksAndRejections (node:internal/process/task_queues:104:5)
[31m[Nest] 181104  - [39m04/09/2026, 10:23:35 pm [31m  ERROR[39m [38;5;3m[BlockchainService] [39m[31mFailed to scan USDT on BASE blocks 46380786-46385786[39m
Error: could not coalesce error (error={ "code": -32016, "message": "over rate limit" }, payload={ "id": 11298, "jsonrpc": "2.0", "method": "eth_getBlockByNumber", "params": [ "0x2c3b6ff", true ] }, code=UNKNOWN_ERROR, version=6.17.0)
    at makeError (C:\Users\perum\OneDrive\Desktop\sidra\node_modules\ethers\src.ts\utils\errors.ts:698:21)
    at JsonRpcProvider.getRpcError (C:\Users\perum\OneDrive\Desktop\sidra\node_modules\ethers\src.ts\providers\provider-jsonrpc.ts:1086:25)
    at <anonymous> (C:\Users\perum\OneDrive\Desktop\sidra\node_modules\ethers\src.ts\providers\provider-jsonrpc.ts:571:45)
    at process.processTicksAndRejections (node:internal/process/task_queues:104:5)
[31m[Nest] 181104  - [39m04/09/2026, 10:23:35 pm [31m  ERROR[39m [38;5;3m[BlockchainService] [39m[31mFailed to scan USDT on BASE blocks 46380786-46385786[39m
Error: could not coalesce error (error={ "code": -32016, "message": "over rate limit" }, payload={ "id": 11298, "jsonrpc": "2.0", "method": "eth_getBlockByNumber", "params": [ "0x2c3b6ff", true ] }, code=UNKNOWN_ERROR, version=6.17.0)
    at makeError (C:\Users\perum\OneDrive\Desktop\sidra\node_modules\ethers\src.ts\utils\errors.ts:698:21)
    at JsonRpcProvider.getRpcError (C:\Users\perum\OneDrive\Desktop\sidra\node_modules\ethers\src.ts\providers\provider-jsonrpc.ts:1086:25)
    at <anonymous> (C:\Users\perum\OneDrive\Desktop\sidra\node_modules\ethers\src.ts\providers\provider-jsonrpc.ts:571:45)
    at process.processTicksAndRejections (node:internal/process/task_queues:104:5)
[31m[Nest] 181104  - [39m04/09/2026, 10:23:35 pm [31m  ERROR[39m [38;5;3m[BlockchainService] [39m[31mFailed to scan USDT on BASE blocks 46380786-46385786[39m
Error: could not coalesce error (error={ "code": -32016, "message": "over rate limit" }, payload={ "id": 11298, "jsonrpc": "2.0", "method": "eth_getBlockByNumber", "params": [ "0x2c3b6ff", true ] }, code=UNKNOWN_ERROR, version=6.17.0)
    at makeError (C:\Users\perum\OneDrive\Desktop\sidra\node_modules\ethers\src.ts\utils\errors.ts:698:21)
    at JsonRpcProvider.getRpcError (C:\Users\perum\OneDrive\Desktop\sidra\node_modules\ethers\src.ts\providers\provider-jsonrpc.ts:1086:25)
    at <anonymous> (C:\Users\perum\OneDrive\Desktop\sidra\node_modules\ethers\src.ts\providers\provider-jsonrpc.ts:571:45)
    at process.processTicksAndRejections (node:internal/process/task_queues:104:5)
[31m[Nest] 181104  - [39m04/09/2026, 10:23:35 pm [31m  ERROR[39m [38;5;3m[BlockchainService] [39m[31mFailed to scan USDT on BASE blocks 46380786-46385786[39m
Error: could not coalesce error (error={ "code": -32016, "message": "over rate limit" }, payload={ "id": 11298, "jsonrpc": "2.0", "method": "eth_getBlockByNumber", "params": [ "0x2c3b6ff", true ] }, code=UNKNOWN_ERROR, version=6.17.0)
    at makeError (C:\Users\perum\OneDrive\Desktop\sidra\node_modules\ethers\src.ts\utils\errors.ts:698:21)
    at JsonRpcProvider.getRpcError (C:\Users\perum\OneDrive\Desktop\sidra\node_modules\ethers\src.ts\providers\provider-jsonrpc.ts:1086:25)
    at <anonymous> (C:\Users\perum\OneDrive\Desktop\sidra\node_modules\ethers\src.ts\providers\provider-jsonrpc.ts:571:45)
    at process.processTicksAndRejections (node:internal/process/task_queues:104:5)
[31m[Nest] 181104  - [39m04/09/2026, 10:23:35 pm [31m  ERROR[39m [38;5;3m[BlockchainService] [39m[31mFailed to scan USDT on BASE blocks 46380819-46385819[39m
Error: could not coalesce error (error={ "code": -32016, "message": "over rate limit" }, payload={ "id": 11299, "jsonrpc": "2.0", "method": "eth_getBlockByNumber", "params": [ "0x2c3b721", true ] }, code=UNKNOWN_ERROR, version=6.17.0)
    at makeError (C:\Users\perum\OneDrive\Desktop\sidra\node_modules\ethers\src.ts\utils\errors.ts:698:21)
    at JsonRpcProvider.getRpcError (C:\Users\perum\OneDrive\Desktop\sidra\node_modules\ethers\src.ts\providers\provider-jsonrpc.ts:1086:25)
    at <anonymous> (C:\Users\perum\OneDrive\Desktop\sidra\node_modules\ethers\src.ts\providers\provider-jsonrpc.ts:571:45)
    at process.processTicksAndRejections (node:internal/process/task_queues:104:5)
[31m[Nest] 181104  - [39m04/09/2026, 10:23:35 pm [31m  ERROR[39m [38;5;3m[BlockchainService] [39m[31mFailed to scan USDT on BASE blocks 46380819-46385819[39m
Error: could not coalesce error (error={ "code": -32016, "message": "over rate limit" }, payload={ "id": 11299, "jsonrpc": "2.0", "method": "eth_getBlockByNumber", "params": [ "0x2c3b721", true ] }, code=UNKNOWN_ERROR, version=6.17.0)
    at makeError (C:\Users\perum\OneDrive\Desktop\sidra\node_modules\ethers\src.ts\utils\errors.ts:698:21)
    at JsonRpcProvider.getRpcError (C:\Users\perum\OneDrive\Desktop\sidra\node_modules\ethers\src.ts\providers\provider-jsonrpc.ts:1086:25)
    at <anonymous> (C:\Users\perum\OneDrive\Desktop\sidra\node_modules\ethers\src.ts\providers\provider-jsonrpc.ts:571:45)
    at process.processTicksAndRejections (node:internal/process/task_queues:104:5)
[31m[Nest] 181104  - [39m04/09/2026, 10:23:35 pm [31m  ERROR[39m [38;5;3m[BlockchainService] [39m[31mFailed to scan USDT on BASE blocks 46380819-46385819[39m
Error: could not coalesce error (error={ "code": -32016, "message": "over rate limit" }, payload={ "id": 11299, "jsonrpc": "2.0", "method": "eth_getBlockByNumber", "params": [ "0x2c3b721", true ] }, code=UNKNOWN_ERROR, version=6.17.0)
    at makeError (C:\Users\perum\OneDrive\Desktop\sidra\node_modules\ethers\src.ts\utils\errors.ts:698:21)
    at JsonRpcProvider.getRpcError (C:\Users\perum\OneDrive\Desktop\sidra\node_modules\ethers\src.ts\providers\provider-jsonrpc.ts:1086:25)
    at <anonymous> (C:\Users\perum\OneDrive\Desktop\sidra\node_modules\ethers\src.ts\providers\provider-jsonrpc.ts:571:45)
    at process.processTicksAndRejections (node:internal/process/task_queues:104:5)
[31m[Nest] 181104  - [39m04/09/2026, 10:23:35 pm [31m  ERROR[39m [38;5;3m[BlockchainService] [39m[31mFailed to scan USDT on BASE blocks 46380819-46385819[39m
Error: could not coalesce error (error={ "code": -32016, "message": "over rate limit" }, payload={ "id": 11299, "jsonrpc": "2.0", "method": "eth_getBlockByNumber", "params": [ "0x2c3b721", true ] }, code=UNKNOWN_ERROR, version=6.17.0)
    at makeError (C:\Users\perum\OneDrive\Desktop\sidra\node_modules\ethers\src.ts\utils\errors.ts:698:21)
    at JsonRpcProvider.getRpcError (C:\Users\perum\OneDrive\Desktop\sidra\node_modules\ethers\src.ts\providers\provider-jsonrpc.ts:1086:25)
    at <anonymous> (C:\Users\perum\OneDrive\Desktop\sidra\node_modules\ethers\src.ts\providers\provider-jsonrpc.ts:571:45)
    at process.processTicksAndRejections (node:internal/process/task_queues:104:5)
[31m[Nest] 181104  - [39m04/09/2026, 10:23:35 pm [31m  ERROR[39m [38;5;3m[BlockchainService] [39m[31mFailed to scan USDT on BASE blocks 46380819-46385819[39m
Error: could not coalesce error (error={ "code": -32016, "message": "over rate limit" }, payload={ "id": 11299, "jsonrpc": "2.0", "method": "eth_getBlockByNumber", "params": [ "0x2c3b721", true ] }, code=UNKNOWN_ERROR, version=6.17.0)
    at makeError (C:\Users\perum\OneDrive\Desktop\sidra\node_modules\ethers\src.ts\utils\errors.ts:698:21)
    at JsonRpcProvider.getRpcError (C:\Users\perum\OneDrive\Desktop\sidra\node_modules\ethers\src.ts\providers\provider-jsonrpc.ts:1086:25)
    at <anonymous> (C:\Users\perum\OneDrive\Desktop\sidra\node_modules\ethers\src.ts\providers\provider-jsonrpc.ts:571:45)
    at process.processTicksAndRejections (node:internal/process/task_queues:104:5)
[31m[Nest] 181104  - [39m04/09/2026, 10:23:35 pm [31m  ERROR[39m [38;5;3m[BlockchainService] [39m[31mFailed to scan USDT on BASE blocks 46380819-46385819[39m
Error: could not coalesce error (error={ "code": -32016, "message": "over rate limit" }, payload={ "id": 11299, "jsonrpc": "2.0", "method": "eth_getBlockByNumber", "params": [ "0x2c3b721", true ] }, code=UNKNOWN_ERROR, version=6.17.0)
    at makeError (C:\Users\perum\OneDrive\Desktop\sidra\node_modules\ethers\src.ts\utils\errors.ts:698:21)
    at JsonRpcProvider.getRpcError (C:\Users\perum\OneDrive\Desktop\sidra\node_modules\ethers\src.ts\providers\provider-jsonrpc.ts:1086:25)
    at <anonymous> (C:\Users\perum\OneDrive\Desktop\sidra\node_modules\ethers\src.ts\providers\provider-jsonrpc.ts:571:45)
    at process.processTicksAndRejections (node:internal/process/task_queues:104:5)
[31m[Nest] 181104  - [39m04/09/2026, 10:23:35 pm [31m  ERROR[39m [38;5;3m[BlockchainService] [39m[31mFailed to scan USDT on BASE blocks 46380819-46385819[39m
Error: could not coalesce error (error={ "code": -32016, "message": "over rate limit" }, payload={ "id": 11299, "jsonrpc": "2.0", "method": "eth_getBlockByNumber", "params": [ "0x2c3b721", true ] }, code=UNKNOWN_ERROR, version=6.17.0)
    at makeError (C:\Users\perum\OneDrive\Desktop\sidra\node_modules\ethers\src.ts\utils\errors.ts:698:21)
    at JsonRpcProvider.getRpcError (C:\Users\perum\OneDrive\Desktop\sidra\node_modules\ethers\src.ts\providers\provider-jsonrpc.ts:1086:25)
    at <anonymous> (C:\Users\perum\OneDrive\Desktop\sidra\node_modules\ethers\src.ts\providers\provider-jsonrpc.ts:571:45)
    at process.processTicksAndRejections (node:internal/process/task_queues:104:5)
[31m[Nest] 181104  - [39m04/09/2026, 10:23:37 pm [31m  ERROR[39m [38;5;3m[BlockchainService] [39m[31mFailed to scan USDT on BASE blocks 46380620-46385620[39m
Error: could not coalesce error (error={ "code": -32016, "message": "over rate limit" }, payload={ "id": 11340, "jsonrpc": "2.0", "method": "eth_getBlockByNumber", "params": [ "0x2c3b654", true ] }, code=UNKNOWN_ERROR, version=6.17.0)
    at makeError (C:\Users\perum\OneDrive\Desktop\sidra\node_modules\ethers\src.ts\utils\errors.ts:698:21)
    at JsonRpcProvider.getRpcError (C:\Users\perum\OneDrive\Desktop\sidra\node_modules\ethers\src.ts\providers\provider-jsonrpc.ts:1086:25)
    at <anonymous> (C:\Users\perum\OneDrive\Desktop\sidra\node_modules\ethers\src.ts\providers\provider-jsonrpc.ts:571:45)
    at process.processTicksAndRejections (node:internal/process/task_queues:104:5)
[31m[Nest] 181104  - [39m04/09/2026, 10:23:37 pm [31m  ERROR[39m [38;5;3m[BlockchainService] [39m[31mFailed to scan USDT on BASE blocks 46380620-46385620[39m
Error: could not coalesce error (error={ "code": -32016, "message": "over rate limit" }, payload={ "id": 11340, "jsonrpc": "2.0", "method": "eth_getBlockByNumber", "params": [ "0x2c3b654", true ] }, code=UNKNOWN_ERROR, version=6.17.0)
    at makeError (C:\Users\perum\OneDrive\Desktop\sidra\node_modules\ethers\src.ts\utils\errors.ts:698:21)
    at JsonRpcProvider.getRpcError (C:\Users\perum\OneDrive\Desktop\sidra\node_modules\ethers\src.ts\providers\provider-jsonrpc.ts:1086:25)
    at <anonymous> (C:\Users\perum\OneDrive\Desktop\sidra\node_modules\ethers\src.ts\providers\provider-jsonrpc.ts:571:45)
    at process.processTicksAndRejections (node:internal/process/task_queues:104:5)
[31m[Nest] 181104  - [39m04/09/2026, 10:23:37 pm [31m  ERROR[39m [38;5;3m[BlockchainService] [39m[31mFailed to scan USDT on BASE blocks 46380620-46385620[39m
Error: could not coalesce error (error={ "code": -32016, "message": "over rate limit" }, payload={ "id": 11340, "jsonrpc": "2.0", "method": "eth_getBlockByNumber", "params": [ "0x2c3b654", true ] }, code=UNKNOWN_ERROR, version=6.17.0)
    at makeError (C:\Users\perum\OneDrive\Desktop\sidra\node_modules\ethers\src.ts\utils\errors.ts:698:21)
    at JsonRpcProvider.getRpcError (C:\Users\perum\OneDrive\Desktop\sidra\node_modules\ethers\src.ts\providers\provider-jsonrpc.ts:1086:25)
    at <anonymous> (C:\Users\perum\OneDrive\Desktop\sidra\node_modules\ethers\src.ts\providers\provider-jsonrpc.ts:571:45)
    at process.processTicksAndRejections (node:internal/process/task_queues:104:5)
[31m[Nest] 181104  - [39m04/09/2026, 10:23:37 pm [31m  ERROR[39m [38;5;3m[BlockchainService] [39m[31mFailed to scan USDT on BASE blocks 46380620-46385620[39m
Error: could not coalesce error (error={ "code": -32016, "message": "over rate limit" }, payload={ "id": 11340, "jsonrpc": "2.0", "method": "eth_getBlockByNumber", "params": [ "0x2c3b654", true ] }, code=UNKNOWN_ERROR, version=6.17.0)
    at makeError (C:\Users\perum\OneDrive\Desktop\sidra\node_modules\ethers\src.ts\utils\errors.ts:698:21)
    at JsonRpcProvider.getRpcError (C:\Users\perum\OneDrive\Desktop\sidra\node_modules\ethers\src.ts\providers\provider-jsonrpc.ts:1086:25)
    at <anonymous> (C:\Users\perum\OneDrive\Desktop\sidra\node_modules\ethers\src.ts\providers\provider-jsonrpc.ts:571:45)
    at process.processTicksAndRejections (node:internal/process/task_queues:104:5)
[31m[Nest] 181104  - [39m04/09/2026, 10:23:37 pm [31m  ERROR[39m [38;5;3m[BlockchainService] [39m[31mFailed to scan USDT on BASE blocks 46380620-46385620[39m
Error: could not coalesce error (error={ "code": -32016, "message": "over rate limit" }, payload={ "id": 11340, "jsonrpc": "2.0", "method": "eth_getBlockByNumber", "params": [ "0x2c3b654", true ] }, code=UNKNOWN_ERROR, version=6.17.0)
    at makeError (C:\Users\perum\OneDrive\Desktop\sidra\node_modules\ethers\src.ts\utils\errors.ts:698:21)
    at JsonRpcProvider.getRpcError (C:\Users\perum\OneDrive\Desktop\sidra\node_modules\ethers\src.ts\providers\provider-jsonrpc.ts:1086:25)
    at <anonymous> (C:\Users\perum\OneDrive\Desktop\sidra\node_modules\ethers\src.ts\providers\provider-jsonrpc.ts:571:45)
    at process.processTicksAndRejections (node:internal/process/task_queues:104:5)
[31m[Nest] 181104  - [39m04/09/2026, 10:23:37 pm [31m  ERROR[39m [38;5;3m[BlockchainService] [39m[31mFailed to scan USDT on BASE blocks 46380620-46385620[39m
Error: could not coalesce error (error={ "code": -32016, "message": "over rate limit" }, payload={ "id": 11340, "jsonrpc": "2.0", "method": "eth_getBlockByNumber", "params": [ "0x2c3b654", true ] }, code=UNKNOWN_ERROR, version=6.17.0)
    at makeError (C:\Users\perum\OneDrive\Desktop\sidra\node_modules\ethers\src.ts\utils\errors.ts:698:21)
    at JsonRpcProvider.getRpcError (C:\Users\perum\OneDrive\Desktop\sidra\node_modules\ethers\src.ts\providers\provider-jsonrpc.ts:1086:25)
    at <anonymous> (C:\Users\perum\OneDrive\Desktop\sidra\node_modules\ethers\src.ts\providers\provider-jsonrpc.ts:571:45)
    at process.processTicksAndRejections (node:internal/process/task_queues:104:5)
[31m[Nest] 181104  - [39m04/09/2026, 10:23:37 pm [31m  ERROR[39m [38;5;3m[BlockchainService] [39m[31mFailed to scan USDT on BASE blocks 46380620-46385620[39m
Error: could not coalesce error (error={ "code": -32016, "message": "over rate limit" }, payload={ "id": 11340, "jsonrpc": "2.0", "method": "eth_getBlockByNumber", "params": [ "0x2c3b654", true ] }, code=UNKNOWN_ERROR, version=6.17.0)
    at makeError (C:\Users\perum\OneDrive\Desktop\sidra\node_modules\ethers\src.ts\utils\errors.ts:698:21)
    at JsonRpcProvider.getRpcError (C:\Users\perum\OneDrive\Desktop\sidra\node_modules\ethers\src.ts\providers\provider-jsonrpc.ts:1086:25)
    at <anonymous> (C:\Users\perum\OneDrive\Desktop\sidra\node_modules\ethers\src.ts\providers\provider-jsonrpc.ts:571:45)
    at process.processTicksAndRejections (node:internal/process/task_queues:104:5)
[31m[Nest] 181104  - [39m04/09/2026, 10:23:37 pm [31m  ERROR[39m [38;5;3m[BlockchainService] [39m[31mFailed to scan USDT on BASE blocks 46380634-46385634[39m
Error: could not coalesce error (error={ "code": -32016, "message": "over rate limit" }, payload={ "id": 11341, "jsonrpc": "2.0", "method": "eth_getBlockByNumber", "params": [ "0x2c3b662", true ] }, code=UNKNOWN_ERROR, version=6.17.0)
    at makeError (C:\Users\perum\OneDrive\Desktop\sidra\node_modules\ethers\src.ts\utils\errors.ts:698:21)
    at JsonRpcProvider.getRpcError (C:\Users\perum\OneDrive\Desktop\sidra\node_modules\ethers\src.ts\providers\provider-jsonrpc.ts:1086:25)
    at <anonymous> (C:\Users\perum\OneDrive\Desktop\sidra\node_modules\ethers\src.ts\providers\provider-jsonrpc.ts:571:45)
    at process.processTicksAndRejections (node:internal/process/task_queues:104:5)
[31m[Nest] 181104  - [39m04/09/2026, 10:23:37 pm [31m  ERROR[39m [38;5;3m[BlockchainService] [39m[31mFailed to scan USDT on BASE blocks 46380634-46385634[39m
Error: could not coalesce error (error={ "code": -32016, "message": "over rate limit" }, payload={ "id": 11341, "jsonrpc": "2.0", "method": "eth_getBlockByNumber", "params": [ "0x2c3b662", true ] }, code=UNKNOWN_ERROR, version=6.17.0)
    at makeError (C:\Users\perum\OneDrive\Desktop\sidra\node_modules\ethers\src.ts\utils\errors.ts:698:21)
    at JsonRpcProvider.getRpcError (C:\Users\perum\OneDrive\Desktop\sidra\node_modules\ethers\src.ts\providers\provider-jsonrpc.ts:1086:25)
    at <anonymous> (C:\Users\perum\OneDrive\Desktop\sidra\node_modules\ethers\src.ts\providers\provider-jsonrpc.ts:571:45)
    at process.processTicksAndRejections (node:internal/process/task_queues:104:5)
[31m[Nest] 181104  - [39m04/09/2026, 10:23:37 pm [31m  ERROR[39m [38;5;3m[BlockchainService] [39m[31mFailed to scan USDT on BASE blocks 46380634-46385634[39m
Error: could not coalesce error (error={ "code": -32016, "message": "over rate limit" }, payload={ "id": 11341, "jsonrpc": "2.0", "method": "eth_getBlockByNumber", "params": [ "0x2c3b662", true ] }, code=UNKNOWN_ERROR, version=6.17.0)
    at makeError (C:\Users\perum\OneDrive\Desktop\sidra\node_modules\ethers\src.ts\utils\errors.ts:698:21)
    at JsonRpcProvider.getRpcError (C:\Users\perum\OneDrive\Desktop\sidra\node_modules\ethers\src.ts\providers\provider-jsonrpc.ts:1086:25)
    at <anonymous> (C:\Users\perum\OneDrive\Desktop\sidra\node_modules\ethers\src.ts\providers\provider-jsonrpc.ts:571:45)
    at process.processTicksAndRejections (node:internal/process/task_queues:104:5)
[31m[Nest] 181104  - [39m04/09/2026, 10:23:37 pm [31m  ERROR[39m [38;5;3m[BlockchainService] [39m[31mFailed to scan USDT on BASE blocks 46380634-46385634[39m
Error: could not coalesce error (error={ "code": -32016, "message": "over rate limit" }, payload={ "id": 11341, "jsonrpc": "2.0", "method": "eth_getBlockByNumber", "params": [ "0x2c3b662", true ] }, code=UNKNOWN_ERROR, version=6.17.0)
    at makeError (C:\Users\perum\OneDrive\Desktop\sidra\node_modules\ethers\src.ts\utils\errors.ts:698:21)
    at JsonRpcProvider.getRpcError (C:\Users\perum\OneDrive\Desktop\sidra\node_modules\ethers\src.ts\providers\provider-jsonrpc.ts:1086:25)
    at <anonymous> (C:\Users\perum\OneDrive\Desktop\sidra\node_modules\ethers\src.ts\providers\provider-jsonrpc.ts:571:45)
    at process.processTicksAndRejections (node:internal/process/task_queues:104:5)
[31m[Nest] 181104  - [39m04/09/2026, 10:23:37 pm [31m  ERROR[39m [38;5;3m[BlockchainService] [39m[31mFailed to scan USDT on BASE blocks 46380634-46385634[39m
Error: could not coalesce error (error={ "code": -32016, "message": "over rate limit" }, payload={ "id": 11341, "jsonrpc": "2.0", "method": "eth_getBlockByNumber", "params": [ "0x2c3b662", true ] }, code=UNKNOWN_ERROR, version=6.17.0)
    at makeError (C:\Users\perum\OneDrive\Desktop\sidra\node_modules\ethers\src.ts\utils\errors.ts:698:21)
    at JsonRpcProvider.getRpcError (C:\Users\perum\OneDrive\Desktop\sidra\node_modules\ethers\src.ts\providers\provider-jsonrpc.ts:1086:25)
    at <anonymous> (C:\Users\perum\OneDrive\Desktop\sidra\node_modules\ethers\src.ts\providers\provider-jsonrpc.ts:571:45)
    at process.processTicksAndRejections (node:internal/process/task_queues:104:5)
[31m[Nest] 181104  - [39m04/09/2026, 10:23:37 pm [31m  ERROR[39m [38;5;3m[BlockchainService] [39m[31mFailed to scan USDT on BASE blocks 46380634-46385634[39m
Error: could not coalesce error (error={ "code": -32016, "message": "over rate limit" }, payload={ "id": 11341, "jsonrpc": "2.0", "method": "eth_getBlockByNumber", "params": [ "0x2c3b662", true ] }, code=UNKNOWN_ERROR, version=6.17.0)
    at makeError (C:\Users\perum\OneDrive\Desktop\sidra\node_modules\ethers\src.ts\utils\errors.ts:698:21)
    at JsonRpcProvider.getRpcError (C:\Users\perum\OneDrive\Desktop\sidra\node_modules\ethers\src.ts\providers\provider-jsonrpc.ts:1086:25)
    at <anonymous> (C:\Users\perum\OneDrive\Desktop\sidra\node_modules\ethers\src.ts\providers\provider-jsonrpc.ts:571:45)
    at process.processTicksAndRejections (node:internal/process/task_queues:104:5)
[31m[Nest] 181104  - [39m04/09/2026, 10:23:37 pm [31m  ERROR[39m [38;5;3m[BlockchainService] [39m[31mFailed to scan USDT on BASE blocks 46380634-46385634[39m
Error: could not coalesce error (error={ "code": -32016, "message": "over rate limit" }, payload={ "id": 11341, "jsonrpc": "2.0", "method": "eth_getBlockByNumber", "params": [ "0x2c3b662", true ] }, code=UNKNOWN_ERROR, version=6.17.0)
    at makeError (C:\Users\perum\OneDrive\Desktop\sidra\node_modules\ethers\src.ts\utils\errors.ts:698:21)
    at JsonRpcProvider.getRpcError (C:\Users\perum\OneDrive\Desktop\sidra\node_modules\ethers\src.ts\providers\provider-jsonrpc.ts:1086:25)
    at <anonymous> (C:\Users\perum\OneDrive\Desktop\sidra\node_modules\ethers\src.ts\providers\provider-jsonrpc.ts:571:45)
    at process.processTicksAndRejections (node:internal/process/task_queues:104:5)
[31m[Nest] 181104  - [39m04/09/2026, 10:23:37 pm [31m  ERROR[39m [38;5;3m[BlockchainService] [39m[31mFailed to scan USDT on BASE blocks 46380648-46385648[39m
Error: could not coalesce error (error={ "code": -32016, "message": "over rate limit" }, payload={ "id": 11342, "jsonrpc": "2.0", "method": "eth_getBlockByNumber", "params": [ "0x2c3b671", true ] }, code=UNKNOWN_ERROR, version=6.17.0)
    at makeError (C:\Users\perum\OneDrive\Desktop\sidra\node_modules\ethers\src.ts\utils\errors.ts:698:21)
    at JsonRpcProvider.getRpcError (C:\Users\perum\OneDrive\Desktop\sidra\node_modules\ethers\src.ts\providers\provider-jsonrpc.ts:1086:25)
    at <anonymous> (C:\Users\perum\OneDrive\Desktop\sidra\node_modules\ethers\src.ts\providers\provider-jsonrpc.ts:571:45)
    at process.processTicksAndRejections (node:internal/process/task_queues:104:5)
[31m[Nest] 181104  - [39m04/09/2026, 10:23:37 pm [31m  ERROR[39m [38;5;3m[BlockchainService] [39m[31mFailed to scan USDT on BASE blocks 46380648-46385648[39m
Error: could not coalesce error (error={ "code": -32016, "message": "over rate limit" }, payload={ "id": 11342, "jsonrpc": "2.0", "method": "eth_getBlockByNumber", "params": [ "0x2c3b671", true ] }, code=UNKNOWN_ERROR, version=6.17.0)
    at makeError (C:\Users\perum\OneDrive\Desktop\sidra\node_modules\ethers\src.ts\utils\errors.ts:698:21)
    at JsonRpcProvider.getRpcError (C:\Users\perum\OneDrive\Desktop\sidra\node_modules\ethers\src.ts\providers\provider-jsonrpc.ts:1086:25)
    at <anonymous> (C:\Users\perum\OneDrive\Desktop\sidra\node_modules\ethers\src.ts\providers\provider-jsonrpc.ts:571:45)
    at process.processTicksAndRejections (node:internal/process/task_queues:104:5)
[31m[Nest] 181104  - [39m04/09/2026, 10:23:37 pm [31m  ERROR[39m [38;5;3m[BlockchainService] [39m[31mFailed to scan USDT on BASE blocks 46380648-46385648[39m
Error: could not coalesce error (error={ "code": -32016, "message": "over rate limit" }, payload={ "id": 11342, "jsonrpc": "2.0", "method": "eth_getBlockByNumber", "params": [ "0x2c3b671", true ] }, code=UNKNOWN_ERROR, version=6.17.0)
    at makeError (C:\Users\perum\OneDrive\Desktop\sidra\node_modules\ethers\src.ts\utils\errors.ts:698:21)
    at JsonRpcProvider.getRpcError (C:\Users\perum\OneDrive\Desktop\sidra\node_modules\ethers\src.ts\providers\provider-jsonrpc.ts:1086:25)
    at <anonymous> (C:\Users\perum\OneDrive\Desktop\sidra\node_modules\ethers\src.ts\providers\provider-jsonrpc.ts:571:45)
    at process.processTicksAndRejections (node:internal/process/task_queues:104:5)
[31m[Nest] 181104  - [39m04/09/2026, 10:23:37 pm [31m  ERROR[39m [38;5;3m[BlockchainService] [39m[31mFailed to scan USDT on BASE blocks 46380648-46385648[39m
Error: could not coalesce error (error={ "code": -32016, "message": "over rate limit" }, payload={ "id": 11342, "jsonrpc": "2.0", "method": "eth_getBlockByNumber", "params": [ "0x2c3b671", true ] }, code=UNKNOWN_ERROR, version=6.17.0)
    at makeError (C:\Users\perum\OneDrive\Desktop\sidra\node_modules\ethers\src.ts\utils\errors.ts:698:21)
    at JsonRpcProvider.getRpcError (C:\Users\perum\OneDrive\Desktop\sidra\node_modules\ethers\src.ts\providers\provider-jsonrpc.ts:1086:25)
    at <anonymous> (C:\Users\perum\OneDrive\Desktop\sidra\node_modules\ethers\src.ts\providers\provider-jsonrpc.ts:571:45)
    at process.processTicksAndRejections (node:internal/process/task_queues:104:5)
[31m[Nest] 181104  - [39m04/09/2026, 10:23:37 pm [31m  ERROR[39m [38;5;3m[BlockchainService] [39m[31mFailed to scan USDT on BASE blocks 46380648-46385648[39m
Error: could not coalesce error (error={ "code": -32016, "message": "over rate limit" }, payload={ "id": 11342, "jsonrpc": "2.0", "method": "eth_getBlockByNumber", "params": [ "0x2c3b671", true ] }, code=UNKNOWN_ERROR, version=6.17.0)
    at makeError (C:\Users\perum\OneDrive\Desktop\sidra\node_modules\ethers\src.ts\utils\errors.ts:698:21)
    at JsonRpcProvider.getRpcError (C:\Users\perum\OneDrive\Desktop\sidra\node_modules\ethers\src.ts\providers\provider-jsonrpc.ts:1086:25)
    at <anonymous> (C:\Users\perum\OneDrive\Desktop\sidra\node_modules\ethers\src.ts\providers\provider-jsonrpc.ts:571:45)
    at process.processTicksAndRejections (node:internal/process/task_queues:104:5)
[31m[Nest] 181104  - [39m04/09/2026, 10:23:37 pm [31m  ERROR[39m [38;5;3m[BlockchainService] [39m[31mFailed to scan USDT on BASE blocks 46380648-46385648[39m
Error: could not coalesce error (error={ "code": -32016, "message": "over rate limit" }, payload={ "id": 11342, "jsonrpc": "2.0", "method": "eth_getBlockByNumber", "params": [ "0x2c3b671", true ] }, code=UNKNOWN_ERROR, version=6.17.0)
    at makeError (C:\Users\perum\OneDrive\Desktop\sidra\node_modules\ethers\src.ts\utils\errors.ts:698:21)
    at JsonRpcProvider.getRpcError (C:\Users\perum\OneDrive\Desktop\sidra\node_modules\ethers\src.ts\providers\provider-jsonrpc.ts:1086:25)
    at <anonymous> (C:\Users\perum\OneDrive\Desktop\sidra\node_modules\ethers\src.ts\providers\provider-jsonrpc.ts:571:45)
    at process.processTicksAndRejections (node:internal/process/task_queues:104:5)
[31m[Nest] 181104  - [39m04/09/2026, 10:23:37 pm [31m  ERROR[39m [38;5;3m[BlockchainService] [39m[31mFailed to scan USDT on BASE blocks 46380648-46385648[39m
Error: could not coalesce error (error={ "code": -32016, "message": "over rate limit" }, payload={ "id": 11342, "jsonrpc": "2.0", "method": "eth_getBlockByNumber", "params": [ "0x2c3b671", true ] }, code=UNKNOWN_ERROR, version=6.17.0)
    at makeError (C:\Users\perum\OneDrive\Desktop\sidra\node_modules\ethers\src.ts\utils\errors.ts:698:21)
    at JsonRpcProvider.getRpcError (C:\Users\perum\OneDrive\Desktop\sidra\node_modules\ethers\src.ts\providers\provider-jsonrpc.ts:1086:25)
    at <anonymous> (C:\Users\perum\OneDrive\Desktop\sidra\node_modules\ethers\src.ts\providers\provider-jsonrpc.ts:571:45)
    at process.processTicksAndRejections (node:internal/process/task_queues:104:5)
[31m[Nest] 181104  - [39m04/09/2026, 10:23:37 pm [31m  ERROR[39m [38;5;3m[BlockchainService] [39m[31mFailed to scan USDT on BASE blocks 46380664-46385664[39m
Error: could not coalesce error (error={ "code": -32016, "message": "over rate limit" }, payload={ "id": 11343, "jsonrpc": "2.0", "method": "eth_getBlockByNumber", "params": [ "0x2c3b681", true ] }, code=UNKNOWN_ERROR, version=6.17.0)
    at makeError (C:\Users\perum\OneDrive\Desktop\sidra\node_modules\ethers\src.ts\utils\errors.ts:698:21)
    at JsonRpcProvider.getRpcError (C:\Users\perum\OneDrive\Desktop\sidra\node_modules\ethers\src.ts\providers\provider-jsonrpc.ts:1086:25)
    at <anonymous> (C:\Users\perum\OneDrive\Desktop\sidra\node_modules\ethers\src.ts\providers\provider-jsonrpc.ts:571:45)
    at process.processTicksAndRejections (node:internal/process/task_queues:104:5)
[31m[Nest] 181104  - [39m04/09/2026, 10:23:37 pm [31m  ERROR[39m [38;5;3m[BlockchainService] [39m[31mFailed to scan USDT on BASE blocks 46380664-46385664[39m
Error: could not coalesce error (error={ "code": -32016, "message": "over rate limit" }, payload={ "id": 11343, "jsonrpc": "2.0", "method": "eth_getBlockByNumber", "params": [ "0x2c3b681", true ] }, code=UNKNOWN_ERROR, version=6.17.0)
    at makeError (C:\Users\perum\OneDrive\Desktop\sidra\node_modules\ethers\src.ts\utils\errors.ts:698:21)
    at JsonRpcProvider.getRpcError (C:\Users\perum\OneDrive\Desktop\sidra\node_modules\ethers\src.ts\providers\provider-jsonrpc.ts:1086:25)
    at <anonymous> (C:\Users\perum\OneDrive\Desktop\sidra\node_modules\ethers\src.ts\providers\provider-jsonrpc.ts:571:45)
    at process.processTicksAndRejections (node:internal/process/task_queues:104:5)
[31m[Nest] 181104  - [39m04/09/2026, 10:23:37 pm [31m  ERROR[39m [38;5;3m[BlockchainService] [39m[31mFailed to scan USDT on BASE blocks 46380664-46385664[39m
Error: could not coalesce error (error={ "code": -32016, "message": "over rate limit" }, payload={ "id": 11343, "jsonrpc": "2.0", "method": "eth_getBlockByNumber", "params": [ "0x2c3b681", true ] }, code=UNKNOWN_ERROR, version=6.17.0)
    at makeError (C:\Users\perum\OneDrive\Desktop\sidra\node_modules\ethers\src.ts\utils\errors.ts:698:21)
    at JsonRpcProvider.getRpcError (C:\Users\perum\OneDrive\Desktop\sidra\node_modules\ethers\src.ts\providers\provider-jsonrpc.ts:1086:25)
    at <anonymous> (C:\Users\perum\OneDrive\Desktop\sidra\node_modules\ethers\src.ts\providers\provider-jsonrpc.ts:571:45)
    at process.processTicksAndRejections (node:internal/process/task_queues:104:5)
[31m[Nest] 181104  - [39m04/09/2026, 10:23:37 pm [31m  ERROR[39m [38;5;3m[BlockchainService] [39m[31mFailed to scan USDT on BASE blocks 46380664-46385664[39m
Error: could not coalesce error (error={ "code": -32016, "message": "over rate limit" }, payload={ "id": 11343, "jsonrpc": "2.0", "method": "eth_getBlockByNumber", "params": [ "0x2c3b681", true ] }, code=UNKNOWN_ERROR, version=6.17.0)
    at makeError (C:\Users\perum\OneDrive\Desktop\sidra\node_modules\ethers\src.ts\utils\errors.ts:698:21)
    at JsonRpcProvider.getRpcError (C:\Users\perum\OneDrive\Desktop\sidra\node_modules\ethers\src.ts\providers\provider-jsonrpc.ts:1086:25)
    at <anonymous> (C:\Users\perum\OneDrive\Desktop\sidra\node_modules\ethers\src.ts\providers\provider-jsonrpc.ts:571:45)
    at process.processTicksAndRejections (node:internal/process/task_queues:104:5)
[31m[Nest] 181104  - [39m04/09/2026, 10:23:37 pm [31m  ERROR[39m [38;5;3m[BlockchainService] [39m[31mFailed to scan USDT on BASE blocks 46380664-46385664[39m
Error: could not coalesce error (error={ "code": -32016, "message": "over rate limit" }, payload={ "id": 11343, "jsonrpc": "2.0", "method": "eth_getBlockByNumber", "params": [ "0x2c3b681", true ] }, code=UNKNOWN_ERROR, version=6.17.0)
    at makeError (C:\Users\perum\OneDrive\Desktop\sidra\node_modules\ethers\src.ts\utils\errors.ts:698:21)
    at JsonRpcProvider.getRpcError (C:\Users\perum\OneDrive\Desktop\sidra\node_modules\ethers\src.ts\providers\provider-jsonrpc.ts:1086:25)
    at <anonymous> (C:\Users\perum\OneDrive\Desktop\sidra\node_modules\ethers\src.ts\providers\provider-jsonrpc.ts:571:45)
    at process.processTicksAndRejections (node:internal/process/task_queues:104:5)
[31m[Nest] 181104  - [39m04/09/2026, 10:23:37 pm [31m  ERROR[39m [38;5;3m[BlockchainService] [39m[31mFailed to scan USDT on BASE blocks 46380664-46385664[39m
Error: could not coalesce error (error={ "code": -32016, "message": "over rate limit" }, payload={ "id": 11343, "jsonrpc": "2.0", "method": "eth_getBlockByNumber", "params": [ "0x2c3b681", true ] }, code=UNKNOWN_ERROR, version=6.17.0)
    at makeError (C:\Users\perum\OneDrive\Desktop\sidra\node_modules\ethers\src.ts\utils\errors.ts:698:21)
    at JsonRpcProvider.getRpcError (C:\Users\perum\OneDrive\Desktop\sidra\node_modules\ethers\src.ts\providers\provider-jsonrpc.ts:1086:25)
    at <anonymous> (C:\Users\perum\OneDrive\Desktop\sidra\node_modules\ethers\src.ts\providers\provider-jsonrpc.ts:571:45)
    at process.processTicksAndRejections (node:internal/process/task_queues:104:5)
[31m[Nest] 181104  - [39m04/09/2026, 10:23:37 pm [31m  ERROR[39m [38;5;3m[BlockchainService] [39m[31mFailed to scan USDT on BASE blocks 46380664-46385664[39m
Error: could not coalesce error (error={ "code": -32016, "message": "over rate limit" }, payload={ "id": 11343, "jsonrpc": "2.0", "method": "eth_getBlockByNumber", "params": [ "0x2c3b681", true ] }, code=UNKNOWN_ERROR, version=6.17.0)
    at makeError (C:\Users\perum\OneDrive\Desktop\sidra\node_modules\ethers\src.ts\utils\errors.ts:698:21)
    at JsonRpcProvider.getRpcError (C:\Users\perum\OneDrive\Desktop\sidra\node_modules\ethers\src.ts\providers\provider-jsonrpc.ts:1086:25)
    at <anonymous> (C:\Users\perum\OneDrive\Desktop\sidra\node_modules\ethers\src.ts\providers\provider-jsonrpc.ts:571:45)
    at process.processTicksAndRejections (node:internal/process/task_queues:104:5)
[31m[Nest] 181104  - [39m04/09/2026, 10:23:37 pm [31m  ERROR[39m [38;5;3m[BlockchainService] [39m[31mFailed to scan USDT on BASE blocks 46380679-46385679[39m
Error: could not coalesce error (error={ "code": -32016, "message": "over rate limit" }, payload={ "id": 11344, "jsonrpc": "2.0", "method": "eth_getBlockByNumber", "params": [ "0x2c3b690", true ] }, code=UNKNOWN_ERROR, version=6.17.0)
    at makeError (C:\Users\perum\OneDrive\Desktop\sidra\node_modules\ethers\src.ts\utils\errors.ts:698:21)
    at JsonRpcProvider.getRpcError (C:\Users\perum\OneDrive\Desktop\sidra\node_modules\ethers\src.ts\providers\provider-jsonrpc.ts:1086:25)
    at <anonymous> (C:\Users\perum\OneDrive\Desktop\sidra\node_modules\ethers\src.ts\providers\provider-jsonrpc.ts:571:45)
    at process.processTicksAndRejections (node:internal/process/task_queues:104:5)
[31m[Nest] 181104  - [39m04/09/2026, 10:23:37 pm [31m  ERROR[39m [38;5;3m[BlockchainService] [39m[31mFailed to scan USDT on BASE blocks 46380679-46385679[39m
Error: could not coalesce error (error={ "code": -32016, "message": "over rate limit" }, payload={ "id": 11344, "jsonrpc": "2.0", "method": "eth_getBlockByNumber", "params": [ "0x2c3b690", true ] }, code=UNKNOWN_ERROR, version=6.17.0)
    at makeError (C:\Users\perum\OneDrive\Desktop\sidra\node_modules\ethers\src.ts\utils\errors.ts:698:21)
    at JsonRpcProvider.getRpcError (C:\Users\perum\OneDrive\Desktop\sidra\node_modules\ethers\src.ts\providers\provider-jsonrpc.ts:1086:25)
    at <anonymous> (C:\Users\perum\OneDrive\Desktop\sidra\node_modules\ethers\src.ts\providers\provider-jsonrpc.ts:571:45)
    at process.processTicksAndRejections (node:internal/process/task_queues:104:5)
[31m[Nest] 181104  - [39m04/09/2026, 10:23:37 pm [31m  ERROR[39m [38;5;3m[BlockchainService] [39m[31mFailed to scan USDT on BASE blocks 46380679-46385679[39m
Error: could not coalesce error (error={ "code": -32016, "message": "over rate limit" }, payload={ "id": 11344, "jsonrpc": "2.0", "method": "eth_getBlockByNumber", "params": [ "0x2c3b690", true ] }, code=UNKNOWN_ERROR, version=6.17.0)
    at makeError (C:\Users\perum\OneDrive\Desktop\sidra\node_modules\ethers\src.ts\utils\errors.ts:698:21)
    at JsonRpcProvider.getRpcError (C:\Users\perum\OneDrive\Desktop\sidra\node_modules\ethers\src.ts\providers\provider-jsonrpc.ts:1086:25)
    at <anonymous> (C:\Users\perum\OneDrive\Desktop\sidra\node_modules\ethers\src.ts\providers\provider-jsonrpc.ts:571:45)
    at process.processTicksAndRejections (node:internal/process/task_queues:104:5)
[31m[Nest] 181104  - [39m04/09/2026, 10:23:37 pm [31m  ERROR[39m [38;5;3m[BlockchainService] [39m[31mFailed to scan USDT on BASE blocks 46380679-46385679[39m
Error: could not coalesce error (error={ "code": -32016, "message": "over rate limit" }, payload={ "id": 11344, "jsonrpc": "2.0", "method": "eth_getBlockByNumber", "params": [ "0x2c3b690", true ] }, code=UNKNOWN_ERROR, version=6.17.0)
    at makeError (C:\Users\perum\OneDrive\Desktop\sidra\node_modules\ethers\src.ts\utils\errors.ts:698:21)
    at JsonRpcProvider.getRpcError (C:\Users\perum\OneDrive\Desktop\sidra\node_modules\ethers\src.ts\providers\provider-jsonrpc.ts:1086:25)
    at <anonymous> (C:\Users\perum\OneDrive\Desktop\sidra\node_modules\ethers\src.ts\providers\provider-jsonrpc.ts:571:45)
    at process.processTicksAndRejections (node:internal/process/task_queues:104:5)
[31m[Nest] 181104  - [39m04/09/2026, 10:23:37 pm [31m  ERROR[39m [38;5;3m[BlockchainService] [39m[31mFailed to scan USDT on BASE blocks 46380679-46385679[39m
Error: could not coalesce error (error={ "code": -32016, "message": "over rate limit" }, payload={ "id": 11344, "jsonrpc": "2.0", "method": "eth_getBlockByNumber", "params": [ "0x2c3b690", true ] }, code=UNKNOWN_ERROR, version=6.17.0)
    at makeError (C:\Users\perum\OneDrive\Desktop\sidra\node_modules\ethers\src.ts\utils\errors.ts:698:21)
    at JsonRpcProvider.getRpcError (C:\Users\perum\OneDrive\Desktop\sidra\node_modules\ethers\src.ts\providers\provider-jsonrpc.ts:1086:25)
    at <anonymous> (C:\Users\perum\OneDrive\Desktop\sidra\node_modules\ethers\src.ts\providers\provider-jsonrpc.ts:571:45)
    at process.processTicksAndRejections (node:internal/process/task_queues:104:5)
[31m[Nest] 181104  - [39m04/09/2026, 10:23:37 pm [31m  ERROR[39m [38;5;3m[BlockchainService] [39m[31mFailed to scan USDT on BASE blocks 46380679-46385679[39m
Error: could not coalesce error (error={ "code": -32016, "message": "over rate limit" }, payload={ "id": 11344, "jsonrpc": "2.0", "method": "eth_getBlockByNumber", "params": [ "0x2c3b690", true ] }, code=UNKNOWN_ERROR, version=6.17.0)
    at makeError (C:\Users\perum\OneDrive\Desktop\sidra\node_modules\ethers\src.ts\utils\errors.ts:698:21)
    at JsonRpcProvider.getRpcError (C:\Users\perum\OneDrive\Desktop\sidra\node_modules\ethers\src.ts\providers\provider-jsonrpc.ts:1086:25)
    at <anonymous> (C:\Users\perum\OneDrive\Desktop\sidra\node_modules\ethers\src.ts\providers\provider-jsonrpc.ts:571:45)
    at process.processTicksAndRejections (node:internal/process/task_queues:104:5)
[31m[Nest] 181104  - [39m04/09/2026, 10:23:37 pm [31m  ERROR[39m [38;5;3m[BlockchainService] [39m[31mFailed to scan USDT on BASE blocks 46380679-46385679[39m
Error: could not coalesce error (error={ "code": -32016, "message": "over rate limit" }, payload={ "id": 11344, "jsonrpc": "2.0", "method": "eth_getBlockByNumber", "params": [ "0x2c3b690", true ] }, code=UNKNOWN_ERROR, version=6.17.0)
    at makeError (C:\Users\perum\OneDrive\Desktop\sidra\node_modules\ethers\src.ts\utils\errors.ts:698:21)
    at JsonRpcProvider.getRpcError (C:\Users\perum\OneDrive\Desktop\sidra\node_modules\ethers\src.ts\providers\provider-jsonrpc.ts:1086:25)
    at <anonymous> (C:\Users\perum\OneDrive\Desktop\sidra\node_modules\ethers\src.ts\providers\provider-jsonrpc.ts:571:45)
    at process.processTicksAndRejections (node:internal/process/task_queues:104:5)
[31m[Nest] 181104  - [39m04/09/2026, 10:23:37 pm [31m  ERROR[39m [38;5;3m[BlockchainService] [39m[31mFailed to scan USDT on BASE blocks 46380711-46385711[39m
Error: could not coalesce error (error={ "code": -32016, "message": "over rate limit" }, payload={ "id": 11345, "jsonrpc": "2.0", "method": "eth_getBlockByNumber", "params": [ "0x2c3b6b1", true ] }, code=UNKNOWN_ERROR, version=6.17.0)
    at makeError (C:\Users\perum\OneDrive\Desktop\sidra\node_modules\ethers\src.ts\utils\errors.ts:698:21)
    at JsonRpcProvider.getRpcError (C:\Users\perum\OneDrive\Desktop\sidra\node_modules\ethers\src.ts\providers\provider-jsonrpc.ts:1086:25)
    at <anonymous> (C:\Users\perum\OneDrive\Desktop\sidra\node_modules\ethers\src.ts\providers\provider-jsonrpc.ts:571:45)
    at process.processTicksAndRejections (node:internal/process/task_queues:104:5)
[31m[Nest] 181104  - [39m04/09/2026, 10:23:37 pm [31m  ERROR[39m [38;5;3m[BlockchainService] [39m[31mFailed to scan USDT on BASE blocks 46380711-46385711[39m
Error: could not coalesce error (error={ "code": -32016, "message": "over rate limit" }, payload={ "id": 11345, "jsonrpc": "2.0", "method": "eth_getBlockByNumber", "params": [ "0x2c3b6b1", true ] }, code=UNKNOWN_ERROR, version=6.17.0)
    at makeError (C:\Users\perum\OneDrive\Desktop\sidra\node_modules\ethers\src.ts\utils\errors.ts:698:21)
    at JsonRpcProvider.getRpcError (C:\Users\perum\OneDrive\Desktop\sidra\node_modules\ethers\src.ts\providers\provider-jsonrpc.ts:1086:25)
    at <anonymous> (C:\Users\perum\OneDrive\Desktop\sidra\node_modules\ethers\src.ts\providers\provider-jsonrpc.ts:571:45)
    at process.processTicksAndRejections (node:internal/process/task_queues:104:5)
[31m[Nest] 181104  - [39m04/09/2026, 10:23:37 pm [31m  ERROR[39m [38;5;3m[BlockchainService] [39m[31mFailed to scan USDT on BASE blocks 46380711-46385711[39m
Error: could not coalesce error (error={ "code": -32016, "message": "over rate limit" }, payload={ "id": 11345, "jsonrpc": "2.0", "method": "eth_getBlockByNumber", "params": [ "0x2c3b6b1", true ] }, code=UNKNOWN_ERROR, version=6.17.0)
    at makeError (C:\Users\perum\OneDrive\Desktop\sidra\node_modules\ethers\src.ts\utils\errors.ts:698:21)
    at JsonRpcProvider.getRpcError (C:\Users\perum\OneDrive\Desktop\sidra\node_modules\ethers\src.ts\providers\provider-jsonrpc.ts:1086:25)
    at <anonymous> (C:\Users\perum\OneDrive\Desktop\sidra\node_modules\ethers\src.ts\providers\provider-jsonrpc.ts:571:45)
    at process.processTicksAndRejections (node:internal/process/task_queues:104:5)
[31m[Nest] 181104  - [39m04/09/2026, 10:23:37 pm [31m  ERROR[39m [38;5;3m[BlockchainService] [39m[31mFailed to scan USDT on BASE blocks 46380711-46385711[39m
Error: could not coalesce error (error={ "code": -32016, "message": "over rate limit" }, payload={ "id": 11345, "jsonrpc": "2.0", "method": "eth_getBlockByNumber", "params": [ "0x2c3b6b1", true ] }, code=UNKNOWN_ERROR, version=6.17.0)
    at makeError (C:\Users\perum\OneDrive\Desktop\sidra\node_modules\ethers\src.ts\utils\errors.ts:698:21)
    at JsonRpcProvider.getRpcError (C:\Users\perum\OneDrive\Desktop\sidra\node_modules\ethers\src.ts\providers\provider-jsonrpc.ts:1086:25)
    at <anonymous> (C:\Users\perum\OneDrive\Desktop\sidra\node_modules\ethers\src.ts\providers\provider-jsonrpc.ts:571:45)
    at process.processTicksAndRejections (node:internal/process/task_queues:104:5)
[31m[Nest] 181104  - [39m04/09/2026, 10:23:37 pm [31m  ERROR[39m [38;5;3m[BlockchainService] [39m[31mFailed to scan USDT on BASE blocks 46380711-46385711[39m
Error: could not coalesce error (error={ "code": -32016, "message": "over rate limit" }, payload={ "id": 11345, "jsonrpc": "2.0", "method": "eth_getBlockByNumber", "params": [ "0x2c3b6b1", true ] }, code=UNKNOWN_ERROR, version=6.17.0)
    at makeError (C:\Users\perum\OneDrive\Desktop\sidra\node_modules\ethers\src.ts\utils\errors.ts:698:21)
    at JsonRpcProvider.getRpcError (C:\Users\perum\OneDrive\Desktop\sidra\node_modules\ethers\src.ts\providers\provider-jsonrpc.ts:1086:25)
    at <anonymous> (C:\Users\perum\OneDrive\Desktop\sidra\node_modules\ethers\src.ts\providers\provider-jsonrpc.ts:571:45)
    at process.processTicksAndRejections (node:internal/process/task_queues:104:5)
[31m[Nest] 181104  - [39m04/09/2026, 10:23:37 pm [31m  ERROR[39m [38;5;3m[BlockchainService] [39m[31mFailed to scan USDT on BASE blocks 46380711-46385711[39m
Error: could not coalesce error (error={ "code": -32016, "message": "over rate limit" }, payload={ "id": 11345, "jsonrpc": "2.0", "method": "eth_getBlockByNumber", "params": [ "0x2c3b6b1", true ] }, code=UNKNOWN_ERROR, version=6.17.0)
    at makeError (C:\Users\perum\OneDrive\Desktop\sidra\node_modules\ethers\src.ts\utils\errors.ts:698:21)
    at JsonRpcProvider.getRpcError (C:\Users\perum\OneDrive\Desktop\sidra\node_modules\ethers\src.ts\providers\provider-jsonrpc.ts:1086:25)
    at <anonymous> (C:\Users\perum\OneDrive\Desktop\sidra\node_modules\ethers\src.ts\providers\provider-jsonrpc.ts:571:45)
    at process.processTicksAndRejections (node:internal/process/task_queues:104:5)
[31m[Nest] 181104  - [39m04/09/2026, 10:23:37 pm [31m  ERROR[39m [38;5;3m[BlockchainService] [39m[31mFailed to scan USDT on BASE blocks 46380711-46385711[39m
Error: could not coalesce error (error={ "code": -32016, "message": "over rate limit" }, payload={ "id": 11345, "jsonrpc": "2.0", "method": "eth_getBlockByNumber", "params": [ "0x2c3b6b1", true ] }, code=UNKNOWN_ERROR, version=6.17.0)
    at makeError (C:\Users\perum\OneDrive\Desktop\sidra\node_modules\ethers\src.ts\utils\errors.ts:698:21)
    at JsonRpcProvider.getRpcError (C:\Users\perum\OneDrive\Desktop\sidra\node_modules\ethers\src.ts\providers\provider-jsonrpc.ts:1086:25)
    at <anonymous> (C:\Users\perum\OneDrive\Desktop\sidra\node_modules\ethers\src.ts\providers\provider-jsonrpc.ts:571:45)
    at process.processTicksAndRejections (node:internal/process/task_queues:104:5)
[31m[Nest] 181104  - [39m04/09/2026, 10:23:37 pm [31m  ERROR[39m [38;5;3m[BlockchainService] [39m[31mFailed to scan USDT on BASE blocks 46380696-46385696[39m
Error: could not coalesce error (error={ "code": -32016, "message": "over rate limit" }, payload={ "id": 11346, "jsonrpc": "2.0", "method": "eth_getBlockByNumber", "params": [ "0x2c3b6a2", true ] }, code=UNKNOWN_ERROR, version=6.17.0)
    at makeError (C:\Users\perum\OneDrive\Desktop\sidra\node_modules\ethers\src.ts\utils\errors.ts:698:21)
    at JsonRpcProvider.getRpcError (C:\Users\perum\OneDrive\Desktop\sidra\node_modules\ethers\src.ts\providers\provider-jsonrpc.ts:1086:25)
    at <anonymous> (C:\Users\perum\OneDrive\Desktop\sidra\node_modules\ethers\src.ts\providers\provider-jsonrpc.ts:571:45)
    at process.processTicksAndRejections (node:internal/process/task_queues:104:5)
[31m[Nest] 181104  - [39m04/09/2026, 10:23:37 pm [31m  ERROR[39m [38;5;3m[BlockchainService] [39m[31mFailed to scan USDT on BASE blocks 46380696-46385696[39m
Error: could not coalesce error (error={ "code": -32016, "message": "over rate limit" }, payload={ "id": 11346, "jsonrpc": "2.0", "method": "eth_getBlockByNumber", "params": [ "0x2c3b6a2", true ] }, code=UNKNOWN_ERROR, version=6.17.0)
    at makeError (C:\Users\perum\OneDrive\Desktop\sidra\node_modules\ethers\src.ts\utils\errors.ts:698:21)
    at JsonRpcProvider.getRpcError (C:\Users\perum\OneDrive\Desktop\sidra\node_modules\ethers\src.ts\providers\provider-jsonrpc.ts:1086:25)
    at <anonymous> (C:\Users\perum\OneDrive\Desktop\sidra\node_modules\ethers\src.ts\providers\provider-jsonrpc.ts:571:45)
    at process.processTicksAndRejections (node:internal/process/task_queues:104:5)
[31m[Nest] 181104  - [39m04/09/2026, 10:23:37 pm [31m  ERROR[39m [38;5;3m[BlockchainService] [39m[31mFailed to scan USDT on BASE blocks 46380696-46385696[39m
Error: could not coalesce error (error={ "code": -32016, "message": "over rate limit" }, payload={ "id": 11346, "jsonrpc": "2.0", "method": "eth_getBlockByNumber", "params": [ "0x2c3b6a2", true ] }, code=UNKNOWN_ERROR, version=6.17.0)
    at makeError (C:\Users\perum\OneDrive\Desktop\sidra\node_modules\ethers\src.ts\utils\errors.ts:698:21)
    at JsonRpcProvider.getRpcError (C:\Users\perum\OneDrive\Desktop\sidra\node_modules\ethers\src.ts\providers\provider-jsonrpc.ts:1086:25)
    at <anonymous> (C:\Users\perum\OneDrive\Desktop\sidra\node_modules\ethers\src.ts\providers\provider-jsonrpc.ts:571:45)
    at process.processTicksAndRejections (node:internal/process/task_queues:104:5)
[31m[Nest] 181104  - [39m04/09/2026, 10:23:37 pm [31m  ERROR[39m [38;5;3m[BlockchainService] [39m[31mFailed to scan USDT on BASE blocks 46380696-46385696[39m
Error: could not coalesce error (error={ "code": -32016, "message": "over rate limit" }, payload={ "id": 11346, "jsonrpc": "2.0", "method": "eth_getBlockByNumber", "params": [ "0x2c3b6a2", true ] }, code=UNKNOWN_ERROR, version=6.17.0)
    at makeError (C:\Users\perum\OneDrive\Desktop\sidra\node_modules\ethers\src.ts\utils\errors.ts:698:21)
    at JsonRpcProvider.getRpcError (C:\Users\perum\OneDrive\Desktop\sidra\node_modules\ethers\src.ts\providers\provider-jsonrpc.ts:1086:25)
    at <anonymous> (C:\Users\perum\OneDrive\Desktop\sidra\node_modules\ethers\src.ts\providers\provider-jsonrpc.ts:571:45)
    at process.processTicksAndRejections (node:internal/process/task_queues:104:5)
[31m[Nest] 181104  - [39m04/09/2026, 10:23:37 pm [31m  ERROR[39m [38;5;3m[BlockchainService] [39m[31mFailed to scan USDT on BASE blocks 46380696-46385696[39m
Error: could not coalesce error (error={ "code": -32016, "message": "over rate limit" }, payload={ "id": 11346, "jsonrpc": "2.0", "method": "eth_getBlockByNumber", "params": [ "0x2c3b6a2", true ] }, code=UNKNOWN_ERROR, version=6.17.0)
    at makeError (C:\Users\perum\OneDrive\Desktop\sidra\node_modules\ethers\src.ts\utils\errors.ts:698:21)
    at JsonRpcProvider.getRpcError (C:\Users\perum\OneDrive\Desktop\sidra\node_modules\ethers\src.ts\providers\provider-jsonrpc.ts:1086:25)
    at <anonymous> (C:\Users\perum\OneDrive\Desktop\sidra\node_modules\ethers\src.ts\providers\provider-jsonrpc.ts:571:45)
    at process.processTicksAndRejections (node:internal/process/task_queues:104:5)
[31m[Nest] 181104  - [39m04/09/2026, 10:23:37 pm [31m  ERROR[39m [38;5;3m[BlockchainService] [39m[31mFailed to scan USDT on BASE blocks 46380696-46385696[39m
Error: could not coalesce error (error={ "code": -32016, "message": "over rate limit" }, payload={ "id": 11346, "jsonrpc": "2.0", "method": "eth_getBlockByNumber", "params": [ "0x2c3b6a2", true ] }, code=UNKNOWN_ERROR, version=6.17.0)
    at makeError (C:\Users\perum\OneDrive\Desktop\sidra\node_modules\ethers\src.ts\utils\errors.ts:698:21)
    at JsonRpcProvider.getRpcError (C:\Users\perum\OneDrive\Desktop\sidra\node_modules\ethers\src.ts\providers\provider-jsonrpc.ts:1086:25)
    at <anonymous> (C:\Users\perum\OneDrive\Desktop\sidra\node_modules\ethers\src.ts\providers\provider-jsonrpc.ts:571:45)
    at process.processTicksAndRejections (node:internal/process/task_queues:104:5)
[31m[Nest] 181104  - [39m04/09/2026, 10:23:37 pm [31m  ERROR[39m [38;5;3m[BlockchainService] [39m[31mFailed to scan USDT on BASE blocks 46380696-46385696[39m
Error: could not coalesce error (error={ "code": -32016, "message": "over rate limit" }, payload={ "id": 11346, "jsonrpc": "2.0", "method": "eth_getBlockByNumber", "params": [ "0x2c3b6a2", true ] }, code=UNKNOWN_ERROR, version=6.17.0)
    at makeError (C:\Users\perum\OneDrive\Desktop\sidra\node_modules\ethers\src.ts\utils\errors.ts:698:21)
    at JsonRpcProvider.getRpcError (C:\Users\perum\OneDrive\Desktop\sidra\node_modules\ethers\src.ts\providers\provider-jsonrpc.ts:1086:25)
    at <anonymous> (C:\Users\perum\OneDrive\Desktop\sidra\node_modules\ethers\src.ts\providers\provider-jsonrpc.ts:571:45)
    at process.processTicksAndRejections (node:internal/process/task_queues:104:5)
[31m[Nest] 181104  - [39m04/09/2026, 10:23:41 pm [31m  ERROR[39m [38;5;3m[BlockchainService] [39m[31mFailed to scan USDC on BASE blocks 46379854-46384854[39m
Error: could not coalesce error (error={ "code": -32016, "message": "over rate limit" }, payload={ "id": 11387, "jsonrpc": "2.0", "method": "eth_getBlockByNumber", "params": [ "0x2c3b355", true ] }, code=UNKNOWN_ERROR, version=6.17.0)
    at makeError (C:\Users\perum\OneDrive\Desktop\sidra\node_modules\ethers\src.ts\utils\errors.ts:698:21)
    at JsonRpcProvider.getRpcError (C:\Users\perum\OneDrive\Desktop\sidra\node_modules\ethers\src.ts\providers\provider-jsonrpc.ts:1086:25)
    at <anonymous> (C:\Users\perum\OneDrive\Desktop\sidra\node_modules\ethers\src.ts\providers\provider-jsonrpc.ts:571:45)
    at process.processTicksAndRejections (node:internal/process/task_queues:104:5)
[31m[Nest] 181104  - [39m04/09/2026, 10:23:41 pm [31m  ERROR[39m [38;5;3m[BlockchainService] [39m[31mFailed to scan USDC on BASE blocks 46379854-46384854[39m
Error: could not coalesce error (error={ "code": -32016, "message": "over rate limit" }, payload={ "id": 11387, "jsonrpc": "2.0", "method": "eth_getBlockByNumber", "params": [ "0x2c3b355", true ] }, code=UNKNOWN_ERROR, version=6.17.0)
    at makeError (C:\Users\perum\OneDrive\Desktop\sidra\node_modules\ethers\src.ts\utils\errors.ts:698:21)
    at JsonRpcProvider.getRpcError (C:\Users\perum\OneDrive\Desktop\sidra\node_modules\ethers\src.ts\providers\provider-jsonrpc.ts:1086:25)
    at <anonymous> (C:\Users\perum\OneDrive\Desktop\sidra\node_modules\ethers\src.ts\providers\provider-jsonrpc.ts:571:45)
    at process.processTicksAndRejections (node:internal/process/task_queues:104:5)
[31m[Nest] 181104  - [39m04/09/2026, 10:23:41 pm [31m  ERROR[39m [38;5;3m[BlockchainService] [39m[31mFailed to scan USDC on BASE blocks 46379854-46384854[39m
Error: could not coalesce error (error={ "code": -32016, "message": "over rate limit" }, payload={ "id": 11387, "jsonrpc": "2.0", "method": "eth_getBlockByNumber", "params": [ "0x2c3b355", true ] }, code=UNKNOWN_ERROR, version=6.17.0)
    at makeError (C:\Users\perum\OneDrive\Desktop\sidra\node_modules\ethers\src.ts\utils\errors.ts:698:21)
    at JsonRpcProvider.getRpcError (C:\Users\perum\OneDrive\Desktop\sidra\node_modules\ethers\src.ts\providers\provider-jsonrpc.ts:1086:25)
    at <anonymous> (C:\Users\perum\OneDrive\Desktop\sidra\node_modules\ethers\src.ts\providers\provider-jsonrpc.ts:571:45)
    at process.processTicksAndRejections (node:internal/process/task_queues:104:5)
[31m[Nest] 181104  - [39m04/09/2026, 10:23:41 pm [31m  ERROR[39m [38;5;3m[BlockchainService] [39m[31mFailed to scan USDC on BASE blocks 46379854-46384854[39m
Error: could not coalesce error (error={ "code": -32016, "message": "over rate limit" }, payload={ "id": 11387, "jsonrpc": "2.0", "method": "eth_getBlockByNumber", "params": [ "0x2c3b355", true ] }, code=UNKNOWN_ERROR, version=6.17.0)
    at makeError (C:\Users\perum\OneDrive\Desktop\sidra\node_modules\ethers\src.ts\utils\errors.ts:698:21)
    at JsonRpcProvider.getRpcError (C:\Users\perum\OneDrive\Desktop\sidra\node_modules\ethers\src.ts\providers\provider-jsonrpc.ts:1086:25)
    at <anonymous> (C:\Users\perum\OneDrive\Desktop\sidra\node_modules\ethers\src.ts\providers\provider-jsonrpc.ts:571:45)
    at process.processTicksAndRejections (node:internal/process/task_queues:104:5)
[31m[Nest] 181104  - [39m04/09/2026, 10:23:41 pm [31m  ERROR[39m [38;5;3m[BlockchainService] [39m[31mFailed to scan USDC on BASE blocks 46379854-46384854[39m
Error: could not coalesce error (error={ "code": -32016, "message": "over rate limit" }, payload={ "id": 11387, "jsonrpc": "2.0", "method": "eth_getBlockByNumber", "params": [ "0x2c3b355", true ] }, code=UNKNOWN_ERROR, version=6.17.0)
    at makeError (C:\Users\perum\OneDrive\Desktop\sidra\node_modules\ethers\src.ts\utils\errors.ts:698:21)
    at JsonRpcProvider.getRpcError (C:\Users\perum\OneDrive\Desktop\sidra\node_modules\ethers\src.ts\providers\provider-jsonrpc.ts:1086:25)
    at <anonymous> (C:\Users\perum\OneDrive\Desktop\sidra\node_modules\ethers\src.ts\providers\provider-jsonrpc.ts:571:45)
    at process.processTicksAndRejections (node:internal/process/task_queues:104:5)
[31m[Nest] 181104  - [39m04/09/2026, 10:23:41 pm [31m  ERROR[39m [38;5;3m[BlockchainService] [39m[31mFailed to scan USDC on BASE blocks 46379854-46384854[39m
Error: could not coalesce error (error={ "code": -32016, "message": "over rate limit" }, payload={ "id": 11387, "jsonrpc": "2.0", "method": "eth_getBlockByNumber", "params": [ "0x2c3b355", true ] }, code=UNKNOWN_ERROR, version=6.17.0)
    at makeError (C:\Users\perum\OneDrive\Desktop\sidra\node_modules\ethers\src.ts\utils\errors.ts:698:21)
    at JsonRpcProvider.getRpcError (C:\Users\perum\OneDrive\Desktop\sidra\node_modules\ethers\src.ts\providers\provider-jsonrpc.ts:1086:25)
    at <anonymous> (C:\Users\perum\OneDrive\Desktop\sidra\node_modules\ethers\src.ts\providers\provider-jsonrpc.ts:571:45)
    at process.processTicksAndRejections (node:internal/process/task_queues:104:5)
[31m[Nest] 181104  - [39m04/09/2026, 10:23:41 pm [31m  ERROR[39m [38;5;3m[BlockchainService] [39m[31mFailed to scan USDC on BASE blocks 46379854-46384854[39m
Error: could not coalesce error (error={ "code": -32016, "message": "over rate limit" }, payload={ "id": 11387, "jsonrpc": "2.0", "method": "eth_getBlockByNumber", "params": [ "0x2c3b355", true ] }, code=UNKNOWN_ERROR, version=6.17.0)
    at makeError (C:\Users\perum\OneDrive\Desktop\sidra\node_modules\ethers\src.ts\utils\errors.ts:698:21)
    at JsonRpcProvider.getRpcError (C:\Users\perum\OneDrive\Desktop\sidra\node_modules\ethers\src.ts\providers\provider-jsonrpc.ts:1086:25)
    at <anonymous> (C:\Users\perum\OneDrive\Desktop\sidra\node_modules\ethers\src.ts\providers\provider-jsonrpc.ts:571:45)
    at process.processTicksAndRejections (node:internal/process/task_queues:104:5)
[31m[Nest] 181104  - [39m04/09/2026, 10:23:41 pm [31m  ERROR[39m [38;5;3m[BlockchainService] [39m[31mFailed to scan USDC on BASE blocks 46379869-46384869[39m
Error: could not coalesce error (error={ "code": -32016, "message": "over rate limit" }, payload={ "id": 11388, "jsonrpc": "2.0", "method": "eth_getBlockByNumber", "params": [ "0x2c3b364", true ] }, code=UNKNOWN_ERROR, version=6.17.0)
    at makeError (C:\Users\perum\OneDrive\Desktop\sidra\node_modules\ethers\src.ts\utils\errors.ts:698:21)
    at JsonRpcProvider.getRpcError (C:\Users\perum\OneDrive\Desktop\sidra\node_modules\ethers\src.ts\providers\provider-jsonrpc.ts:1086:25)
    at <anonymous> (C:\Users\perum\OneDrive\Desktop\sidra\node_modules\ethers\src.ts\providers\provider-jsonrpc.ts:571:45)
    at process.processTicksAndRejections (node:internal/process/task_queues:104:5)
[31m[Nest] 181104  - [39m04/09/2026, 10:23:41 pm [31m  ERROR[39m [38;5;3m[BlockchainService] [39m[31mFailed to scan USDC on BASE blocks 46379869-46384869[39m
Error: could not coalesce error (error={ "code": -32016, "message": "over rate limit" }, payload={ "id": 11388, "jsonrpc": "2.0", "method": "eth_getBlockByNumber", "params": [ "0x2c3b364", true ] }, code=UNKNOWN_ERROR, version=6.17.0)
    at makeError (C:\Users\perum\OneDrive\Desktop\sidra\node_modules\ethers\src.ts\utils\errors.ts:698:21)
    at JsonRpcProvider.getRpcError (C:\Users\perum\OneDrive\Desktop\sidra\node_modules\ethers\src.ts\providers\provider-jsonrpc.ts:1086:25)
    at <anonymous> (C:\Users\perum\OneDrive\Desktop\sidra\node_modules\ethers\src.ts\providers\provider-jsonrpc.ts:571:45)
    at process.processTicksAndRejections (node:internal/process/task_queues:104:5)
[31m[Nest] 181104  - [39m04/09/2026, 10:23:41 pm [31m  ERROR[39m [38;5;3m[BlockchainService] [39m[31mFailed to scan USDC on BASE blocks 46379869-46384869[39m
Error: could not coalesce error (error={ "code": -32016, "message": "over rate limit" }, payload={ "id": 11388, "jsonrpc": "2.0", "method": "eth_getBlockByNumber", "params": [ "0x2c3b364", true ] }, code=UNKNOWN_ERROR, version=6.17.0)
    at makeError (C:\Users\perum\OneDrive\Desktop\sidra\node_modules\ethers\src.ts\utils\errors.ts:698:21)
    at JsonRpcProvider.getRpcError (C:\Users\perum\OneDrive\Desktop\sidra\node_modules\ethers\src.ts\providers\provider-jsonrpc.ts:1086:25)
    at <anonymous> (C:\Users\perum\OneDrive\Desktop\sidra\node_modules\ethers\src.ts\providers\provider-jsonrpc.ts:571:45)
    at process.processTicksAndRejections (node:internal/process/task_queues:104:5)
[31m[Nest] 181104  - [39m04/09/2026, 10:23:41 pm [31m  ERROR[39m [38;5;3m[BlockchainService] [39m[31mFailed to scan USDC on BASE blocks 46379869-46384869[39m
Error: could not coalesce error (error={ "code": -32016, "message": "over rate limit" }, payload={ "id": 11388, "jsonrpc": "2.0", "method": "eth_getBlockByNumber", "params": [ "0x2c3b364", true ] }, code=UNKNOWN_ERROR, version=6.17.0)
    at makeError (C:\Users\perum\OneDrive\Desktop\sidra\node_modules\ethers\src.ts\utils\errors.ts:698:21)
    at JsonRpcProvider.getRpcError (C:\Users\perum\OneDrive\Desktop\sidra\node_modules\ethers\src.ts\providers\provider-jsonrpc.ts:1086:25)
    at <anonymous> (C:\Users\perum\OneDrive\Desktop\sidra\node_modules\ethers\src.ts\providers\provider-jsonrpc.ts:571:45)
    at process.processTicksAndRejections (node:internal/process/task_queues:104:5)
[31m[Nest] 181104  - [39m04/09/2026, 10:23:41 pm [31m  ERROR[39m [38;5;3m[BlockchainService] [39m[31mFailed to scan USDC on BASE blocks 46379869-46384869[39m
Error: could not coalesce error (error={ "code": -32016, "message": "over rate limit" }, payload={ "id": 11388, "jsonrpc": "2.0", "method": "eth_getBlockByNumber", "params": [ "0x2c3b364", true ] }, code=UNKNOWN_ERROR, version=6.17.0)
    at makeError (C:\Users\perum\OneDrive\Desktop\sidra\node_modules\ethers\src.ts\utils\errors.ts:698:21)
    at JsonRpcProvider.getRpcError (C:\Users\perum\OneDrive\Desktop\sidra\node_modules\ethers\src.ts\providers\provider-jsonrpc.ts:1086:25)
    at <anonymous> (C:\Users\perum\OneDrive\Desktop\sidra\node_modules\ethers\src.ts\providers\provider-jsonrpc.ts:571:45)
    at process.processTicksAndRejections (node:internal/process/task_queues:104:5)
[31m[Nest] 181104  - [39m04/09/2026, 10:23:41 pm [31m  ERROR[39m [38;5;3m[BlockchainService] [39m[31mFailed to scan USDC on BASE blocks 46379869-46384869[39m
Error: could not coalesce error (error={ "code": -32016, "message": "over rate limit" }, payload={ "id": 11388, "jsonrpc": "2.0", "method": "eth_getBlockByNumber", "params": [ "0x2c3b364", true ] }, code=UNKNOWN_ERROR, version=6.17.0)
    at makeError (C:\Users\perum\OneDrive\Desktop\sidra\node_modules\ethers\src.ts\utils\errors.ts:698:21)
    at JsonRpcProvider.getRpcError (C:\Users\perum\OneDrive\Desktop\sidra\node_modules\ethers\src.ts\providers\provider-jsonrpc.ts:1086:25)
    at <anonymous> (C:\Users\perum\OneDrive\Desktop\sidra\node_modules\ethers\src.ts\providers\provider-jsonrpc.ts:571:45)
    at process.processTicksAndRejections (node:internal/process/task_queues:104:5)
[31m[Nest] 181104  - [39m04/09/2026, 10:23:41 pm [31m  ERROR[39m [38;5;3m[BlockchainService] [39m[31mFailed to scan USDC on BASE blocks 46379869-46384869[39m
Error: could not coalesce error (error={ "code": -32016, "message": "over rate limit" }, payload={ "id": 11388, "jsonrpc": "2.0", "method": "eth_getBlockByNumber", "params": [ "0x2c3b364", true ] }, code=UNKNOWN_ERROR, version=6.17.0)
    at makeError (C:\Users\perum\OneDrive\Desktop\sidra\node_modules\ethers\src.ts\utils\errors.ts:698:21)
    at JsonRpcProvider.getRpcError (C:\Users\perum\OneDrive\Desktop\sidra\node_modules\ethers\src.ts\providers\provider-jsonrpc.ts:1086:25)
    at <anonymous> (C:\Users\perum\OneDrive\Desktop\sidra\node_modules\ethers\src.ts\providers\provider-jsonrpc.ts:571:45)
    at process.processTicksAndRejections (node:internal/process/task_queues:104:5)
[31m[Nest] 181104  - [39m04/09/2026, 10:23:41 pm [31m  ERROR[39m [38;5;3m[BlockchainService] [39m[31mFailed to scan USDC on BASE blocks 46379884-46384884[39m
Error: could not coalesce error (error={ "code": -32016, "message": "over rate limit" }, payload={ "id": 11389, "jsonrpc": "2.0", "method": "eth_getBlockByNumber", "params": [ "0x2c3b373", true ] }, code=UNKNOWN_ERROR, version=6.17.0)
    at makeError (C:\Users\perum\OneDrive\Desktop\sidra\node_modules\ethers\src.ts\utils\errors.ts:698:21)
    at JsonRpcProvider.getRpcError (C:\Users\perum\OneDrive\Desktop\sidra\node_modules\ethers\src.ts\providers\provider-jsonrpc.ts:1086:25)
    at <anonymous> (C:\Users\perum\OneDrive\Desktop\sidra\node_modules\ethers\src.ts\providers\provider-jsonrpc.ts:571:45)
    at process.processTicksAndRejections (node:internal/process/task_queues:104:5)
[31m[Nest] 181104  - [39m04/09/2026, 10:23:41 pm [31m  ERROR[39m [38;5;3m[BlockchainService] [39m[31mFailed to scan USDC on BASE blocks 46379884-46384884[39m
Error: could not coalesce error (error={ "code": -32016, "message": "over rate limit" }, payload={ "id": 11389, "jsonrpc": "2.0", "method": "eth_getBlockByNumber", "params": [ "0x2c3b373", true ] }, code=UNKNOWN_ERROR, version=6.17.0)
    at makeError (C:\Users\perum\OneDrive\Desktop\sidra\node_modules\ethers\src.ts\utils\errors.ts:698:21)
    at JsonRpcProvider.getRpcError (C:\Users\perum\OneDrive\Desktop\sidra\node_modules\ethers\src.ts\providers\provider-jsonrpc.ts:1086:25)
    at <anonymous> (C:\Users\perum\OneDrive\Desktop\sidra\node_modules\ethers\src.ts\providers\provider-jsonrpc.ts:571:45)
    at process.processTicksAndRejections (node:internal/process/task_queues:104:5)
[31m[Nest] 181104  - [39m04/09/2026, 10:23:41 pm [31m  ERROR[39m [38;5;3m[BlockchainService] [39m[31mFailed to scan USDC on BASE blocks 46379884-46384884[39m
Error: could not coalesce error (error={ "code": -32016, "message": "over rate limit" }, payload={ "id": 11389, "jsonrpc": "2.0", "method": "eth_getBlockByNumber", "params": [ "0x2c3b373", true ] }, code=UNKNOWN_ERROR, version=6.17.0)
    at makeError (C:\Users\perum\OneDrive\Desktop\sidra\node_modules\ethers\src.ts\utils\errors.ts:698:21)
    at JsonRpcProvider.getRpcError (C:\Users\perum\OneDrive\Desktop\sidra\node_modules\ethers\src.ts\providers\provider-jsonrpc.ts:1086:25)
    at <anonymous> (C:\Users\perum\OneDrive\Desktop\sidra\node_modules\ethers\src.ts\providers\provider-jsonrpc.ts:571:45)
    at process.processTicksAndRejections (node:internal/process/task_queues:104:5)
[31m[Nest] 181104  - [39m04/09/2026, 10:23:41 pm [31m  ERROR[39m [38;5;3m[BlockchainService] [39m[31mFailed to scan USDC on BASE blocks 46379884-46384884[39m
Error: could not coalesce error (error={ "code": -32016, "message": "over rate limit" }, payload={ "id": 11389, "jsonrpc": "2.0", "method": "eth_getBlockByNumber", "params": [ "0x2c3b373", true ] }, code=UNKNOWN_ERROR, version=6.17.0)
    at makeError (C:\Users\perum\OneDrive\Desktop\sidra\node_modules\ethers\src.ts\utils\errors.ts:698:21)
    at JsonRpcProvider.getRpcError (C:\Users\perum\OneDrive\Desktop\sidra\node_modules\ethers\src.ts\providers\provider-jsonrpc.ts:1086:25)
    at <anonymous> (C:\Users\perum\OneDrive\Desktop\sidra\node_modules\ethers\src.ts\providers\provider-jsonrpc.ts:571:45)
    at process.processTicksAndRejections (node:internal/process/task_queues:104:5)
[31m[Nest] 181104  - [39m04/09/2026, 10:23:41 pm [31m  ERROR[39m [38;5;3m[BlockchainService] [39m[31mFailed to scan USDC on BASE blocks 46379884-46384884[39m
Error: could not coalesce error (error={ "code": -32016, "message": "over rate limit" }, payload={ "id": 11389, "jsonrpc": "2.0", "method": "eth_getBlockByNumber", "params": [ "0x2c3b373", true ] }, code=UNKNOWN_ERROR, version=6.17.0)
    at makeError (C:\Users\perum\OneDrive\Desktop\sidra\node_modules\ethers\src.ts\utils\errors.ts:698:21)
    at JsonRpcProvider.getRpcError (C:\Users\perum\OneDrive\Desktop\sidra\node_modules\ethers\src.ts\providers\provider-jsonrpc.ts:1086:25)
    at <anonymous> (C:\Users\perum\OneDrive\Desktop\sidra\node_modules\ethers\src.ts\providers\provider-jsonrpc.ts:571:45)
    at process.processTicksAndRejections (node:internal/process/task_queues:104:5)
[31m[Nest] 181104  - [39m04/09/2026, 10:23:41 pm [31m  ERROR[39m [38;5;3m[BlockchainService] [39m[31mFailed to scan USDC on BASE blocks 46379884-46384884[39m
Error: could not coalesce error (error={ "code": -32016, "message": "over rate limit" }, payload={ "id": 11389, "jsonrpc": "2.0", "method": "eth_getBlockByNumber", "params": [ "0x2c3b373", true ] }, code=UNKNOWN_ERROR, version=6.17.0)
    at makeError (C:\Users\perum\OneDrive\Desktop\sidra\node_modules\ethers\src.ts\utils\errors.ts:698:21)
    at JsonRpcProvider.getRpcError (C:\Users\perum\OneDrive\Desktop\sidra\node_modules\ethers\src.ts\providers\provider-jsonrpc.ts:1086:25)
    at <anonymous> (C:\Users\perum\OneDrive\Desktop\sidra\node_modules\ethers\src.ts\providers\provider-jsonrpc.ts:571:45)
    at process.processTicksAndRejections (node:internal/process/task_queues:104:5)
[31m[Nest] 181104  - [39m04/09/2026, 10:23:41 pm [31m  ERROR[39m [38;5;3m[BlockchainService] [39m[31mFailed to scan USDC on BASE blocks 46379884-46384884[39m
Error: could not coalesce error (error={ "code": -32016, "message": "over rate limit" }, payload={ "id": 11389, "jsonrpc": "2.0", "method": "eth_getBlockByNumber", "params": [ "0x2c3b373", true ] }, code=UNKNOWN_ERROR, version=6.17.0)
    at makeError (C:\Users\perum\OneDrive\Desktop\sidra\node_modules\ethers\src.ts\utils\errors.ts:698:21)
    at JsonRpcProvider.getRpcError (C:\Users\perum\OneDrive\Desktop\sidra\node_modules\ethers\src.ts\providers\provider-jsonrpc.ts:1086:25)
    at <anonymous> (C:\Users\perum\OneDrive\Desktop\sidra\node_modules\ethers\src.ts\providers\provider-jsonrpc.ts:571:45)
    at process.processTicksAndRejections (node:internal/process/task_queues:104:5)
[31m[Nest] 181104  - [39m04/09/2026, 10:23:41 pm [31m  ERROR[39m [38;5;3m[BlockchainService] [39m[31mFailed to scan USDC on BASE blocks 46379899-46384899[39m
Error: could not coalesce error (error={ "code": -32016, "message": "over rate limit" }, payload={ "id": 11390, "jsonrpc": "2.0", "method": "eth_getBlockByNumber", "params": [ "0x2c3b383", true ] }, code=UNKNOWN_ERROR, version=6.17.0)
    at makeError (C:\Users\perum\OneDrive\Desktop\sidra\node_modules\ethers\src.ts\utils\errors.ts:698:21)
    at JsonRpcProvider.getRpcError (C:\Users\perum\OneDrive\Desktop\sidra\node_modules\ethers\src.ts\providers\provider-jsonrpc.ts:1086:25)
    at <anonymous> (C:\Users\perum\OneDrive\Desktop\sidra\node_modules\ethers\src.ts\providers\provider-jsonrpc.ts:571:45)
    at process.processTicksAndRejections (node:internal/process/task_queues:104:5)
[31m[Nest] 181104  - [39m04/09/2026, 10:23:41 pm [31m  ERROR[39m [38;5;3m[BlockchainService] [39m[31mFailed to scan USDC on BASE blocks 46379899-46384899[39m
Error: could not coalesce error (error={ "code": -32016, "message": "over rate limit" }, payload={ "id": 11390, "jsonrpc": "2.0", "method": "eth_getBlockByNumber", "params": [ "0x2c3b383", true ] }, code=UNKNOWN_ERROR, version=6.17.0)
    at makeError (C:\Users\perum\OneDrive\Desktop\sidra\node_modules\ethers\src.ts\utils\errors.ts:698:21)
    at JsonRpcProvider.getRpcError (C:\Users\perum\OneDrive\Desktop\sidra\node_modules\ethers\src.ts\providers\provider-jsonrpc.ts:1086:25)
    at <anonymous> (C:\Users\perum\OneDrive\Desktop\sidra\node_modules\ethers\src.ts\providers\provider-jsonrpc.ts:571:45)
    at process.processTicksAndRejections (node:internal/process/task_queues:104:5)
[31m[Nest] 181104  - [39m04/09/2026, 10:23:41 pm [31m  ERROR[39m [38;5;3m[BlockchainService] [39m[31mFailed to scan USDC on BASE blocks 46379899-46384899[39m
Error: could not coalesce error (error={ "code": -32016, "message": "over rate limit" }, payload={ "id": 11390, "jsonrpc": "2.0", "method": "eth_getBlockByNumber", "params": [ "0x2c3b383", true ] }, code=UNKNOWN_ERROR, version=6.17.0)
    at makeError (C:\Users\perum\OneDrive\Desktop\sidra\node_modules\ethers\src.ts\utils\errors.ts:698:21)
    at JsonRpcProvider.getRpcError (C:\Users\perum\OneDrive\Desktop\sidra\node_modules\ethers\src.ts\providers\provider-jsonrpc.ts:1086:25)
    at <anonymous> (C:\Users\perum\OneDrive\Desktop\sidra\node_modules\ethers\src.ts\providers\provider-jsonrpc.ts:571:45)
    at process.processTicksAndRejections (node:internal/process/task_queues:104:5)
[31m[Nest] 181104  - [39m04/09/2026, 10:23:41 pm [31m  ERROR[39m [38;5;3m[BlockchainService] [39m[31mFailed to scan USDC on BASE blocks 46379899-46384899[39m
Error: could not coalesce error (error={ "code": -32016, "message": "over rate limit" }, payload={ "id": 11390, "jsonrpc": "2.0", "method": "eth_getBlockByNumber", "params": [ "0x2c3b383", true ] }, code=UNKNOWN_ERROR, version=6.17.0)
    at makeError (C:\Users\perum\OneDrive\Desktop\sidra\node_modules\ethers\src.ts\utils\errors.ts:698:21)
    at JsonRpcProvider.getRpcError (C:\Users\perum\OneDrive\Desktop\sidra\node_modules\ethers\src.ts\providers\provider-jsonrpc.ts:1086:25)
    at <anonymous> (C:\Users\perum\OneDrive\Desktop\sidra\node_modules\ethers\src.ts\providers\provider-jsonrpc.ts:571:45)
    at process.processTicksAndRejections (node:internal/process/task_queues:104:5)
[31m[Nest] 181104  - [39m04/09/2026, 10:23:41 pm [31m  ERROR[39m [38;5;3m[BlockchainService] [39m[31mFailed to scan USDC on BASE blocks 46379899-46384899[39m
Error: could not coalesce error (error={ "code": -32016, "message": "over rate limit" }, payload={ "id": 11390, "jsonrpc": "2.0", "method": "eth_getBlockByNumber", "params": [ "0x2c3b383", true ] }, code=UNKNOWN_ERROR, version=6.17.0)
    at makeError (C:\Users\perum\OneDrive\Desktop\sidra\node_modules\ethers\src.ts\utils\errors.ts:698:21)
    at JsonRpcProvider.getRpcError (C:\Users\perum\OneDrive\Desktop\sidra\node_modules\ethers\src.ts\providers\provider-jsonrpc.ts:1086:25)
    at <anonymous> (C:\Users\perum\OneDrive\Desktop\sidra\node_modules\ethers\src.ts\providers\provider-jsonrpc.ts:571:45)
    at process.processTicksAndRejections (node:internal/process/task_queues:104:5)
[31m[Nest] 181104  - [39m04/09/2026, 10:23:41 pm [31m  ERROR[39m [38;5;3m[BlockchainService] [39m[31mFailed to scan USDC on BASE blocks 46379899-46384899[39m
Error: could not coalesce error (error={ "code": -32016, "message": "over rate limit" }, payload={ "id": 11390, "jsonrpc": "2.0", "method": "eth_getBlockByNumber", "params": [ "0x2c3b383", true ] }, code=UNKNOWN_ERROR, version=6.17.0)
    at makeError (C:\Users\perum\OneDrive\Desktop\sidra\node_modules\ethers\src.ts\utils\errors.ts:698:21)
    at JsonRpcProvider.getRpcError (C:\Users\perum\OneDrive\Desktop\sidra\node_modules\ethers\src.ts\providers\provider-jsonrpc.ts:1086:25)
    at <anonymous> (C:\Users\perum\OneDrive\Desktop\sidra\node_modules\ethers\src.ts\providers\provider-jsonrpc.ts:571:45)
    at process.processTicksAndRejections (node:internal/process/task_queues:104:5)
[31m[Nest] 181104  - [39m04/09/2026, 10:23:41 pm [31m  ERROR[39m [38;5;3m[BlockchainService] [39m[31mFailed to scan USDC on BASE blocks 46379899-46384899[39m
Error: could not coalesce error (error={ "code": -32016, "message": "over rate limit" }, payload={ "id": 11390, "jsonrpc": "2.0", "method": "eth_getBlockByNumber", "params": [ "0x2c3b383", true ] }, code=UNKNOWN_ERROR, version=6.17.0)
    at makeError (C:\Users\perum\OneDrive\Desktop\sidra\node_modules\ethers\src.ts\utils\errors.ts:698:21)
    at JsonRpcProvider.getRpcError (C:\Users\perum\OneDrive\Desktop\sidra\node_modules\ethers\src.ts\providers\provider-jsonrpc.ts:1086:25)
    at <anonymous> (C:\Users\perum\OneDrive\Desktop\sidra\node_modules\ethers\src.ts\providers\provider-jsonrpc.ts:571:45)
    at process.processTicksAndRejections (node:internal/process/task_queues:104:5)
[31m[Nest] 181104  - [39m04/09/2026, 10:23:41 pm [31m  ERROR[39m [38;5;3m[BlockchainService] [39m[31mFailed to scan USDC on BASE blocks 46379915-46384915[39m
Error: could not coalesce error (error={ "code": -32016, "message": "over rate limit" }, payload={ "id": 11391, "jsonrpc": "2.0", "method": "eth_getBlockByNumber", "params": [ "0x2c3b393", true ] }, code=UNKNOWN_ERROR, version=6.17.0)
    at makeError (C:\Users\perum\OneDrive\Desktop\sidra\node_modules\ethers\src.ts\utils\errors.ts:698:21)
    at JsonRpcProvider.getRpcError (C:\Users\perum\OneDrive\Desktop\sidra\node_modules\ethers\src.ts\providers\provider-jsonrpc.ts:1086:25)
    at <anonymous> (C:\Users\perum\OneDrive\Desktop\sidra\node_modules\ethers\src.ts\providers\provider-jsonrpc.ts:571:45)
    at process.processTicksAndRejections (node:internal/process/task_queues:104:5)
[31m[Nest] 181104  - [39m04/09/2026, 10:23:41 pm [31m  ERROR[39m [38;5;3m[BlockchainService] [39m[31mFailed to scan USDC on BASE blocks 46379915-46384915[39m
Error: could not coalesce error (error={ "code": -32016, "message": "over rate limit" }, payload={ "id": 11391, "jsonrpc": "2.0", "method": "eth_getBlockByNumber", "params": [ "0x2c3b393", true ] }, code=UNKNOWN_ERROR, version=6.17.0)
    at makeError (C:\Users\perum\OneDrive\Desktop\sidra\node_modules\ethers\src.ts\utils\errors.ts:698:21)
    at JsonRpcProvider.getRpcError (C:\Users\perum\OneDrive\Desktop\sidra\node_modules\ethers\src.ts\providers\provider-jsonrpc.ts:1086:25)
    at <anonymous> (C:\Users\perum\OneDrive\Desktop\sidra\node_modules\ethers\src.ts\providers\provider-jsonrpc.ts:571:45)
    at process.processTicksAndRejections (node:internal/process/task_queues:104:5)
[31m[Nest] 181104  - [39m04/09/2026, 10:23:41 pm [31m  ERROR[39m [38;5;3m[BlockchainService] [39m[31mFailed to scan USDC on BASE blocks 46379915-46384915[39m
Error: could not coalesce error (error={ "code": -32016, "message": "over rate limit" }, payload={ "id": 11391, "jsonrpc": "2.0", "method": "eth_getBlockByNumber", "params": [ "0x2c3b393", true ] }, code=UNKNOWN_ERROR, version=6.17.0)
    at makeError (C:\Users\perum\OneDrive\Desktop\sidra\node_modules\ethers\src.ts\utils\errors.ts:698:21)
    at JsonRpcProvider.getRpcError (C:\Users\perum\OneDrive\Desktop\sidra\node_modules\ethers\src.ts\providers\provider-jsonrpc.ts:1086:25)
    at <anonymous> (C:\Users\perum\OneDrive\Desktop\sidra\node_modules\ethers\src.ts\providers\provider-jsonrpc.ts:571:45)
    at process.processTicksAndRejections (node:internal/process/task_queues:104:5)
[31m[Nest] 181104  - [39m04/09/2026, 10:23:41 pm [31m  ERROR[39m [38;5;3m[BlockchainService] [39m[31mFailed to scan USDC on BASE blocks 46379915-46384915[39m
Error: could not coalesce error (error={ "code": -32016, "message": "over rate limit" }, payload={ "id": 11391, "jsonrpc": "2.0", "method": "eth_getBlockByNumber", "params": [ "0x2c3b393", true ] }, code=UNKNOWN_ERROR, version=6.17.0)
    at makeError (C:\Users\perum\OneDrive\Desktop\sidra\node_modules\ethers\src.ts\utils\errors.ts:698:21)
    at JsonRpcProvider.getRpcError (C:\Users\perum\OneDrive\Desktop\sidra\node_modules\ethers\src.ts\providers\provider-jsonrpc.ts:1086:25)
    at <anonymous> (C:\Users\perum\OneDrive\Desktop\sidra\node_modules\ethers\src.ts\providers\provider-jsonrpc.ts:571:45)
    at process.processTicksAndRejections (node:internal/process/task_queues:104:5)
[31m[Nest] 181104  - [39m04/09/2026, 10:23:41 pm [31m  ERROR[39m [38;5;3m[BlockchainService] [39m[31mFailed to scan USDC on BASE blocks 46379915-46384915[39m
Error: could not coalesce error (error={ "code": -32016, "message": "over rate limit" }, payload={ "id": 11391, "jsonrpc": "2.0", "method": "eth_getBlockByNumber", "params": [ "0x2c3b393", true ] }, code=UNKNOWN_ERROR, version=6.17.0)
    at makeError (C:\Users\perum\OneDrive\Desktop\sidra\node_modules\ethers\src.ts\utils\errors.ts:698:21)
    at JsonRpcProvider.getRpcError (C:\Users\perum\OneDrive\Desktop\sidra\node_modules\ethers\src.ts\providers\provider-jsonrpc.ts:1086:25)
    at <anonymous> (C:\Users\perum\OneDrive\Desktop\sidra\node_modules\ethers\src.ts\providers\provider-jsonrpc.ts:571:45)
    at process.processTicksAndRejections (node:internal/process/task_queues:104:5)
[31m[Nest] 181104  - [39m04/09/2026, 10:23:41 pm [31m  ERROR[39m [38;5;3m[BlockchainService] [39m[31mFailed to scan USDC on BASE blocks 46379915-46384915[39m
Error: could not coalesce error (error={ "code": -32016, "message": "over rate limit" }, payload={ "id": 11391, "jsonrpc": "2.0", "method": "eth_getBlockByNumber", "params": [ "0x2c3b393", true ] }, code=UNKNOWN_ERROR, version=6.17.0)
    at makeError (C:\Users\perum\OneDrive\Desktop\sidra\node_modules\ethers\src.ts\utils\errors.ts:698:21)
    at JsonRpcProvider.getRpcError (C:\Users\perum\OneDrive\Desktop\sidra\node_modules\ethers\src.ts\providers\provider-jsonrpc.ts:1086:25)
    at <anonymous> (C:\Users\perum\OneDrive\Desktop\sidra\node_modules\ethers\src.ts\providers\provider-jsonrpc.ts:571:45)
    at process.processTicksAndRejections (node:internal/process/task_queues:104:5)
[31m[Nest] 181104  - [39m04/09/2026, 10:23:41 pm [31m  ERROR[39m [38;5;3m[BlockchainService] [39m[31mFailed to scan USDC on BASE blocks 46379915-46384915[39m
Error: could not coalesce error (error={ "code": -32016, "message": "over rate limit" }, payload={ "id": 11391, "jsonrpc": "2.0", "method": "eth_getBlockByNumber", "params": [ "0x2c3b393", true ] }, code=UNKNOWN_ERROR, version=6.17.0)
    at makeError (C:\Users\perum\OneDrive\Desktop\sidra\node_modules\ethers\src.ts\utils\errors.ts:698:21)
    at JsonRpcProvider.getRpcError (C:\Users\perum\OneDrive\Desktop\sidra\node_modules\ethers\src.ts\providers\provider-jsonrpc.ts:1086:25)
    at <anonymous> (C:\Users\perum\OneDrive\Desktop\sidra\node_modules\ethers\src.ts\providers\provider-jsonrpc.ts:571:45)
    at process.processTicksAndRejections (node:internal/process/task_queues:104:5)
[31m[Nest] 181104  - [39m04/09/2026, 10:23:41 pm [31m  ERROR[39m [38;5;3m[BlockchainService] [39m[31mFailed to scan USDT on BASE blocks 46380573-46385573[39m
Error: could not coalesce error (error={ "code": -32016, "message": "over rate limit" }, payload={ "id": 11392, "jsonrpc": "2.0", "method": "eth_getBlockByNumber", "params": [ "0x2c3b625", true ] }, code=UNKNOWN_ERROR, version=6.17.0)
    at makeError (C:\Users\perum\OneDrive\Desktop\sidra\node_modules\ethers\src.ts\utils\errors.ts:698:21)
    at JsonRpcProvider.getRpcError (C:\Users\perum\OneDrive\Desktop\sidra\node_modules\ethers\src.ts\providers\provider-jsonrpc.ts:1086:25)
    at <anonymous> (C:\Users\perum\OneDrive\Desktop\sidra\node_modules\ethers\src.ts\providers\provider-jsonrpc.ts:571:45)
    at process.processTicksAndRejections (node:internal/process/task_queues:104:5)
[31m[Nest] 181104  - [39m04/09/2026, 10:23:41 pm [31m  ERROR[39m [38;5;3m[BlockchainService] [39m[31mFailed to scan USDT on BASE blocks 46380573-46385573[39m
Error: could not coalesce error (error={ "code": -32016, "message": "over rate limit" }, payload={ "id": 11392, "jsonrpc": "2.0", "method": "eth_getBlockByNumber", "params": [ "0x2c3b625", true ] }, code=UNKNOWN_ERROR, version=6.17.0)
    at makeError (C:\Users\perum\OneDrive\Desktop\sidra\node_modules\ethers\src.ts\utils\errors.ts:698:21)
    at JsonRpcProvider.getRpcError (C:\Users\perum\OneDrive\Desktop\sidra\node_modules\ethers\src.ts\providers\provider-jsonrpc.ts:1086:25)
    at <anonymous> (C:\Users\perum\OneDrive\Desktop\sidra\node_modules\ethers\src.ts\providers\provider-jsonrpc.ts:571:45)
    at process.processTicksAndRejections (node:internal/process/task_queues:104:5)
[31m[Nest] 181104  - [39m04/09/2026, 10:23:41 pm [31m  ERROR[39m [38;5;3m[BlockchainService] [39m[31mFailed to scan USDT on BASE blocks 46380573-46385573[39m
Error: could not coalesce error (error={ "code": -32016, "message": "over rate limit" }, payload={ "id": 11392, "jsonrpc": "2.0", "method": "eth_getBlockByNumber", "params": [ "0x2c3b625", true ] }, code=UNKNOWN_ERROR, version=6.17.0)
    at makeError (C:\Users\perum\OneDrive\Desktop\sidra\node_modules\ethers\src.ts\utils\errors.ts:698:21)
    at JsonRpcProvider.getRpcError (C:\Users\perum\OneDrive\Desktop\sidra\node_modules\ethers\src.ts\providers\provider-jsonrpc.ts:1086:25)
    at <anonymous> (C:\Users\perum\OneDrive\Desktop\sidra\node_modules\ethers\src.ts\providers\provider-jsonrpc.ts:571:45)
    at process.processTicksAndRejections (node:internal/process/task_queues:104:5)
[31m[Nest] 181104  - [39m04/09/2026, 10:23:41 pm [31m  ERROR[39m [38;5;3m[BlockchainService] [39m[31mFailed to scan USDT on BASE blocks 46380573-46385573[39m
Error: could not coalesce error (error={ "code": -32016, "message": "over rate limit" }, payload={ "id": 11392, "jsonrpc": "2.0", "method": "eth_getBlockByNumber", "params": [ "0x2c3b625", true ] }, code=UNKNOWN_ERROR, version=6.17.0)
    at makeError (C:\Users\perum\OneDrive\Desktop\sidra\node_modules\ethers\src.ts\utils\errors.ts:698:21)
    at JsonRpcProvider.getRpcError (C:\Users\perum\OneDrive\Desktop\sidra\node_modules\ethers\src.ts\providers\provider-jsonrpc.ts:1086:25)
    at <anonymous> (C:\Users\perum\OneDrive\Desktop\sidra\node_modules\ethers\src.ts\providers\provider-jsonrpc.ts:571:45)
    at process.processTicksAndRejections (node:internal/process/task_queues:104:5)
[31m[Nest] 181104  - [39m04/09/2026, 10:23:41 pm [31m  ERROR[39m [38;5;3m[BlockchainService] [39m[31mFailed to scan USDT on BASE blocks 46380573-46385573[39m
Error: could not coalesce error (error={ "code": -32016, "message": "over rate limit" }, payload={ "id": 11392, "jsonrpc": "2.0", "method": "eth_getBlockByNumber", "params": [ "0x2c3b625", true ] }, code=UNKNOWN_ERROR, version=6.17.0)
    at makeError (C:\Users\perum\OneDrive\Desktop\sidra\node_modules\ethers\src.ts\utils\errors.ts:698:21)
    at JsonRpcProvider.getRpcError (C:\Users\perum\OneDrive\Desktop\sidra\node_modules\ethers\src.ts\providers\provider-jsonrpc.ts:1086:25)
    at <anonymous> (C:\Users\perum\OneDrive\Desktop\sidra\node_modules\ethers\src.ts\providers\provider-jsonrpc.ts:571:45)
    at process.processTicksAndRejections (node:internal/process/task_queues:104:5)
[31m[Nest] 181104  - [39m04/09/2026, 10:23:41 pm [31m  ERROR[39m [38;5;3m[BlockchainService] [39m[31mFailed to scan USDT on BASE blocks 46380573-46385573[39m
Error: could not coalesce error (error={ "code": -32016, "message": "over rate limit" }, payload={ "id": 11392, "jsonrpc": "2.0", "method": "eth_getBlockByNumber", "params": [ "0x2c3b625", true ] }, code=UNKNOWN_ERROR, version=6.17.0)
    at makeError (C:\Users\perum\OneDrive\Desktop\sidra\node_modules\ethers\src.ts\utils\errors.ts:698:21)
    at JsonRpcProvider.getRpcError (C:\Users\perum\OneDrive\Desktop\sidra\node_modules\ethers\src.ts\providers\provider-jsonrpc.ts:1086:25)
    at <anonymous> (C:\Users\perum\OneDrive\Desktop\sidra\node_modules\ethers\src.ts\providers\provider-jsonrpc.ts:571:45)
    at process.processTicksAndRejections (node:internal/process/task_queues:104:5)
[31m[Nest] 181104  - [39m04/09/2026, 10:23:41 pm [31m  ERROR[39m [38;5;3m[BlockchainService] [39m[31mFailed to scan USDT on BASE blocks 46380573-46385573[39m
Error: could not coalesce error (error={ "code": -32016, "message": "over rate limit" }, payload={ "id": 11392, "jsonrpc": "2.0", "method": "eth_getBlockByNumber", "params": [ "0x2c3b625", true ] }, code=UNKNOWN_ERROR, version=6.17.0)
    at makeError (C:\Users\perum\OneDrive\Desktop\sidra\node_modules\ethers\src.ts\utils\errors.ts:698:21)
    at JsonRpcProvider.getRpcError (C:\Users\perum\OneDrive\Desktop\sidra\node_modules\ethers\src.ts\providers\provider-jsonrpc.ts:1086:25)
    at <anonymous> (C:\Users\perum\OneDrive\Desktop\sidra\node_modules\ethers\src.ts\providers\provider-jsonrpc.ts:571:45)
    at process.processTicksAndRejections (node:internal/process/task_queues:104:5)
[31m[Nest] 181104  - [39m04/09/2026, 10:23:41 pm [31m  ERROR[39m [38;5;3m[BlockchainService] [39m[31mFailed to scan USDT on BASE blocks 46380603-46385603[39m
Error: could not coalesce error (error={ "code": -32016, "message": "over rate limit" }, payload={ "id": 11393, "jsonrpc": "2.0", "method": "eth_getBlockByNumber", "params": [ "0x2c3b644", true ] }, code=UNKNOWN_ERROR, version=6.17.0)
    at makeError (C:\Users\perum\OneDrive\Desktop\sidra\node_modules\ethers\src.ts\utils\errors.ts:698:21)
    at JsonRpcProvider.getRpcError (C:\Users\perum\OneDrive\Desktop\sidra\node_modules\ethers\src.ts\providers\provider-jsonrpc.ts:1086:25)
    at <anonymous> (C:\Users\perum\OneDrive\Desktop\sidra\node_modules\ethers\src.ts\providers\provider-jsonrpc.ts:571:45)
    at process.processTicksAndRejections (node:internal/process/task_queues:104:5)
[31m[Nest] 181104  - [39m04/09/2026, 10:23:41 pm [31m  ERROR[39m [38;5;3m[BlockchainService] [39m[31mFailed to scan USDT on BASE blocks 46380603-46385603[39m
Error: could not coalesce error (error={ "code": -32016, "message": "over rate limit" }, payload={ "id": 11393, "jsonrpc": "2.0", "method": "eth_getBlockByNumber", "params": [ "0x2c3b644", true ] }, code=UNKNOWN_ERROR, version=6.17.0)
    at makeError (C:\Users\perum\OneDrive\Desktop\sidra\node_modules\ethers\src.ts\utils\errors.ts:698:21)
    at JsonRpcProvider.getRpcError (C:\Users\perum\OneDrive\Desktop\sidra\node_modules\ethers\src.ts\providers\provider-jsonrpc.ts:1086:25)
    at <anonymous> (C:\Users\perum\OneDrive\Desktop\sidra\node_modules\ethers\src.ts\providers\provider-jsonrpc.ts:571:45)
    at process.processTicksAndRejections (node:internal/process/task_queues:104:5)
[31m[Nest] 181104  - [39m04/09/2026, 10:23:41 pm [31m  ERROR[39m [38;5;3m[BlockchainService] [39m[31mFailed to scan USDT on BASE blocks 46380603-46385603[39m
Error: could not coalesce error (error={ "code": -32016, "message": "over rate limit" }, payload={ "id": 11393, "jsonrpc": "2.0", "method": "eth_getBlockByNumber", "params": [ "0x2c3b644", true ] }, code=UNKNOWN_ERROR, version=6.17.0)
    at makeError (C:\Users\perum\OneDrive\Desktop\sidra\node_modules\ethers\src.ts\utils\errors.ts:698:21)
    at JsonRpcProvider.getRpcError (C:\Users\perum\OneDrive\Desktop\sidra\node_modules\ethers\src.ts\providers\provider-jsonrpc.ts:1086:25)
    at <anonymous> (C:\Users\perum\OneDrive\Desktop\sidra\node_modules\ethers\src.ts\providers\provider-jsonrpc.ts:571:45)
    at process.processTicksAndRejections (node:internal/process/task_queues:104:5)
[31m[Nest] 181104  - [39m04/09/2026, 10:23:41 pm [31m  ERROR[39m [38;5;3m[BlockchainService] [39m[31mFailed to scan USDT on BASE blocks 46380603-46385603[39m
Error: could not coalesce error (error={ "code": -32016, "message": "over rate limit" }, payload={ "id": 11393, "jsonrpc": "2.0", "method": "eth_getBlockByNumber", "params": [ "0x2c3b644", true ] }, code=UNKNOWN_ERROR, version=6.17.0)
    at makeError (C:\Users\perum\OneDrive\Desktop\sidra\node_modules\ethers\src.ts\utils\errors.ts:698:21)
    at JsonRpcProvider.getRpcError (C:\Users\perum\OneDrive\Desktop\sidra\node_modules\ethers\src.ts\providers\provider-jsonrpc.ts:1086:25)
    at <anonymous> (C:\Users\perum\OneDrive\Desktop\sidra\node_modules\ethers\src.ts\providers\provider-jsonrpc.ts:571:45)
    at process.processTicksAndRejections (node:internal/process/task_queues:104:5)
[31m[Nest] 181104  - [39m04/09/2026, 10:23:41 pm [31m  ERROR[39m [38;5;3m[BlockchainService] [39m[31mFailed to scan USDT on BASE blocks 46380603-46385603[39m
Error: could not coalesce error (error={ "code": -32016, "message": "over rate limit" }, payload={ "id": 11393, "jsonrpc": "2.0", "method": "eth_getBlockByNumber", "params": [ "0x2c3b644", true ] }, code=UNKNOWN_ERROR, version=6.17.0)
    at makeError (C:\Users\perum\OneDrive\Desktop\sidra\node_modules\ethers\src.ts\utils\errors.ts:698:21)
    at JsonRpcProvider.getRpcError (C:\Users\perum\OneDrive\Desktop\sidra\node_modules\ethers\src.ts\providers\provider-jsonrpc.ts:1086:25)
    at <anonymous> (C:\Users\perum\OneDrive\Desktop\sidra\node_modules\ethers\src.ts\providers\provider-jsonrpc.ts:571:45)
    at process.processTicksAndRejections (node:internal/process/task_queues:104:5)
[31m[Nest] 181104  - [39m04/09/2026, 10:23:41 pm [31m  ERROR[39m [38;5;3m[BlockchainService] [39m[31mFailed to scan USDT on BASE blocks 46380603-46385603[39m
Error: could not coalesce error (error={ "code": -32016, "message": "over rate limit" }, payload={ "id": 11393, "jsonrpc": "2.0", "method": "eth_getBlockByNumber", "params": [ "0x2c3b644", true ] }, code=UNKNOWN_ERROR, version=6.17.0)
    at makeError (C:\Users\perum\OneDrive\Desktop\sidra\node_modules\ethers\src.ts\utils\errors.ts:698:21)
    at JsonRpcProvider.getRpcError (C:\Users\perum\OneDrive\Desktop\sidra\node_modules\ethers\src.ts\providers\provider-jsonrpc.ts:1086:25)
    at <anonymous> (C:\Users\perum\OneDrive\Desktop\sidra\node_modules\ethers\src.ts\providers\provider-jsonrpc.ts:571:45)
    at process.processTicksAndRejections (node:internal/process/task_queues:104:5)
[31m[Nest] 181104  - [39m04/09/2026, 10:23:41 pm [31m  ERROR[39m [38;5;3m[BlockchainService] [39m[31mFailed to scan USDT on BASE blocks 46380603-46385603[39m
Error: could not coalesce error (error={ "code": -32016, "message": "over rate limit" }, payload={ "id": 11393, "jsonrpc": "2.0", "method": "eth_getBlockByNumber", "params": [ "0x2c3b644", true ] }, code=UNKNOWN_ERROR, version=6.17.0)
    at makeError (C:\Users\perum\OneDrive\Desktop\sidra\node_modules\ethers\src.ts\utils\errors.ts:698:21)
    at JsonRpcProvider.getRpcError (C:\Users\perum\OneDrive\Desktop\sidra\node_modules\ethers\src.ts\providers\provider-jsonrpc.ts:1086:25)
    at <anonymous> (C:\Users\perum\OneDrive\Desktop\sidra\node_modules\ethers\src.ts\providers\provider-jsonrpc.ts:571:45)
    at process.processTicksAndRejections (node:internal/process/task_queues:104:5)
[31m[Nest] 181104  - [39m04/09/2026, 10:23:44 pm [31m  ERROR[39m [38;5;3m[BlockchainService] [39m[31mFailed to scan USDC on BASE blocks 46379824-46384824[39m
Error: could not coalesce error (error={ "code": -32016, "message": "over rate limit" }, payload={ "id": 11434, "jsonrpc": "2.0", "method": "eth_getBlockByNumber", "params": [ "0x2c3b337", true ] }, code=UNKNOWN_ERROR, version=6.17.0)
    at makeError (C:\Users\perum\OneDrive\Desktop\sidra\node_modules\ethers\src.ts\utils\errors.ts:698:21)
    at JsonRpcProvider.getRpcError (C:\Users\perum\OneDrive\Desktop\sidra\node_modules\ethers\src.ts\providers\provider-jsonrpc.ts:1086:25)
    at <anonymous> (C:\Users\perum\OneDrive\Desktop\sidra\node_modules\ethers\src.ts\providers\provider-jsonrpc.ts:571:45)
    at process.processTicksAndRejections (node:internal/process/task_queues:104:5)
[31m[Nest] 181104  - [39m04/09/2026, 10:23:44 pm [31m  ERROR[39m [38;5;3m[BlockchainService] [39m[31mFailed to scan USDC on BASE blocks 46379824-46384824[39m
Error: could not coalesce error (error={ "code": -32016, "message": "over rate limit" }, payload={ "id": 11434, "jsonrpc": "2.0", "method": "eth_getBlockByNumber", "params": [ "0x2c3b337", true ] }, code=UNKNOWN_ERROR, version=6.17.0)
    at makeError (C:\Users\perum\OneDrive\Desktop\sidra\node_modules\ethers\src.ts\utils\errors.ts:698:21)
    at JsonRpcProvider.getRpcError (C:\Users\perum\OneDrive\Desktop\sidra\node_modules\ethers\src.ts\providers\provider-jsonrpc.ts:1086:25)
    at <anonymous> (C:\Users\perum\OneDrive\Desktop\sidra\node_modules\ethers\src.ts\providers\provider-jsonrpc.ts:571:45)
    at process.processTicksAndRejections (node:internal/process/task_queues:104:5)
[31m[Nest] 181104  - [39m04/09/2026, 10:23:44 pm [31m  ERROR[39m [38;5;3m[BlockchainService] [39m[31mFailed to scan USDC on BASE blocks 46379824-46384824[39m
Error: could not coalesce error (error={ "code": -32016, "message": "over rate limit" }, payload={ "id": 11434, "jsonrpc": "2.0", "method": "eth_getBlockByNumber", "params": [ "0x2c3b337", true ] }, code=UNKNOWN_ERROR, version=6.17.0)
    at makeError (C:\Users\perum\OneDrive\Desktop\sidra\node_modules\ethers\src.ts\utils\errors.ts:698:21)
    at JsonRpcProvider.getRpcError (C:\Users\perum\OneDrive\Desktop\sidra\node_modules\ethers\src.ts\providers\provider-jsonrpc.ts:1086:25)
    at <anonymous> (C:\Users\perum\OneDrive\Desktop\sidra\node_modules\ethers\src.ts\providers\provider-jsonrpc.ts:571:45)
    at process.processTicksAndRejections (node:internal/process/task_queues:104:5)
[31m[Nest] 181104  - [39m04/09/2026, 10:23:44 pm [31m  ERROR[39m [38;5;3m[BlockchainService] [39m[31mFailed to scan USDC on BASE blocks 46379824-46384824[39m
Error: could not coalesce error (error={ "code": -32016, "message": "over rate limit" }, payload={ "id": 11434, "jsonrpc": "2.0", "method": "eth_getBlockByNumber", "params": [ "0x2c3b337", true ] }, code=UNKNOWN_ERROR, version=6.17.0)
    at makeError (C:\Users\perum\OneDrive\Desktop\sidra\node_modules\ethers\src.ts\utils\errors.ts:698:21)
    at JsonRpcProvider.getRpcError (C:\Users\perum\OneDrive\Desktop\sidra\node_modules\ethers\src.ts\providers\provider-jsonrpc.ts:1086:25)
    at <anonymous> (C:\Users\perum\OneDrive\Desktop\sidra\node_modules\ethers\src.ts\providers\provider-jsonrpc.ts:571:45)
    at process.processTicksAndRejections (node:internal/process/task_queues:104:5)
[31m[Nest] 181104  - [39m04/09/2026, 10:23:44 pm [31m  ERROR[39m [38;5;3m[BlockchainService] [39m[31mFailed to scan USDC on BASE blocks 46379824-46384824[39m
Error: could not coalesce error (error={ "code": -32016, "message": "over rate limit" }, payload={ "id": 11434, "jsonrpc": "2.0", "method": "eth_getBlockByNumber", "params": [ "0x2c3b337", true ] }, code=UNKNOWN_ERROR, version=6.17.0)
    at makeError (C:\Users\perum\OneDrive\Desktop\sidra\node_modules\ethers\src.ts\utils\errors.ts:698:21)
    at JsonRpcProvider.getRpcError (C:\Users\perum\OneDrive\Desktop\sidra\node_modules\ethers\src.ts\providers\provider-jsonrpc.ts:1086:25)
    at <anonymous> (C:\Users\perum\OneDrive\Desktop\sidra\node_modules\ethers\src.ts\providers\provider-jsonrpc.ts:571:45)
    at process.processTicksAndRejections (node:internal/process/task_queues:104:5)
[31m[Nest] 181104  - [39m04/09/2026, 10:23:44 pm [31m  ERROR[39m [38;5;3m[BlockchainService] [39m[31mFailed to scan USDC on BASE blocks 46379824-46384824[39m
Error: could not coalesce error (error={ "code": -32016, "message": "over rate limit" }, payload={ "id": 11434, "jsonrpc": "2.0", "method": "eth_getBlockByNumber", "params": [ "0x2c3b337", true ] }, code=UNKNOWN_ERROR, version=6.17.0)
    at makeError (C:\Users\perum\OneDrive\Desktop\sidra\node_modules\ethers\src.ts\utils\errors.ts:698:21)
    at JsonRpcProvider.getRpcError (C:\Users\perum\OneDrive\Desktop\sidra\node_modules\ethers\src.ts\providers\provider-jsonrpc.ts:1086:25)
    at <anonymous> (C:\Users\perum\OneDrive\Desktop\sidra\node_modules\ethers\src.ts\providers\provider-jsonrpc.ts:571:45)
    at process.processTicksAndRejections (node:internal/process/task_queues:104:5)
[31m[Nest] 181104  - [39m04/09/2026, 10:23:44 pm [31m  ERROR[39m [38;5;3m[BlockchainService] [39m[31mFailed to scan USDC on BASE blocks 46379824-46384824[39m
Error: could not coalesce error (error={ "code": -32016, "message": "over rate limit" }, payload={ "id": 11434, "jsonrpc": "2.0", "method": "eth_getBlockByNumber", "params": [ "0x2c3b337", true ] }, code=UNKNOWN_ERROR, version=6.17.0)
    at makeError (C:\Users\perum\OneDrive\Desktop\sidra\node_modules\ethers\src.ts\utils\errors.ts:698:21)
    at JsonRpcProvider.getRpcError (C:\Users\perum\OneDrive\Desktop\sidra\node_modules\ethers\src.ts\providers\provider-jsonrpc.ts:1086:25)
    at <anonymous> (C:\Users\perum\OneDrive\Desktop\sidra\node_modules\ethers\src.ts\providers\provider-jsonrpc.ts:571:45)
    at process.processTicksAndRejections (node:internal/process/task_queues:104:5)
[31m[Nest] 181104  - [39m04/09/2026, 10:23:44 pm [31m  ERROR[39m [38;5;3m[BlockchainService] [39m[31mFailed to scan USDC on BASE blocks 46379839-46384839[39m
Error: could not coalesce error (error={ "code": -32016, "message": "over rate limit" }, payload={ "id": 11435, "jsonrpc": "2.0", "method": "eth_getBlockByNumber", "params": [ "0x2c3b346", true ] }, code=UNKNOWN_ERROR, version=6.17.0)
    at makeError (C:\Users\perum\OneDrive\Desktop\sidra\node_modules\ethers\src.ts\utils\errors.ts:698:21)
    at JsonRpcProvider.getRpcError (C:\Users\perum\OneDrive\Desktop\sidra\node_modules\ethers\src.ts\providers\provider-jsonrpc.ts:1086:25)
    at <anonymous> (C:\Users\perum\OneDrive\Desktop\sidra\node_modules\ethers\src.ts\providers\provider-jsonrpc.ts:571:45)
    at process.processTicksAndRejections (node:internal/process/task_queues:104:5)
[31m[Nest] 181104  - [39m04/09/2026, 10:23:44 pm [31m  ERROR[39m [38;5;3m[BlockchainService] [39m[31mFailed to scan USDC on BASE blocks 46379839-46384839[39m
Error: could not coalesce error (error={ "code": -32016, "message": "over rate limit" }, payload={ "id": 11435, "jsonrpc": "2.0", "method": "eth_getBlockByNumber", "params": [ "0x2c3b346", true ] }, code=UNKNOWN_ERROR, version=6.17.0)
    at makeError (C:\Users\perum\OneDrive\Desktop\sidra\node_modules\ethers\src.ts\utils\errors.ts:698:21)
    at JsonRpcProvider.getRpcError (C:\Users\perum\OneDrive\Desktop\sidra\node_modules\ethers\src.ts\providers\provider-jsonrpc.ts:1086:25)
    at <anonymous> (C:\Users\perum\OneDrive\Desktop\sidra\node_modules\ethers\src.ts\providers\provider-jsonrpc.ts:571:45)
    at process.processTicksAndRejections (node:internal/process/task_queues:104:5)
[31m[Nest] 181104  - [39m04/09/2026, 10:23:44 pm [31m  ERROR[39m [38;5;3m[BlockchainService] [39m[31mFailed to scan USDC on BASE blocks 46379839-46384839[39m
Error: could not coalesce error (error={ "code": -32016, "message": "over rate limit" }, payload={ "id": 11435, "jsonrpc": "2.0", "method": "eth_getBlockByNumber", "params": [ "0x2c3b346", true ] }, code=UNKNOWN_ERROR, version=6.17.0)
    at makeError (C:\Users\perum\OneDrive\Desktop\sidra\node_modules\ethers\src.ts\utils\errors.ts:698:21)
    at JsonRpcProvider.getRpcError (C:\Users\perum\OneDrive\Desktop\sidra\node_modules\ethers\src.ts\providers\provider-jsonrpc.ts:1086:25)
    at <anonymous> (C:\Users\perum\OneDrive\Desktop\sidra\node_modules\ethers\src.ts\providers\provider-jsonrpc.ts:571:45)
    at process.processTicksAndRejections (node:internal/process/task_queues:104:5)
[31m[Nest] 181104  - [39m04/09/2026, 10:23:44 pm [31m  ERROR[39m [38;5;3m[BlockchainService] [39m[31mFailed to scan USDC on BASE blocks 46379839-46384839[39m
Error: could not coalesce error (error={ "code": -32016, "message": "over rate limit" }, payload={ "id": 11435, "jsonrpc": "2.0", "method": "eth_getBlockByNumber", "params": [ "0x2c3b346", true ] }, code=UNKNOWN_ERROR, version=6.17.0)
    at makeError (C:\Users\perum\OneDrive\Desktop\sidra\node_modules\ethers\src.ts\utils\errors.ts:698:21)
    at JsonRpcProvider.getRpcError (C:\Users\perum\OneDrive\Desktop\sidra\node_modules\ethers\src.ts\providers\provider-jsonrpc.ts:1086:25)
    at <anonymous> (C:\Users\perum\OneDrive\Desktop\sidra\node_modules\ethers\src.ts\providers\provider-jsonrpc.ts:571:45)
    at process.processTicksAndRejections (node:internal/process/task_queues:104:5)
[31m[Nest] 181104  - [39m04/09/2026, 10:23:44 pm [31m  ERROR[39m [38;5;3m[BlockchainService] [39m[31mFailed to scan USDC on BASE blocks 46379839-46384839[39m
Error: could not coalesce error (error={ "code": -32016, "message": "over rate limit" }, payload={ "id": 11435, "jsonrpc": "2.0", "method": "eth_getBlockByNumber", "params": [ "0x2c3b346", true ] }, code=UNKNOWN_ERROR, version=6.17.0)
    at makeError (C:\Users\perum\OneDrive\Desktop\sidra\node_modules\ethers\src.ts\utils\errors.ts:698:21)
    at JsonRpcProvider.getRpcError (C:\Users\perum\OneDrive\Desktop\sidra\node_modules\ethers\src.ts\providers\provider-jsonrpc.ts:1086:25)
    at <anonymous> (C:\Users\perum\OneDrive\Desktop\sidra\node_modules\ethers\src.ts\providers\provider-jsonrpc.ts:571:45)
    at process.processTicksAndRejections (node:internal/process/task_queues:104:5)
[31m[Nest] 181104  - [39m04/09/2026, 10:23:44 pm [31m  ERROR[39m [38;5;3m[BlockchainService] [39m[31mFailed to scan USDC on BASE blocks 46379839-46384839[39m
Error: could not coalesce error (error={ "code": -32016, "message": "over rate limit" }, payload={ "id": 11435, "jsonrpc": "2.0", "method": "eth_getBlockByNumber", "params": [ "0x2c3b346", true ] }, code=UNKNOWN_ERROR, version=6.17.0)
    at makeError (C:\Users\perum\OneDrive\Desktop\sidra\node_modules\ethers\src.ts\utils\errors.ts:698:21)
    at JsonRpcProvider.getRpcError (C:\Users\perum\OneDrive\Desktop\sidra\node_modules\ethers\src.ts\providers\provider-jsonrpc.ts:1086:25)
    at <anonymous> (C:\Users\perum\OneDrive\Desktop\sidra\node_modules\ethers\src.ts\providers\provider-jsonrpc.ts:571:45)
    at process.processTicksAndRejections (node:internal/process/task_queues:104:5)
[31m[Nest] 181104  - [39m04/09/2026, 10:23:44 pm [31m  ERROR[39m [38;5;3m[BlockchainService] [39m[31mFailed to scan USDC on BASE blocks 46379839-46384839[39m
Error: could not coalesce error (error={ "code": -32016, "message": "over rate limit" }, payload={ "id": 11435, "jsonrpc": "2.0", "method": "eth_getBlockByNumber", "params": [ "0x2c3b346", true ] }, code=UNKNOWN_ERROR, version=6.17.0)
    at makeError (C:\Users\perum\OneDrive\Desktop\sidra\node_modules\ethers\src.ts\utils\errors.ts:698:21)
    at JsonRpcProvider.getRpcError (C:\Users\perum\OneDrive\Desktop\sidra\node_modules\ethers\src.ts\providers\provider-jsonrpc.ts:1086:25)
    at <anonymous> (C:\Users\perum\OneDrive\Desktop\sidra\node_modules\ethers\src.ts\providers\provider-jsonrpc.ts:571:45)
    at process.processTicksAndRejections (node:internal/process/task_queues:104:5)
[31m[Nest] 181104  - [39m04/09/2026, 10:24:10 pm [31m  ERROR[39m [38;5;3m[DepositsService] [39m[31mDeposit poller error on BASE[39m
Error: could not coalesce error (error={ "code": -32016, "message": "over rate limit" }, payload={ "id": 11636, "jsonrpc": "2.0", "method": "eth_blockNumber", "params": [  ] }, code=UNKNOWN_ERROR, version=6.17.0)
    at makeError (C:\Users\perum\OneDrive\Desktop\sidra\node_modules\ethers\src.ts\utils\errors.ts:698:21)
    at JsonRpcProvider.getRpcError (C:\Users\perum\OneDrive\Desktop\sidra\node_modules\ethers\src.ts\providers\provider-jsonrpc.ts:1086:25)
    at <anonymous> (C:\Users\perum\OneDrive\Desktop\sidra\node_modules\ethers\src.ts\providers\provider-jsonrpc.ts:571:45)
    at process.processTicksAndRejections (node:internal/process/task_queues:104:5)
[31m[Nest] 181104  - [39m04/09/2026, 10:25:11 pm [31m  ERROR[39m [38;5;3m[BlockchainService] [39m[31mFailed to scan USDC on BASE blocks 46379809-46384809[39m
Error: could not coalesce error (error={ "code": -32016, "message": "over rate limit" }, payload={ "id": 12158, "jsonrpc": "2.0", "method": "eth_getBlockByNumber", "params": [ "0x2c3b33a", true ] }, code=UNKNOWN_ERROR, version=6.17.0)
    at makeError (C:\Users\perum\OneDrive\Desktop\sidra\node_modules\ethers\src.ts\utils\errors.ts:698:21)
    at JsonRpcProvider.getRpcError (C:\Users\perum\OneDrive\Desktop\sidra\node_modules\ethers\src.ts\providers\provider-jsonrpc.ts:1086:25)
    at <anonymous> (C:\Users\perum\OneDrive\Desktop\sidra\node_modules\ethers\src.ts\providers\provider-jsonrpc.ts:571:45)
    at process.processTicksAndRejections (node:internal/process/task_queues:104:5)
[31m[Nest] 181104  - [39m04/09/2026, 10:25:11 pm [31m  ERROR[39m [38;5;3m[BlockchainService] [39m[31mFailed to scan USDC on BASE blocks 46379809-46384809[39m
Error: could not coalesce error (error={ "code": -32016, "message": "over rate limit" }, payload={ "id": 12158, "jsonrpc": "2.0", "method": "eth_getBlockByNumber", "params": [ "0x2c3b33a", true ] }, code=UNKNOWN_ERROR, version=6.17.0)
    at makeError (C:\Users\perum\OneDrive\Desktop\sidra\node_modules\ethers\src.ts\utils\errors.ts:698:21)
    at JsonRpcProvider.getRpcError (C:\Users\perum\OneDrive\Desktop\sidra\node_modules\ethers\src.ts\providers\provider-jsonrpc.ts:1086:25)
    at <anonymous> (C:\Users\perum\OneDrive\Desktop\sidra\node_modules\ethers\src.ts\providers\provider-jsonrpc.ts:571:45)
    at process.processTicksAndRejections (node:internal/process/task_queues:104:5)
[31m[Nest] 181104  - [39m04/09/2026, 10:25:11 pm [31m  ERROR[39m [38;5;3m[BlockchainService] [39m[31mFailed to scan USDC on BASE blocks 46379809-46384809[39m
Error: could not coalesce error (error={ "code": -32016, "message": "over rate limit" }, payload={ "id": 12158, "jsonrpc": "2.0", "method": "eth_getBlockByNumber", "params": [ "0x2c3b33a", true ] }, code=UNKNOWN_ERROR, version=6.17.0)
    at makeError (C:\Users\perum\OneDrive\Desktop\sidra\node_modules\ethers\src.ts\utils\errors.ts:698:21)
    at JsonRpcProvider.getRpcError (C:\Users\perum\OneDrive\Desktop\sidra\node_modules\ethers\src.ts\providers\provider-jsonrpc.ts:1086:25)
    at <anonymous> (C:\Users\perum\OneDrive\Desktop\sidra\node_modules\ethers\src.ts\providers\provider-jsonrpc.ts:571:45)
    at process.processTicksAndRejections (node:internal/process/task_queues:104:5)
[31m[Nest] 181104  - [39m04/09/2026, 10:25:11 pm [31m  ERROR[39m [38;5;3m[BlockchainService] [39m[31mFailed to scan USDC on BASE blocks 46379809-46384809[39m
Error: could not coalesce error (error={ "code": -32016, "message": "over rate limit" }, payload={ "id": 12158, "jsonrpc": "2.0", "method": "eth_getBlockByNumber", "params": [ "0x2c3b33a", true ] }, code=UNKNOWN_ERROR, version=6.17.0)
    at makeError (C:\Users\perum\OneDrive\Desktop\sidra\node_modules\ethers\src.ts\utils\errors.ts:698:21)
    at JsonRpcProvider.getRpcError (C:\Users\perum\OneDrive\Desktop\sidra\node_modules\ethers\src.ts\providers\provider-jsonrpc.ts:1086:25)
    at <anonymous> (C:\Users\perum\OneDrive\Desktop\sidra\node_modules\ethers\src.ts\providers\provider-jsonrpc.ts:571:45)
    at process.processTicksAndRejections (node:internal/process/task_queues:104:5)
[31m[Nest] 181104  - [39m04/09/2026, 10:25:11 pm [31m  ERROR[39m [38;5;3m[BlockchainService] [39m[31mFailed to scan USDC on BASE blocks 46379809-46384809[39m
Error: could not coalesce error (error={ "code": -32016, "message": "over rate limit" }, payload={ "id": 12158, "jsonrpc": "2.0", "method": "eth_getBlockByNumber", "params": [ "0x2c3b33a", true ] }, code=UNKNOWN_ERROR, version=6.17.0)
    at makeError (C:\Users\perum\OneDrive\Desktop\sidra\node_modules\ethers\src.ts\utils\errors.ts:698:21)
    at JsonRpcProvider.getRpcError (C:\Users\perum\OneDrive\Desktop\sidra\node_modules\ethers\src.ts\providers\provider-jsonrpc.ts:1086:25)
    at <anonymous> (C:\Users\perum\OneDrive\Desktop\sidra\node_modules\ethers\src.ts\providers\provider-jsonrpc.ts:571:45)
    at process.processTicksAndRejections (node:internal/process/task_queues:104:5)
[31m[Nest] 181104  - [39m04/09/2026, 10:25:11 pm [31m  ERROR[39m [38;5;3m[BlockchainService] [39m[31mFailed to scan USDC on BASE blocks 46379809-46384809[39m
Error: could not coalesce error (error={ "code": -32016, "message": "over rate limit" }, payload={ "id": 12158, "jsonrpc": "2.0", "method": "eth_getBlockByNumber", "params": [ "0x2c3b33a", true ] }, code=UNKNOWN_ERROR, version=6.17.0)
    at makeError (C:\Users\perum\OneDrive\Desktop\sidra\node_modules\ethers\src.ts\utils\errors.ts:698:21)
    at JsonRpcProvider.getRpcError (C:\Users\perum\OneDrive\Desktop\sidra\node_modules\ethers\src.ts\providers\provider-jsonrpc.ts:1086:25)
    at <anonymous> (C:\Users\perum\OneDrive\Desktop\sidra\node_modules\ethers\src.ts\providers\provider-jsonrpc.ts:571:45)
    at process.processTicksAndRejections (node:internal/process/task_queues:104:5)
[31m[Nest] 181104  - [39m04/09/2026, 10:25:11 pm [31m  ERROR[39m [38;5;3m[BlockchainService] [39m[31mFailed to scan USDC on BASE blocks 46379809-46384809[39m
Error: could not coalesce error (error={ "code": -32016, "message": "over rate limit" }, payload={ "id": 12158, "jsonrpc": "2.0", "method": "eth_getBlockByNumber", "params": [ "0x2c3b33a", true ] }, code=UNKNOWN_ERROR, version=6.17.0)
    at makeError (C:\Users\perum\OneDrive\Desktop\sidra\node_modules\ethers\src.ts\utils\errors.ts:698:21)
    at JsonRpcProvider.getRpcError (C:\Users\perum\OneDrive\Desktop\sidra\node_modules\ethers\src.ts\providers\provider-jsonrpc.ts:1086:25)
    at <anonymous> (C:\Users\perum\OneDrive\Desktop\sidra\node_modules\ethers\src.ts\providers\provider-jsonrpc.ts:571:45)
    at process.processTicksAndRejections (node:internal/process/task_queues:104:5)
[31m[Nest] 181104  - [39m04/09/2026, 10:25:12 pm [31m  ERROR[39m [38;5;3m[DepositsService] [39m[31mDeposit poller error on BASE[39m
Error: could not coalesce error (error={ "code": -32016, "message": "over rate limit" }, payload={ "id": 12200, "jsonrpc": "2.0", "method": "eth_blockNumber", "params": [  ] }, code=UNKNOWN_ERROR, version=6.17.0)
    at makeError (C:\Users\perum\OneDrive\Desktop\sidra\node_modules\ethers\src.ts\utils\errors.ts:698:21)
    at JsonRpcProvider.getRpcError (C:\Users\perum\OneDrive\Desktop\sidra\node_modules\ethers\src.ts\providers\provider-jsonrpc.ts:1086:25)
    at <anonymous> (C:\Users\perum\OneDrive\Desktop\sidra\node_modules\ethers\src.ts\providers\provider-jsonrpc.ts:571:45)
    at process.processTicksAndRejections (node:internal/process/task_queues:104:5)
[31m[Nest] 181104  - [39m04/09/2026, 10:25:45 pm [31m  ERROR[39m [38;5;3m[DepositsService] [39m[31mDeposit poller error on BASE[39m
Error: could not coalesce error (error={ "code": -32016, "message": "over rate limit" }, payload={ "id": 12601, "jsonrpc": "2.0", "method": "eth_blockNumber", "params": [  ] }, code=UNKNOWN_ERROR, version=6.17.0)
    at makeError (C:\Users\perum\OneDrive\Desktop\sidra\node_modules\ethers\src.ts\utils\errors.ts:698:21)
    at JsonRpcProvider.getRpcError (C:\Users\perum\OneDrive\Desktop\sidra\node_modules\ethers\src.ts\providers\provider-jsonrpc.ts:1086:25)
    at <anonymous> (C:\Users\perum\OneDrive\Desktop\sidra\node_modules\ethers\src.ts\providers\provider-jsonrpc.ts:571:45)
    at process.processTicksAndRejections (node:internal/process/task_queues:104:5)
[31m[Nest] 181104  - [39m04/09/2026, 10:26:17 pm [31m  ERROR[39m [38;5;3m[DepositsService] [39m[31mDeposit poller error on BASE[39m
Error: could not coalesce error (error={ "code": -32016, "message": "over rate limit" }, payload={ "id": 12802, "jsonrpc": "2.0", "method": "eth_blockNumber", "params": [  ] }, code=UNKNOWN_ERROR, version=6.17.0)
    at makeError (C:\Users\perum\OneDrive\Desktop\sidra\node_modules\ethers\src.ts\utils\errors.ts:698:21)
    at JsonRpcProvider.getRpcError (C:\Users\perum\OneDrive\Desktop\sidra\node_modules\ethers\src.ts\providers\provider-jsonrpc.ts:1086:25)
    at <anonymous> (C:\Users\perum\OneDrive\Desktop\sidra\node_modules\ethers\src.ts\providers\provider-jsonrpc.ts:571:45)
    at process.processTicksAndRejections (node:internal/process/task_queues:104:5)
[31m[Nest] 181104  - [39m04/09/2026, 10:26:47 pm [31m  ERROR[39m [38;5;3m[DepositsService] [39m[31mDeposit poller error on BASE[39m
Error: could not coalesce error (error={ "code": -32016, "message": "over rate limit" }, payload={ "id": 13163, "jsonrpc": "2.0", "method": "eth_blockNumber", "params": [  ] }, code=UNKNOWN_ERROR, version=6.17.0)
    at makeError (C:\Users\perum\OneDrive\Desktop\sidra\node_modules\ethers\src.ts\utils\errors.ts:698:21)
    at JsonRpcProvider.getRpcError (C:\Users\perum\OneDrive\Desktop\sidra\node_modules\ethers\src.ts\providers\provider-jsonrpc.ts:1086:25)
    at <anonymous> (C:\Users\perum\OneDrive\Desktop\sidra\node_modules\ethers\src.ts\providers\provider-jsonrpc.ts:571:45)
    at process.processTicksAndRejections (node:internal/process/task_queues:104:5)
[31m[Nest] 181104  - [39m04/09/2026, 10:27:41 pm [31m  ERROR[39m [38;5;3m[BlockchainService] [39m[31mFailed to scan ETH on BASE blocks 46384809-46386373[39m
Error: could not coalesce error (error={ "code": -32016, "message": "over rate limit" }, payload={ "id": 13525, "jsonrpc": "2.0", "method": "eth_getBlockByNumber", "params": [ "0x2c3c6a9", true ] }, code=UNKNOWN_ERROR, version=6.17.0)
    at makeError (C:\Users\perum\OneDrive\Desktop\sidra\node_modules\ethers\src.ts\utils\errors.ts:698:21)
    at JsonRpcProvider.getRpcError (C:\Users\perum\OneDrive\Desktop\sidra\node_modules\ethers\src.ts\providers\provider-jsonrpc.ts:1086:25)
    at <anonymous> (C:\Users\perum\OneDrive\Desktop\sidra\node_modules\ethers\src.ts\providers\provider-jsonrpc.ts:571:45)
    at process.processTicksAndRejections (node:internal/process/task_queues:104:5)
[31m[Nest] 181104  - [39m04/09/2026, 10:27:41 pm [31m  ERROR[39m [38;5;3m[BlockchainService] [39m[31mFailed to scan ETH on BASE blocks 46384809-46386373[39m
Error: could not coalesce error (error={ "code": -32016, "message": "over rate limit" }, payload={ "id": 13525, "jsonrpc": "2.0", "method": "eth_getBlockByNumber", "params": [ "0x2c3c6a9", true ] }, code=UNKNOWN_ERROR, version=6.17.0)
    at makeError (C:\Users\perum\OneDrive\Desktop\sidra\node_modules\ethers\src.ts\utils\errors.ts:698:21)
    at JsonRpcProvider.getRpcError (C:\Users\perum\OneDrive\Desktop\sidra\node_modules\ethers\src.ts\providers\provider-jsonrpc.ts:1086:25)
    at <anonymous> (C:\Users\perum\OneDrive\Desktop\sidra\node_modules\ethers\src.ts\providers\provider-jsonrpc.ts:571:45)
    at process.processTicksAndRejections (node:internal/process/task_queues:104:5)
[31m[Nest] 181104  - [39m04/09/2026, 10:27:41 pm [31m  ERROR[39m [38;5;3m[BlockchainService] [39m[31mFailed to scan ETH on BASE blocks 46384809-46386373[39m
Error: could not coalesce error (error={ "code": -32016, "message": "over rate limit" }, payload={ "id": 13525, "jsonrpc": "2.0", "method": "eth_getBlockByNumber", "params": [ "0x2c3c6a9", true ] }, code=UNKNOWN_ERROR, version=6.17.0)
    at makeError (C:\Users\perum\OneDrive\Desktop\sidra\node_modules\ethers\src.ts\utils\errors.ts:698:21)
    at JsonRpcProvider.getRpcError (C:\Users\perum\OneDrive\Desktop\sidra\node_modules\ethers\src.ts\providers\provider-jsonrpc.ts:1086:25)
    at <anonymous> (C:\Users\perum\OneDrive\Desktop\sidra\node_modules\ethers\src.ts\providers\provider-jsonrpc.ts:571:45)
    at process.processTicksAndRejections (node:internal/process/task_queues:104:5)
[31m[Nest] 181104  - [39m04/09/2026, 10:27:41 pm [31m  ERROR[39m [38;5;3m[BlockchainService] [39m[31mFailed to scan ETH on BASE blocks 46384809-46386373[39m
Error: could not coalesce error (error={ "code": -32016, "message": "over rate limit" }, payload={ "id": 13525, "jsonrpc": "2.0", "method": "eth_getBlockByNumber", "params": [ "0x2c3c6a9", true ] }, code=UNKNOWN_ERROR, version=6.17.0)
    at makeError (C:\Users\perum\OneDrive\Desktop\sidra\node_modules\ethers\src.ts\utils\errors.ts:698:21)
    at JsonRpcProvider.getRpcError (C:\Users\perum\OneDrive\Desktop\sidra\node_modules\ethers\src.ts\providers\provider-jsonrpc.ts:1086:25)
    at <anonymous> (C:\Users\perum\OneDrive\Desktop\sidra\node_modules\ethers\src.ts\providers\provider-jsonrpc.ts:571:45)
    at process.processTicksAndRejections (node:internal/process/task_queues:104:5)
[31m[Nest] 181104  - [39m04/09/2026, 10:27:41 pm [31m  ERROR[39m [38;5;3m[BlockchainService] [39m[31mFailed to scan ETH on BASE blocks 46384809-46386373[39m
Error: could not coalesce error (error={ "code": -32016, "message": "over rate limit" }, payload={ "id": 13525, "jsonrpc": "2.0", "method": "eth_getBlockByNumber", "params": [ "0x2c3c6a9", true ] }, code=UNKNOWN_ERROR, version=6.17.0)
    at makeError (C:\Users\perum\OneDrive\Desktop\sidra\node_modules\ethers\src.ts\utils\errors.ts:698:21)
    at JsonRpcProvider.getRpcError (C:\Users\perum\OneDrive\Desktop\sidra\node_modules\ethers\src.ts\providers\provider-jsonrpc.ts:1086:25)
    at <anonymous> (C:\Users\perum\OneDrive\Desktop\sidra\node_modules\ethers\src.ts\providers\provider-jsonrpc.ts:571:45)
    at process.processTicksAndRejections (node:internal/process/task_queues:104:5)
[31m[Nest] 181104  - [39m04/09/2026, 10:27:41 pm [31m  ERROR[39m [38;5;3m[BlockchainService] [39m[31mFailed to scan ETH on BASE blocks 46384809-46386373[39m
Error: could not coalesce error (error={ "code": -32016, "message": "over rate limit" }, payload={ "id": 13525, "jsonrpc": "2.0", "method": "eth_getBlockByNumber", "params": [ "0x2c3c6a9", true ] }, code=UNKNOWN_ERROR, version=6.17.0)
    at makeError (C:\Users\perum\OneDrive\Desktop\sidra\node_modules\ethers\src.ts\utils\errors.ts:698:21)
    at JsonRpcProvider.getRpcError (C:\Users\perum\OneDrive\Desktop\sidra\node_modules\ethers\src.ts\providers\provider-jsonrpc.ts:1086:25)
    at <anonymous> (C:\Users\perum\OneDrive\Desktop\sidra\node_modules\ethers\src.ts\providers\provider-jsonrpc.ts:571:45)
    at process.processTicksAndRejections (node:internal/process/task_queues:104:5)
[31m[Nest] 181104  - [39m04/09/2026, 10:27:41 pm [31m  ERROR[39m [38;5;3m[BlockchainService] [39m[31mFailed to scan ETH on BASE blocks 46384809-46386373[39m
Error: could not coalesce error (error={ "code": -32016, "message": "over rate limit" }, payload={ "id": 13525, "jsonrpc": "2.0", "method": "eth_getBlockByNumber", "params": [ "0x2c3c6a9", true ] }, code=UNKNOWN_ERROR, version=6.17.0)
    at makeError (C:\Users\perum\OneDrive\Desktop\sidra\node_modules\ethers\src.ts\utils\errors.ts:698:21)
    at JsonRpcProvider.getRpcError (C:\Users\perum\OneDrive\Desktop\sidra\node_modules\ethers\src.ts\providers\provider-jsonrpc.ts:1086:25)
    at <anonymous> (C:\Users\perum\OneDrive\Desktop\sidra\node_modules\ethers\src.ts\providers\provider-jsonrpc.ts:571:45)
    at process.processTicksAndRejections (node:internal/process/task_queues:104:5)
[31m[Nest] 181104  - [39m04/09/2026, 10:27:44 pm [31m  ERROR[39m [38;5;3m[BlockchainService] [39m[31mFailed to scan ETH on BASE blocks 46384839-46386297[39m
Error: could not coalesce error (error={ "code": -32016, "message": "over rate limit" }, payload={ "id": 13566, "jsonrpc": "2.0", "method": "eth_getBlockByNumber", "params": [ "0x2c3c6eb", true ] }, code=UNKNOWN_ERROR, version=6.17.0)
    at makeError (C:\Users\perum\OneDrive\Desktop\sidra\node_modules\ethers\src.ts\utils\errors.ts:698:21)
    at JsonRpcProvider.getRpcError (C:\Users\perum\OneDrive\Desktop\sidra\node_modules\ethers\src.ts\providers\provider-jsonrpc.ts:1086:25)
    at <anonymous> (C:\Users\perum\OneDrive\Desktop\sidra\node_modules\ethers\src.ts\providers\provider-jsonrpc.ts:571:45)
    at process.processTicksAndRejections (node:internal/process/task_queues:104:5)
[31m[Nest] 181104  - [39m04/09/2026, 10:27:44 pm [31m  ERROR[39m [38;5;3m[BlockchainService] [39m[31mFailed to scan ETH on BASE blocks 46384839-46386297[39m
Error: could not coalesce error (error={ "code": -32016, "message": "over rate limit" }, payload={ "id": 13566, "jsonrpc": "2.0", "method": "eth_getBlockByNumber", "params": [ "0x2c3c6eb", true ] }, code=UNKNOWN_ERROR, version=6.17.0)
    at makeError (C:\Users\perum\OneDrive\Desktop\sidra\node_modules\ethers\src.ts\utils\errors.ts:698:21)
    at JsonRpcProvider.getRpcError (C:\Users\perum\OneDrive\Desktop\sidra\node_modules\ethers\src.ts\providers\provider-jsonrpc.ts:1086:25)
    at <anonymous> (C:\Users\perum\OneDrive\Desktop\sidra\node_modules\ethers\src.ts\providers\provider-jsonrpc.ts:571:45)
    at process.processTicksAndRejections (node:internal/process/task_queues:104:5)
[31m[Nest] 181104  - [39m04/09/2026, 10:27:44 pm [31m  ERROR[39m [38;5;3m[BlockchainService] [39m[31mFailed to scan ETH on BASE blocks 46384839-46386297[39m
Error: could not coalesce error (error={ "code": -32016, "message": "over rate limit" }, payload={ "id": 13566, "jsonrpc": "2.0", "method": "eth_getBlockByNumber", "params": [ "0x2c3c6eb", true ] }, code=UNKNOWN_ERROR, version=6.17.0)
    at makeError (C:\Users\perum\OneDrive\Desktop\sidra\node_modules\ethers\src.ts\utils\errors.ts:698:21)
    at JsonRpcProvider.getRpcError (C:\Users\perum\OneDrive\Desktop\sidra\node_modules\ethers\src.ts\providers\provider-jsonrpc.ts:1086:25)
    at <anonymous> (C:\Users\perum\OneDrive\Desktop\sidra\node_modules\ethers\src.ts\providers\provider-jsonrpc.ts:571:45)
    at process.processTicksAndRejections (node:internal/process/task_queues:104:5)
[31m[Nest] 181104  - [39m04/09/2026, 10:27:44 pm [31m  ERROR[39m [38;5;3m[BlockchainService] [39m[31mFailed to scan ETH on BASE blocks 46384839-46386297[39m
Error: could not coalesce error (error={ "code": -32016, "message": "over rate limit" }, payload={ "id": 13566, "jsonrpc": "2.0", "method": "eth_getBlockByNumber", "params": [ "0x2c3c6eb", true ] }, code=UNKNOWN_ERROR, version=6.17.0)
    at makeError (C:\Users\perum\OneDrive\Desktop\sidra\node_modules\ethers\src.ts\utils\errors.ts:698:21)
    at JsonRpcProvider.getRpcError (C:\Users\perum\OneDrive\Desktop\sidra\node_modules\ethers\src.ts\providers\provider-jsonrpc.ts:1086:25)
    at <anonymous> (C:\Users\perum\OneDrive\Desktop\sidra\node_modules\ethers\src.ts\providers\provider-jsonrpc.ts:571:45)
    at process.processTicksAndRejections (node:internal/process/task_queues:104:5)
[31m[Nest] 181104  - [39m04/09/2026, 10:27:44 pm [31m  ERROR[39m [38;5;3m[BlockchainService] [39m[31mFailed to scan ETH on BASE blocks 46384839-46386297[39m
Error: could not coalesce error (error={ "code": -32016, "message": "over rate limit" }, payload={ "id": 13566, "jsonrpc": "2.0", "method": "eth_getBlockByNumber", "params": [ "0x2c3c6eb", true ] }, code=UNKNOWN_ERROR, version=6.17.0)
    at makeError (C:\Users\perum\OneDrive\Desktop\sidra\node_modules\ethers\src.ts\utils\errors.ts:698:21)
    at JsonRpcProvider.getRpcError (C:\Users\perum\OneDrive\Desktop\sidra\node_modules\ethers\src.ts\providers\provider-jsonrpc.ts:1086:25)
    at <anonymous> (C:\Users\perum\OneDrive\Desktop\sidra\node_modules\ethers\src.ts\providers\provider-jsonrpc.ts:571:45)
    at process.processTicksAndRejections (node:internal/process/task_queues:104:5)
[31m[Nest] 181104  - [39m04/09/2026, 10:27:44 pm [31m  ERROR[39m [38;5;3m[BlockchainService] [39m[31mFailed to scan ETH on BASE blocks 46384839-46386297[39m
Error: could not coalesce error (error={ "code": -32016, "message": "over rate limit" }, payload={ "id": 13566, "jsonrpc": "2.0", "method": "eth_getBlockByNumber", "params": [ "0x2c3c6eb", true ] }, code=UNKNOWN_ERROR, version=6.17.0)
    at makeError (C:\Users\perum\OneDrive\Desktop\sidra\node_modules\ethers\src.ts\utils\errors.ts:698:21)
    at JsonRpcProvider.getRpcError (C:\Users\perum\OneDrive\Desktop\sidra\node_modules\ethers\src.ts\providers\provider-jsonrpc.ts:1086:25)
    at <anonymous> (C:\Users\perum\OneDrive\Desktop\sidra\node_modules\ethers\src.ts\providers\provider-jsonrpc.ts:571:45)
    at process.processTicksAndRejections (node:internal/process/task_queues:104:5)
[31m[Nest] 181104  - [39m04/09/2026, 10:27:44 pm [31m  ERROR[39m [38;5;3m[BlockchainService] [39m[31mFailed to scan ETH on BASE blocks 46384839-46386297[39m
Error: could not coalesce error (error={ "code": -32016, "message": "over rate limit" }, payload={ "id": 13566, "jsonrpc": "2.0", "method": "eth_getBlockByNumber", "params": [ "0x2c3c6eb", true ] }, code=UNKNOWN_ERROR, version=6.17.0)
    at makeError (C:\Users\perum\OneDrive\Desktop\sidra\node_modules\ethers\src.ts\utils\errors.ts:698:21)
    at JsonRpcProvider.getRpcError (C:\Users\perum\OneDrive\Desktop\sidra\node_modules\ethers\src.ts\providers\provider-jsonrpc.ts:1086:25)
    at <anonymous> (C:\Users\perum\OneDrive\Desktop\sidra\node_modules\ethers\src.ts\providers\provider-jsonrpc.ts:571:45)
    at process.processTicksAndRejections (node:internal/process/task_queues:104:5)
[31m[Nest] 181104  - [39m04/09/2026, 10:27:47 pm [31m  ERROR[39m [38;5;3m[BlockchainService] [39m[31mFailed to scan USDC on BASE blocks 46379794-46384794[39m
Error: could not coalesce error (error={ "code": -32016, "message": "over rate limit" }, payload={ "id": 13607, "jsonrpc": "2.0", "method": "eth_getBlockByNumber", "params": [ "0x2c3b34e", true ] }, code=UNKNOWN_ERROR, version=6.17.0)
    at makeError (C:\Users\perum\OneDrive\Desktop\sidra\node_modules\ethers\src.ts\utils\errors.ts:698:21)
    at JsonRpcProvider.getRpcError (C:\Users\perum\OneDrive\Desktop\sidra\node_modules\ethers\src.ts\providers\provider-jsonrpc.ts:1086:25)
    at <anonymous> (C:\Users\perum\OneDrive\Desktop\sidra\node_modules\ethers\src.ts\providers\provider-jsonrpc.ts:571:45)
    at process.processTicksAndRejections (node:internal/process/task_queues:104:5)
[31m[Nest] 181104  - [39m04/09/2026, 10:27:47 pm [31m  ERROR[39m [38;5;3m[BlockchainService] [39m[31mFailed to scan USDC on BASE blocks 46379794-46384794[39m
Error: could not coalesce error (error={ "code": -32016, "message": "over rate limit" }, payload={ "id": 13607, "jsonrpc": "2.0", "method": "eth_getBlockByNumber", "params": [ "0x2c3b34e", true ] }, code=UNKNOWN_ERROR, version=6.17.0)
    at makeError (C:\Users\perum\OneDrive\Desktop\sidra\node_modules\ethers\src.ts\utils\errors.ts:698:21)
    at JsonRpcProvider.getRpcError (C:\Users\perum\OneDrive\Desktop\sidra\node_modules\ethers\src.ts\providers\provider-jsonrpc.ts:1086:25)
    at <anonymous> (C:\Users\perum\OneDrive\Desktop\sidra\node_modules\ethers\src.ts\providers\provider-jsonrpc.ts:571:45)
    at process.processTicksAndRejections (node:internal/process/task_queues:104:5)
[31m[Nest] 181104  - [39m04/09/2026, 10:27:47 pm [31m  ERROR[39m [38;5;3m[BlockchainService] [39m[31mFailed to scan USDC on BASE blocks 46379794-46384794[39m
Error: could not coalesce error (error={ "code": -32016, "message": "over rate limit" }, payload={ "id": 13607, "jsonrpc": "2.0", "method": "eth_getBlockByNumber", "params": [ "0x2c3b34e", true ] }, code=UNKNOWN_ERROR, version=6.17.0)
    at makeError (C:\Users\perum\OneDrive\Desktop\sidra\node_modules\ethers\src.ts\utils\errors.ts:698:21)
    at JsonRpcProvider.getRpcError (C:\Users\perum\OneDrive\Desktop\sidra\node_modules\ethers\src.ts\providers\provider-jsonrpc.ts:1086:25)
    at <anonymous> (C:\Users\perum\OneDrive\Desktop\sidra\node_modules\ethers\src.ts\providers\provider-jsonrpc.ts:571:45)
    at process.processTicksAndRejections (node:internal/process/task_queues:104:5)
[31m[Nest] 181104  - [39m04/09/2026, 10:27:47 pm [31m  ERROR[39m [38;5;3m[BlockchainService] [39m[31mFailed to scan USDC on BASE blocks 46379794-46384794[39m
Error: could not coalesce error (error={ "code": -32016, "message": "over rate limit" }, payload={ "id": 13607, "jsonrpc": "2.0", "method": "eth_getBlockByNumber", "params": [ "0x2c3b34e", true ] }, code=UNKNOWN_ERROR, version=6.17.0)
    at makeError (C:\Users\perum\OneDrive\Desktop\sidra\node_modules\ethers\src.ts\utils\errors.ts:698:21)
    at JsonRpcProvider.getRpcError (C:\Users\perum\OneDrive\Desktop\sidra\node_modules\ethers\src.ts\providers\provider-jsonrpc.ts:1086:25)
    at <anonymous> (C:\Users\perum\OneDrive\Desktop\sidra\node_modules\ethers\src.ts\providers\provider-jsonrpc.ts:571:45)
    at process.processTicksAndRejections (node:internal/process/task_queues:104:5)
[31m[Nest] 181104  - [39m04/09/2026, 10:27:47 pm [31m  ERROR[39m [38;5;3m[BlockchainService] [39m[31mFailed to scan USDC on BASE blocks 46379794-46384794[39m
Error: could not coalesce error (error={ "code": -32016, "message": "over rate limit" }, payload={ "id": 13607, "jsonrpc": "2.0", "method": "eth_getBlockByNumber", "params": [ "0x2c3b34e", true ] }, code=UNKNOWN_ERROR, version=6.17.0)
    at makeError (C:\Users\perum\OneDrive\Desktop\sidra\node_modules\ethers\src.ts\utils\errors.ts:698:21)
    at JsonRpcProvider.getRpcError (C:\Users\perum\OneDrive\Desktop\sidra\node_modules\ethers\src.ts\providers\provider-jsonrpc.ts:1086:25)
    at <anonymous> (C:\Users\perum\OneDrive\Desktop\sidra\node_modules\ethers\src.ts\providers\provider-jsonrpc.ts:571:45)
    at process.processTicksAndRejections (node:internal/process/task_queues:104:5)
[31m[Nest] 181104  - [39m04/09/2026, 10:27:47 pm [31m  ERROR[39m [38;5;3m[BlockchainService] [39m[31mFailed to scan USDC on BASE blocks 46379794-46384794[39m
Error: could not coalesce error (error={ "code": -32016, "message": "over rate limit" }, payload={ "id": 13607, "jsonrpc": "2.0", "method": "eth_getBlockByNumber", "params": [ "0x2c3b34e", true ] }, code=UNKNOWN_ERROR, version=6.17.0)
    at makeError (C:\Users\perum\OneDrive\Desktop\sidra\node_modules\ethers\src.ts\utils\errors.ts:698:21)
    at JsonRpcProvider.getRpcError (C:\Users\perum\OneDrive\Desktop\sidra\node_modules\ethers\src.ts\providers\provider-jsonrpc.ts:1086:25)
    at <anonymous> (C:\Users\perum\OneDrive\Desktop\sidra\node_modules\ethers\src.ts\providers\provider-jsonrpc.ts:571:45)
    at process.processTicksAndRejections (node:internal/process/task_queues:104:5)
[31m[Nest] 181104  - [39m04/09/2026, 10:27:47 pm [31m  ERROR[39m [38;5;3m[BlockchainService] [39m[31mFailed to scan USDC on BASE blocks 46379794-46384794[39m
Error: could not coalesce error (error={ "code": -32016, "message": "over rate limit" }, payload={ "id": 13607, "jsonrpc": "2.0", "method": "eth_getBlockByNumber", "params": [ "0x2c3b34e", true ] }, code=UNKNOWN_ERROR, version=6.17.0)
    at makeError (C:\Users\perum\OneDrive\Desktop\sidra\node_modules\ethers\src.ts\utils\errors.ts:698:21)
    at JsonRpcProvider.getRpcError (C:\Users\perum\OneDrive\Desktop\sidra\node_modules\ethers\src.ts\providers\provider-jsonrpc.ts:1086:25)
    at <anonymous> (C:\Users\perum\OneDrive\Desktop\sidra\node_modules\ethers\src.ts\providers\provider-jsonrpc.ts:571:45)
    at process.processTicksAndRejections (node:internal/process/task_queues:104:5)
[31m[Nest] 181104  - [39m04/09/2026, 10:27:49 pm [31m  ERROR[39m [38;5;3m[DepositsService] [39m[31mDeposit poller error on BASE[39m
Error: could not coalesce error (error={ "code": -32016, "message": "over rate limit" }, payload={ "id": 13648, "jsonrpc": "2.0", "method": "eth_blockNumber", "params": [  ] }, code=UNKNOWN_ERROR, version=6.17.0)
    at makeError (C:\Users\perum\OneDrive\Desktop\sidra\node_modules\ethers\src.ts\utils\errors.ts:698:21)
    at JsonRpcProvider.getRpcError (C:\Users\perum\OneDrive\Desktop\sidra\node_modules\ethers\src.ts\providers\provider-jsonrpc.ts:1086:25)
    at <anonymous> (C:\Users\perum\OneDrive\Desktop\sidra\node_modules\ethers\src.ts\providers\provider-jsonrpc.ts:571:45)
    at process.processTicksAndRejections (node:internal/process/task_queues:104:5)
[31m[Nest] 181104  - [39m04/09/2026, 10:28:21 pm [31m  ERROR[39m [38;5;3m[DepositsService] [39m[31mDeposit poller error on BASE[39m
Error: could not coalesce error (error={ "code": -32016, "message": "over rate limit" }, payload={ "id": 14009, "jsonrpc": "2.0", "method": "eth_blockNumber", "params": [  ] }, code=UNKNOWN_ERROR, version=6.17.0)
    at makeError (C:\Users\perum\OneDrive\Desktop\sidra\node_modules\ethers\src.ts\utils\errors.ts:698:21)
    at JsonRpcProvider.getRpcError (C:\Users\perum\OneDrive\Desktop\sidra\node_modules\ethers\src.ts\providers\provider-jsonrpc.ts:1086:25)
    at <anonymous> (C:\Users\perum\OneDrive\Desktop\sidra\node_modules\ethers\src.ts\providers\provider-jsonrpc.ts:571:45)
    at process.processTicksAndRejections (node:internal/process/task_queues:104:5)
[31m[Nest] 181104  - [39m04/09/2026, 10:28:51 pm [31m  ERROR[39m [38;5;3m[DepositsService] [39m[31mDeposit poller error on BASE[39m
Error: could not coalesce error (error={ "code": -32016, "message": "over rate limit" }, payload={ "id": 14370, "jsonrpc": "2.0", "method": "eth_blockNumber", "params": [  ] }, code=UNKNOWN_ERROR, version=6.17.0)
    at makeError (C:\Users\perum\OneDrive\Desktop\sidra\node_modules\ethers\src.ts\utils\errors.ts:698:21)
    at JsonRpcProvider.getRpcError (C:\Users\perum\OneDrive\Desktop\sidra\node_modules\ethers\src.ts\providers\provider-jsonrpc.ts:1086:25)
    at <anonymous> (C:\Users\perum\OneDrive\Desktop\sidra\node_modules\ethers\src.ts\providers\provider-jsonrpc.ts:571:45)
    at process.processTicksAndRejections (node:internal/process/task_queues:104:5)
[31m[Nest] 181104  - [39m04/09/2026, 10:29:20 pm [31m  ERROR[39m [38;5;3m[DepositsService] [39m[31mDeposit poller error on BASE[39m
Error: could not coalesce error (error={ "code": -32016, "message": "over rate limit" }, payload={ "id": 14691, "jsonrpc": "2.0", "method": "eth_blockNumber", "params": [  ] }, code=UNKNOWN_ERROR, version=6.17.0)
    at makeError (C:\Users\perum\OneDrive\Desktop\sidra\node_modules\ethers\src.ts\utils\errors.ts:698:21)
    at JsonRpcProvider.getRpcError (C:\Users\perum\OneDrive\Desktop\sidra\node_modules\ethers\src.ts\providers\provider-jsonrpc.ts:1086:25)
    at <anonymous> (C:\Users\perum\OneDrive\Desktop\sidra\node_modules\ethers\src.ts\providers\provider-jsonrpc.ts:571:45)
    at process.processTicksAndRejections (node:internal/process/task_queues:104:5)
